요구사항ID,도메인,요구사항,관계유형,관련 요구사항ID,관계 설명,요구 설명,우선순위,3사/핏지니 포함여부,대표 출처,중복 병합 출처 수,비고
REQ-MBR-001,회원관리,AI 기반 재등록 타이밍 최적화,유사연계,"REQ-STF-032, REQ-HQ-106, REQ-MKT-006, REQ-HQ-107, REQ-HQ-108, REQ-STF-026","동일 주제권이나 화면/도메인/운영 목적 차이 가능. 관련그룹=대시보드/KPI, 권한/역할, 자동알림/메시지. 예: REQ-STF-032 재등록, REQ-HQ-106 재등록률, REQ-MKT-006 CAC 최적화 AI 분석, REQ-HQ-107 재등록률 비교",시스템=; KPI=재등록 전환율 (FC); 효과=회원별 최적 재등록 타이밍을 AI가 예측하여 FC에게 알림. 정확한 타이밍 접촉으로 재등록율 50%+ 달성; 흐름=회원 이용 패턴 → AI 타이밍 예측 → FC 알림 → 상담 진행 → 재등록율 측정,,,대시보드/KPI 요구사항: lastspr/요구리스트관련자료/스포짐요구사항/DashBoard_단계별_KPI_Structure_2026_0127 - 복사본.xlsx::3. 시스템 & 운영_비용관리!R28,1,대시보드/KPI
REQ-MBR-002,회원관리,AI 상담 스크립트 실시간 추천,유사연계,"REQ-RSV-023, REQ-HQ-001, REQ-MKT-022, REQ-CLS-017, REQ-STF-028, REQ-HQ-102","동일 주제권이나 화면/도메인/운영 목적 차이 가능. 관련그룹=대시보드/KPI, 권한/역할. 예: REQ-RSV-023 시간대 추천, REQ-HQ-001 AI One-Line 추천 리스트, REQ-MKT-022 실시간 경고/알림 노출, REQ-CLS-017 PT 종료 자동 감지 및 재구매 상담 리스트 생성","시스템=4) AI 상담·세일즈북·자동 레코딩

여기서 AI는 6개월이상은 Rule base임
DB가 축적된이후 생성형 AI; KPI=신규 상담 전환율 (FC); 효과=회원 프로필 분석 기반 AI 맞춤 상담 스크립트 실시간 제공. FC 상담 품질 향상으로 전환율 35%+ 달성; 흐름=회원 프로필 → AI 분석 → 맞춤 스크립트 생성 → FC 앱 표시 → 전환율 측정",,,대시보드/KPI 요구사항: lastspr/요구리스트관련자료/스포짐요구사항/DashBoard_단계별_KPI_Structure_2026_0127 - 복사본.xlsx::3. 시스템 & 운영_비용관리!R26,1,대시보드/KPI
REQ-MBR-003,회원관리,AI 이탈 예측 및 방지 스크립트,유사연계,"REQ-HQ-001, REQ-MKT-028, REQ-HQ-098, REQ-HQ-102, REQ-STF-002, REQ-CLS-017","동일 주제권이나 화면/도메인/운영 목적 차이 가능. 관련그룹=대시보드/KPI, 권한/역할. 예: REQ-HQ-001 AI One-Line 추천 리스트, REQ-MKT-028 자동알림(이탈위험) 트리거, REQ-HQ-098 이탈률, REQ-HQ-102 자동 생성 Task 리스트",시스템=; KPI=이탈률 (Branch Manager); 효과=회원 행동 패턴 AI 분석으로 이탈 위험 조기 감지. 맞춤 방지 스크립트 제공으로 이탈률 15% 이하 달성; 흐름=회원 행동 데이터 → AI 이탈 예측 → 방지 스크립트 생성 → FC 상담 → 이탈률 측정,,,대시보드/KPI 요구사항: lastspr/요구리스트관련자료/스포짐요구사항/DashBoard_단계별_KPI_Structure_2026_0127 - 복사본.xlsx::3. 시스템 & 운영_비용관리!R30,1,대시보드/KPI
REQ-MBR-004,회원관리,AI 통합 분석(온핏 분석),유사연계,"REQ-FAC-057, REQ-FAC-004, REQ-FAC-043, REQ-APP-012, REQ-FAC-008, REQ-FAC-053","동일 주제권이나 화면/도메인/운영 목적 차이 가능. 관련그룹=체성분/인바디, 출입/키오스크/모바일. 예: REQ-FAC-057 회원 건강 연동(Health Connect), REQ-FAC-004 IoT 출입 관리(게이트·기기·알림), REQ-FAC-043 원격 제어 센터(IoT 기기), REQ-APP-012 다중 인증 체크인(QR·안면·전화)","회원관리 / 운동·활동. 3사 비교: BroJ=×, OnFit=○, LessonBook=×, FitGenie=△. 핏지니 예측 분석으로 일부 대응 (사용자 ONF-11 부분/검토)",,"BroJ=×, OnFit=○, LessonBook=×, FitGenie=△",3사앱 기능매트릭스: lastspr/요구리스트관련자료/3사앱 확인/판도/기능매트릭스 비교_v5.xlsx::기능매트릭스!R16,1,원천 기능행
REQ-MBR-005,회원관리,AT-RISK 리스트,유사연계,"REQ-HQ-002, REQ-HQ-102, REQ-HQ-028, REQ-PAY-022, REQ-OPS-005, REQ-SET-020","동일 주제권이나 화면/도메인/운영 목적 차이 가능. 관련그룹=결제/수납/분할, 회원등급/세그먼트. 예: REQ-HQ-002 AT-RISK 회수율, REQ-HQ-102 자동 생성 Task 리스트, REQ-HQ-028 Task 필터/정렬, REQ-PAY-022 레슨기록 DB Migration","Manager App > 회원 관리 > 회원 리스트. 방문 감소/운동 중단/결제 중단 위험이 있는 회원을 자동 분류한다.. Input=방문 기록, 루틴 사용량, GX/PT 출석률, 결제 패턴. Output=AT-RISK 회원 리스트, 위험도 점수. 대안=",,,스포짐 요구사항: lastspr/요구리스트관련자료/스포짐요구사항/스포짐FG_수정_공유 2025_1228.xlsx::4. (수정)VC 디스크립션!R109,1,스포짐 원천요구
REQ-MBR-006,회원관리,BroJ 사이드패널 방식 (MEM-001에 UX 명시),부분포함,,상위 화면의 탭/필터/목록/모달/입력항목으로 포함될 수 있어 화면 단위 검토 필요,PRD_01 회원관리 — 추가 필요,,,BroJ vs OnFit PRD 보완: lastspr/요구리스트관련자료/3사앱 확인/심프로/비교분석_BroJ_vs_OnFit.md::L164,1,보완필요
REQ-MBR-007,회원관리,LOST 회원 리스트,유사연계,"REQ-HQ-102, REQ-PAY-071, REQ-FAC-023, REQ-HQ-017, REQ-HQ-114, REQ-HQ-002","동일 주제권이나 화면/도메인/운영 목적 차이 가능. 관련그룹=결제/수납/분할, 회원등급/세그먼트. 예: REQ-HQ-102 자동 생성 Task 리스트, REQ-PAY-071 현장 판매(POS), REQ-FAC-023 민원 발생 트래킹, REQ-HQ-017 LTV (생애가치)","Manager App > 회원 관리 > 회원 리스트. 완전히 이탈된 회원을 기준에 따라 보여준다.. Input=만료일, 결제 중단, 방문 중단 기간. Output=LOST 리스트, 마지막 방문일. 대안=",,,스포짐 요구사항: lastspr/요구리스트관련자료/스포짐요구사항/스포짐FG_수정_공유 2025_1228.xlsx::4. (수정)VC 디스크립션!R110,1,스포짐 원천요구
REQ-MBR-008,회원관리,LTV 변화 추이,유사연계,"REQ-HQ-017, REQ-HQ-114, REQ-PAY-050, REQ-CLS-021, REQ-PAY-052, REQ-PAY-054","동일 주제권이나 화면/도메인/운영 목적 차이 가능. 관련그룹=결제/수납/분할, 회원등급/세그먼트. 예: REQ-HQ-017 LTV (생애가치), REQ-HQ-114 전체 회원 LTV, REQ-PAY-050 이용권 양도, REQ-CLS-021 PT 패키지 선택","HQ Dashboard > 캠페인/프로모션 분석 > LTV 분석. 캠페인 전/후 특정 세그먼트(LTV 상위, 신규 등)의 LTV 변화 추이를 분석한다.. Input=LTV Score, 결제 이력, 방문 패턴, 캠페인 참여 여부. Output=LTV 평균/중위수 변화, 세그먼트별 그래프. 대안=",,,스포짐 요구사항: lastspr/요구리스트관련자료/스포짐요구사항/스포짐FG_수정_공유 2025_1228.xlsx::4. (수정)VC 디스크립션!R142,1,스포짐 원천요구
REQ-MBR-009,회원관리,PT/재등록 예측 모델,유사연계,"REQ-HQ-106, REQ-HQ-108, REQ-CLS-016, REQ-HQ-036, REQ-PAY-027, REQ-CLS-021","동일 주제권이나 화면/도메인/운영 목적 차이 가능. 관련그룹=결제/수납/분할, 회원등급/세그먼트. 예: REQ-HQ-106 재등록률, REQ-HQ-108 재등록 전환율, REQ-CLS-016 PT 재구매율 비교, REQ-HQ-036 당월 재등록률 표시","Manager App > 회원 관리 > 회원 분석. AI 기반으로 회원의 PT 구매 가능성, 재등록 확률을 예측해 순위화해 보여준다.. Input=P-Score, LTV Score, 운동 패턴, 결제 이력. Output=예측 점수(0~100), 추천 액션 리스트. 대안=",,,스포짐 요구사항: lastspr/요구리스트관련자료/스포짐요구사항/스포짐FG_수정_공유 2025_1228.xlsx::4. (수정)VC 디스크립션!R112,1,스포짐 원천요구
REQ-MBR-010,회원관리,QR 출입 관리 시스템,유사연계,"REQ-RSV-008, REQ-FAC-004, REQ-HQ-043, REQ-APP-004, REQ-PAY-031, REQ-CLS-051","동일 주제권이나 화면/도메인/운영 목적 차이 가능. 관련그룹=대시보드/KPI, 자동알림/메시지, 출입/키오스크/모바일. 예: REQ-RSV-008 QR/바코드 출석, REQ-FAC-004 IoT 출입 관리(게이트·기기·알림), REQ-HQ-043 - 디지털 회원증 (QR코드 기반 출입), REQ-APP-004 QR 체크인(자가 출석)",시스템=; KPI=활성 회원 비율 (Branch Manager); 효과=QR 출입으로 회원 출석 데이터 실시간 수집. 미출석 회원 자동 감지 및 알림으로 활성 회원 70%+ 유지; 흐름=QR 출입 → 실시간 출석 기록 → 미출석 감지 → 자동 알림 → 활성 비율 측정,,,대시보드/KPI 요구사항: lastspr/요구리스트관련자료/스포짐요구사항/DashBoard_단계별_KPI_Structure_2026_0127 - 복사본.xlsx::3. 시스템 & 운영_비용관리!R22,1,대시보드/KPI
REQ-MBR-011,회원관리,가족 회원 그룹 관리,독립,,현재 기준 독립 요구사항으로 판단,"회원관리 / 회원 고급(FG). 3사 비교: BroJ=×, OnFit=×, LessonBook=×, FitGenie=○. 핏지니 가족 그룹 — 차별",,"BroJ=×, OnFit=×, LessonBook=×, FitGenie=○",3사앱 기능매트릭스: lastspr/요구리스트관련자료/3사앱 확인/판도/기능매트릭스 비교_v5.xlsx::기능매트릭스!R29,1,원천 기능행
REQ-MBR-012,회원관리,계정 생성,독립,,현재 기준 독립 요구사항으로 판단,"Member App > 가입/온보딩 > 회원가입. 전화번호/이메일 인증을 통해 회원 계정을 생성하고, 지점 선택을 완료한다.. Input=전화번호, 이메일, 인증코드, 비밀번호, 지점ID. Output=회원 계정 생성 결과, 회원ID, 가입 완료 상태. 대안=",,,스포짐 요구사항: lastspr/요구리스트관련자료/스포짐요구사항/스포짐FG_수정_공유 2025_1228.xlsx::4. (수정)VC 디스크립션!R63,1,스포짐 원천요구
REQ-MBR-013,회원관리,기본정보 조회·수정,부분포함,,상위 화면의 탭/필터/목록/모달/입력항목으로 포함될 수 있어 화면 단위 검토 필요,"회원관리 / 회원 상세. 3사 비교: BroJ=○, OnFit=○, LessonBook=○, FitGenie=○. 핏지니 회원 상세 15개 탭",,"BroJ=○, OnFit=○, LessonBook=○, FitGenie=○",3사앱 기능매트릭스: lastspr/요구리스트관련자료/3사앱 확인/판도/기능매트릭스 비교_v5.xlsx::기능매트릭스!R8,1,원천 기능행
REQ-MBR-014,회원관리,내 담당 회원 리스트,유사연계,"REQ-HQ-102, REQ-FAC-023, REQ-MKT-019, REQ-HQ-114, REQ-HQ-084, REQ-MBR-007","동일 주제권이나 화면/도메인/운영 목적 차이 가능. 관련그룹=회원등급/세그먼트. 예: REQ-HQ-102 자동 생성 Task 리스트, REQ-FAC-023 민원 발생 트래킹, REQ-MKT-019 상담 관리 (CRM), REQ-HQ-114 전체 회원 LTV","Staff App > 회원 관리 > 회원 리스트. 직원에게 배정된 담당 회원 목록을 보여주고, 검색/필터(PT 회원, 신규, AT-RISK 등)가 가능하다.. Input=직원ID, 회원-담당자 매핑, 회원 세그먼트 정보. Output=담당 회원 리스트, 세그먼트별 카운트(PT/신규/AT-RISK 등). 대안=",,,스포짐 요구사항: lastspr/요구리스트관련자료/스포짐요구사항/스포짐FG_수정_공유 2025_1228.xlsx::4. (수정)VC 디스크립션!R75,1,스포짐 원천요구
REQ-MBR-015,회원관리,담당 트레이너 지정,유사연계,"REQ-STF-049, REQ-CLS-053, REQ-STF-048, REQ-STF-051, REQ-STF-050, REQ-STF-053","동일 주제권이나 화면/도메인/운영 목적 차이 가능. 관련그룹=권한/역할. 예: REQ-STF-049 트레이너 실적 정산, REQ-CLS-053 트레이너 실적, REQ-STF-048 트레이너 OT, REQ-STF-051 트레이너 태그","회원관리 / 회원 등록. 3사 비교: BroJ=○, OnFit=○, LessonBook=△, FitGenie=○. 핏지니 회원 상세 기본 필드",,"BroJ=○, OnFit=○, LessonBook=△, FitGenie=○",3사앱 기능매트릭스: lastspr/요구리스트관련자료/3사앱 확인/판도/기능매트릭스 비교_v5.xlsx::기능매트릭스!R6,1,원천 기능행
REQ-MBR-016,회원관리,데이터 인사이트,유사연계,"REQ-FAC-039, REQ-HQ-100, REQ-HQ-138, REQ-MKT-028, REQ-HQ-098, REQ-SET-024","동일 주제권이나 화면/도메인/운영 목적 차이 가능. 관련그룹=대시보드/KPI. 예: REQ-FAC-039 오프라인 운영 데이터 통합, REQ-HQ-100 인센티브/피드백 힌트, REQ-HQ-138 트레이너 실적 리포트, REQ-MKT-028 자동알림(이탈위험) 트리거","KPI, 액션 큐, 상담, 재등록, OT 데이터를 기반으로 시스템이 증감/원인/다음 액션을 보여주는 영역. / AI가 자동 작성하는 개념은 아니며, 지표 조건에 따라 문구/원인/다음 액션이 노출되는 방식. / 어떤 값/조건에서 어떤 코멘트가 나오는지 정의가 필요.",,,회의록: lastspr/요구리스트관련자료/회의록/260518.md::L39,1,회의결정/논의
REQ-MBR-017,회원관리,리드 목록(유입경로·단계·담당자),부분포함,,상위 화면의 탭/필터/목록/모달/입력항목으로 포함될 수 있어 화면 단위 검토 필요,"회원관리 / 리드 CRM(FG). 3사 비교: BroJ=△, OnFit=×, LessonBook=×, FitGenie=○. 핏지니 리드 관리",,"BroJ=△, OnFit=×, LessonBook=×, FitGenie=○",3사앱 기능매트릭스: lastspr/요구리스트관련자료/3사앱 확인/판도/기능매트릭스 비교_v5.xlsx::기능매트릭스!R31,1,원천 기능행
REQ-MBR-018,회원관리,리포트,부분포함,,상위 화면의 탭/필터/목록/모달/입력항목으로 포함될 수 있어 화면 단위 검토 필요,"상담 퍼널 리포트는 기간, 지점, 담당자, 유입경로, 상담 단계, 등록 전환 여부 등을 기준으로 보는 것으로 우선 이해. / 별도 전환 분석 모듈인지 단순 리포트 필터인지 추가 협의 필요.",,,회의록: lastspr/요구리스트관련자료/회의록/260518.md::L70,1,회의결정/논의
REQ-MBR-019,회원관리,방문 목록,부분포함,,상위 화면의 탭/필터/목록/모달/입력항목으로 포함될 수 있어 화면 단위 검토 필요,"회원관리 / 방문·출석. 3사 비교: BroJ=○, OnFit=○, LessonBook=△, FitGenie=△. 월별 방문 차트(MFN-521)·회원 목록 일부 / 전용 '방문 목록' 화면은 약함 (사용자 ONF-14 부분/검토)",,"BroJ=○, OnFit=○, LessonBook=△, FitGenie=△",3사앱 기능매트릭스: lastspr/요구리스트관련자료/3사앱 확인/판도/기능매트릭스 비교_v5.xlsx::기능매트릭스!R21,1,원천 기능행
REQ-MBR-020,회원관리,방문율 분석,유사연계,"REQ-FAC-050, REQ-APP-037, REQ-RSV-008, REQ-RSV-043, REQ-RSV-011, REQ-APP-004","동일 주제권이나 화면/도메인/운영 목적 차이 가능. 관련그룹=출입/키오스크/모바일. 예: REQ-FAC-050 청소 인증률 분석, REQ-APP-037 출석 이력 조회, REQ-RSV-008 QR/바코드 출석, REQ-RSV-043 출석 QR 체크인","Manager App > 회원 관리 > 회원 분석. 지점 전체 방문율/요일별 방문 패턴을 분석하고 문제 요일을 표시한다.. Input=출입 기록, 요일/시간대 데이터. Output=방문율 %, 문제 요일/시간대 표시. 대안=",,,스포짐 요구사항: lastspr/요구리스트관련자료/스포짐요구사항/스포짐FG_수정_공유 2025_1228.xlsx::4. (수정)VC 디스크립션!R111,1,스포짐 원천요구
REQ-MBR-021,회원관리,방문 이력,중복병합,,동일 또는 사실상 같은 요구를 2개 출처에서 병합. 관련그룹=-,"회원관리 / 방문·출석. 3사 비교: BroJ=○, OnFit=○, LessonBook=△, FitGenie=△. 월별 방문 라인 차트만 명시 / 회원별 방문 이력 상세는 약함 (사용자 ONF-14 부분/검토) / 회원. 일별·기간별 방문 통계. 출처=온핏",P1,"BroJ=○, OnFit=○, LessonBook=△, FitGenie=△",3사앱 기능매트릭스: lastspr/요구리스트관련자료/3사앱 확인/판도/기능매트릭스 비교_v5.xlsx::기능매트릭스!R22 | 3사앱 통합기획 DOCX: lastspr/요구리스트관련자료/3사앱 확인/심프로/통합_헬스장_관리시스템_기획문서.docx::기능항목표 R4,2,원천 기능행
REQ-MBR-022,회원관리,법인 회원권,유사연계,"REQ-CLS-051, REQ-APP-042, REQ-APP-031, REQ-APP-028, REQ-APP-021, REQ-HQ-043","동일 주제권이나 화면/도메인/운영 목적 차이 가능. 관련그룹=자동알림/메시지, 출입/키오스크/모바일. 예: REQ-CLS-051 출석 QR 체크인(회원 자가 출석), REQ-APP-042 회원 홈 대시보드, REQ-APP-031 체성분/FMS 조회, REQ-APP-028 실시간 입장·회원 식별","기명: 회원을 지정해 일반 회원처럼 관리. / 무기명: 회사 단위로 일괄 계약하고, QR/번호 등을 공유해 입장하는 방식. / 무기명은 일일 이용 가능 인원 수 제한과 카운팅 필요. / 제한 초과 시 CRM/점장/담당자에게 알림이 가는 구조가 필요. / 회원앱에서 잔여 인원까지 보여줄지는 1.0 범위를 넘길 수 있어 우선순위 조정 필요.",,,회의록: lastspr/요구리스트관련자료/회의록/260519.md::L57,1,회의결정/논의
REQ-MBR-023,회원관리,빠른 액션 버튼,유사연계,"REQ-APP-019, REQ-HQ-048, REQ-HQ-070, REQ-CLS-021, REQ-CLS-047, REQ-PAY-032","동일 주제권이나 화면/도메인/운영 목적 차이 가능. 관련그룹=회원등급/세그먼트. 예: REQ-APP-019 멤버십 등급 조회, REQ-HQ-048 마케팅 자동화 플랫폼
 : 고객 세그먼트별 자동 캠페인 실행
A/B 테스트 시스템
 : 프로모션 메시지 및 채널별 효과 자동 비교
개인화 엔진
 : 회원 활동 패턴 기반 맞춤형 상품 추천
리타겟팅 시스템
 : 이탈 고객 대상 자동 재방문 유도 캠페인, REQ-HQ-070 스마트 리워드 시스템
 : 출석 시마다 1,000원 상당 포인트 자동 적립
등급별 차별화
 : 100만원 이상 회원 대상 프리미엄 혜택
게이미피케이션
 : 출석 스트릭, 도전 과제, 랭킹 시스템 도입
포인트 활용
 : 부가 서비스, 상품 구매, 회원권 연장 등, REQ-CLS-021 PT 패키지 선택","Staff App > 회원 관리 > 회원 상세. 전화/문자/카카오톡, PT 추천, GX 추천, 재등록 상담 예약 등 주요 액션을 원클릭으로 실행할 수 있다.. Input=회원 연락처, 선호 채널, 회원ID, 현재 상태(AT-RISK/재등록 등), 직원ID. Output=발송/예약 결과, 커뮤니케이션 로그, 상담 예약 레코드. 대안=",,,스포짐 요구사항: lastspr/요구리스트관련자료/스포짐요구사항/스포짐FG_수정_공유 2025_1228.xlsx::4. (수정)VC 디스크립션!R78,1,스포짐 원천요구
REQ-MBR-024,회원관리,상담 내역 관리,독립,,현재 기준 독립 요구사항으로 판단,"회원관리 / 상담 관리. 3사 비교: BroJ=○, OnFit=○, LessonBook=△, FitGenie=○. 핏지니 리드 관리(잠재 고객 + 칸반 DnD)",,"BroJ=○, OnFit=○, LessonBook=△, FitGenie=○",3사앱 기능매트릭스: lastspr/요구리스트관련자료/3사앱 확인/판도/기능매트릭스 비교_v5.xlsx::기능매트릭스!R17,1,원천 기능행
REQ-MBR-025,회원관리,상담/메모 기록 보기/추가,독립,,현재 기준 독립 요구사항으로 판단,"Staff App > 회원 관리 > 메모/히스토리. 회원별 상담 내용, 민원, 목표 변경, 특별 요청사항 등을 시간순으로 보고 새 메모를 추가할 수 있다.. Input=회원ID, 직원ID, 메모 텍스트, 상담 유형, 작성 시간. Output=상담 히스토리 리스트, 신규 메모 레코드. 대안=",,,스포짐 요구사항: lastspr/요구리스트관련자료/스포짐요구사항/스포짐FG_수정_공유 2025_1228.xlsx::4. (수정)VC 디스크립션!R79,1,스포짐 원천요구
REQ-MBR-026,회원관리,상담 예약 관리,독립,,현재 기준 독립 요구사항으로 판단,"회원관리 / 상담 관리. 3사 비교: BroJ=○, OnFit=△, LessonBook=△, FitGenie=○. 핏지니 리드 칸반",,"BroJ=○, OnFit=△, LessonBook=△, FitGenie=○",3사앱 기능매트릭스: lastspr/요구리스트관련자료/3사앱 확인/판도/기능매트릭스 비교_v5.xlsx::기능매트릭스!R18,1,원천 기능행
REQ-MBR-027,회원관리,상담 자동 녹음 및 요약,유사연계,"REQ-FAC-045, REQ-HQ-086, REQ-RSV-014, REQ-STF-021, REQ-HQ-063, REQ-SET-005","동일 주제권이나 화면/도메인/운영 목적 차이 가능. 관련그룹=대시보드/KPI, 권한/역할. 예: REQ-FAC-045 장비 고장 자동 감지 및 신고, REQ-HQ-086 업무일지 자동 생성 및 분석, REQ-RSV-014 노쇼 15분 자동 감지 및 알림, REQ-STF-021 담당자별 성과",시스템=; KPI=리드 누락률 (FC); 효과=모든 상담 자동 녹음 및 AI 요약으로 상담 내용 100% 기록. 후속 조치 누락 방지로 리드 누락률 3% 이하 달성; 흐름=상담 진행 → 자동 녹음 → AI 요약 생성 → CRM 자동 기록 → 누락률 측정,,,대시보드/KPI 요구사항: lastspr/요구리스트관련자료/스포짐요구사항/DashBoard_단계별_KPI_Structure_2026_0127 - 복사본.xlsx::3. 시스템 & 운영_비용관리!R27,1,대시보드/KPI
REQ-MBR-028,회원관리,상담 퍼널,부분포함,,상위 화면의 탭/필터/목록/모달/입력항목으로 포함될 수 있어 화면 단위 검토 필요,"상담 기록을 남기고 전화문의/방문문의 등 유입 및 상담 단계, 등록 전환 여부를 필터링/표시하는 기능으로 이해. / 큰 이견은 없으나 용어가 생소할 수 있어 생소한 용어에 대해서는 카톡 등으로 즉시 질의하기로 함.",,,회의록: lastspr/요구리스트관련자료/회의록/260518.md::L23,1,회의결정/논의
REQ-MBR-029,회원관리,설문조사 관리,부분포함,,상위 화면의 탭/필터/목록/모달/입력항목으로 포함될 수 있어 화면 단위 검토 필요,"회원관리 / 회원 상세. 3사 비교: BroJ=×, OnFit=○, LessonBook=×, FitGenie=○. 핏지니 회원 상세 15탭에 설문 포함 (사용자 ONF-07 포함)",,"BroJ=×, OnFit=○, LessonBook=×, FitGenie=○",3사앱 기능매트릭스: lastspr/요구리스트관련자료/3사앱 확인/판도/기능매트릭스 비교_v5.xlsx::기능매트릭스!R12,1,원천 기능행
REQ-MBR-030,회원관리,세그먼트 자동 판정/조건 빌더,유사연계,"REQ-MBR-049, REQ-MBR-033, REQ-MBR-065, REQ-APP-019, REQ-STF-031, REQ-HQ-102","동일 주제권이나 화면/도메인/운영 목적 차이 가능. 관련그룹=회원등급/세그먼트. 예: REQ-MBR-049 재등록 대상 자동 추출, REQ-MBR-033 신규 등록(잠재) 회원 풀 관리, REQ-MBR-065 회원 등급 체계 관리, REQ-APP-019 멤버십 등급 조회","회원관리 / 회원 고급(FG). 3사 비교: BroJ=×, OnFit=×, LessonBook=×, FitGenie=○. 핏지니 조건 빌더 기반 자동 분류",,"BroJ=×, OnFit=×, LessonBook=×, FitGenie=○",3사앱 기능매트릭스: lastspr/요구리스트관련자료/3사앱 확인/판도/기능매트릭스 비교_v5.xlsx::기능매트릭스!R26,1,원천 기능행
REQ-MBR-031,회원관리,세일즈북 자동 업데이트,유사연계,"REQ-MKT-028, REQ-MKT-027, REQ-HQ-086, REQ-HQ-102, REQ-HQ-087, REQ-SET-027","동일 주제권이나 화면/도메인/운영 목적 차이 가능. 관련그룹=대시보드/KPI, 권한/역할. 예: REQ-MKT-028 자동알림(이탈위험) 트리거, REQ-MKT-027 자동알림(신규) 트리거, REQ-HQ-086 업무일지 자동 생성 및 분석, REQ-HQ-102 자동 생성 Task 리스트",시스템=; KPI=신규 전환율 (Branch Manager); 효과=성공 상담 패턴 AI 학습 및 세일즈북 자동 업데이트. 전사 상담 품질 표준화로 지점 신규 전환율 35%+ 달성; 흐름=상담 데이터 → AI 패턴 학습 → 세일즈북 업데이트 → FC 교육 → 전환율 측정,,,대시보드/KPI 요구사항: lastspr/요구리스트관련자료/스포짐요구사항/DashBoard_단계별_KPI_Structure_2026_0127 - 복사본.xlsx::3. 시스템 & 운영_비용관리!R29,1,대시보드/KPI
REQ-MBR-032,회원관리,신규/AT-RISK/재등록 탭,유사연계,"REQ-HQ-002, REQ-HQ-106, REQ-HQ-108, REQ-HQ-028, REQ-HQ-084, REQ-HQ-102","동일 주제권이나 화면/도메인/운영 목적 차이 가능. 관련그룹=회원등급/세그먼트. 예: REQ-HQ-002 AT-RISK 회수율, REQ-HQ-106 재등록률, REQ-HQ-108 재등록 전환율, REQ-HQ-028 Task 필터/정렬","Staff App > 회원 관리 > 회원 리스트. 신규 30일 이내, AT-RISK, 재등록 D-14/D-7/D-1 대상자를 탭/필터로 빠르게 전환해 볼 수 있다.. Input=회원 세그먼트 플래그(신규/AT-RISK/재등록), 지점ID, 직원ID. Output=세그먼트별 회원 리스트, 각 그룹 인원 수. 대안=",,,스포짐 요구사항: lastspr/요구리스트관련자료/스포짐요구사항/스포짐FG_수정_공유 2025_1228.xlsx::4. (수정)VC 디스크립션!R76,1,스포짐 원천요구
REQ-MBR-033,회원관리,신규 등록(잠재) 회원 풀 관리,유사연계,"REQ-MBR-030, REQ-MBR-049, REQ-HQ-084, REQ-APP-019, REQ-HQ-106, REQ-HQ-108","동일 주제권이나 화면/도메인/운영 목적 차이 가능. 관련그룹=회원등급/세그먼트. 예: REQ-MBR-030 세그먼트 자동 판정/조건 빌더, REQ-MBR-049 재등록 대상 자동 추출, REQ-HQ-084 신규 회원 획득 비용 (CAC), REQ-APP-019 멤버십 등급 조회","회원관리 / 상담 관리. 3사 비교: BroJ=○, OnFit=△, LessonBook=×, FitGenie=○. 핏지니 리드 + 세그먼트",,"BroJ=○, OnFit=△, LessonBook=×, FitGenie=○",3사앱 기능매트릭스: lastspr/요구리스트관련자료/3사앱 확인/판도/기능매트릭스 비교_v5.xlsx::기능매트릭스!R19,1,원천 기능행
REQ-MBR-034,회원관리,신규 온보딩 성공률 분석,독립,,현재 기준 독립 요구사항으로 판단,"HQ Dashboard > 캠페인/프로모션 분석 > 캠페인 메인. 캠페인 기간 동안 신규 회원 온보딩(30일 정착) 성공률을 분석한다.. Input=캠페인 ID, 신규 회원 플래그, 온보딩 데이터. Output=캠페인별 온보딩 성공률, 컨트롤 대비 향상도. 대안=",,,스포짐 요구사항: lastspr/요구리스트관련자료/스포짐요구사항/스포짐FG_수정_공유 2025_1228.xlsx::4. (수정)VC 디스크립션!R139,1,스포짐 원천요구
REQ-MBR-035,회원관리,신규 회원 등록(이름·전화·성별·생년월일),독립,,현재 기준 독립 요구사항으로 판단,"회원관리 / 회원 등록. 3사 비교: BroJ=○, OnFit=○, LessonBook=○, FitGenie=○. BroJ modal_05~07 / OnFit modal_01 / 핏지니 회원 등록 Step 1·2",,"BroJ=○, OnFit=○, LessonBook=○, FitGenie=○",3사앱 기능매트릭스: lastspr/요구리스트관련자료/3사앱 확인/판도/기능매트릭스 비교_v5.xlsx::기능매트릭스!R4,1,원천 기능행
REQ-MBR-036,회원관리,신규 회원 리스트,독립,,현재 기준 독립 요구사항으로 판단,"Manager App > 회원 관리 > 회원 리스트. 지점 신규 회원을 30일 정착관리 기준으로 모아 보여준다.. Input=회원 가입일, 방문 기록, 온보딩 기록. Output=신규 회원 리스트, 정착 상태 태그. 대안=",,,스포짐 요구사항: lastspr/요구리스트관련자료/스포짐요구사항/스포짐FG_수정_공유 2025_1228.xlsx::4. (수정)VC 디스크립션!R108,1,스포짐 원천요구
REQ-MBR-037,회원관리,신체정보(키·몸무게) 관리,부분포함,,상위 화면의 탭/필터/목록/모달/입력항목으로 포함될 수 있어 화면 단위 검토 필요,"회원관리 / 회원 상세. 3사 비교: BroJ=×, OnFit=○, LessonBook=×, FitGenie=○. 핏지니 신체정보 등록 + 차트 (사용자 ONF-04 포함)",,"BroJ=×, OnFit=○, LessonBook=×, FitGenie=○",3사앱 기능매트릭스: lastspr/요구리스트관련자료/3사앱 확인/판도/기능매트릭스 비교_v5.xlsx::기능매트릭스!R9,1,원천 기능행
REQ-MBR-038,회원관리,약관·개인정보 동의 처리,유사연계,"REQ-PAY-047, REQ-PAY-056, REQ-STF-013, REQ-PAY-019, REQ-OPS-002, REQ-STF-018","동일 주제권이나 화면/도메인/운영 목적 차이 가능. 관련그룹=전자계약/서명. 예: REQ-PAY-047 약관·서명 영역, REQ-PAY-056 전자 계약서, REQ-STF-013 근로계약서 관리, REQ-PAY-019 결제 후 수기 정보 입력 UX","회원관리 / 회원 등록. 3사 비교: BroJ=○, OnFit=○, LessonBook=△, FitGenie=○. 핏지니 전자계약 5단계 위자드",,"BroJ=○, OnFit=○, LessonBook=△, FitGenie=○",3사앱 기능매트릭스: lastspr/요구리스트관련자료/3사앱 확인/판도/기능매트릭스 비교_v5.xlsx::기능매트릭스!R7,1,원천 기능행
REQ-MBR-039,회원관리,온보딩 요약 및 첫 루틴 제안,부분포함,,상위 화면의 탭/필터/목록/모달/입력항목으로 포함될 수 있어 화면 단위 검토 필요,"Member App > 가입/온보딩 > 온보딩 완료. 입력한 정보를 요약해 보여주고, “첫 30일 온보딩 루틴”과 OT1/OT2 예약을 함께 제안한다.. Input=온보딩 설문 전체 데이터, 지점/스케줄 정보. Output=온보딩 요약 화면, 첫 30일 루틴 제안, OT1/OT2 추천 시간. 대안=",,,스포짐 요구사항: lastspr/요구리스트관련자료/스포짐요구사항/스포짐FG_수정_공유 2025_1228.xlsx::4. (수정)VC 디스크립션!R66,1,스포짐 원천요구
REQ-MBR-040,회원관리,온보딩/프리온보딩,유사연계,"REQ-HQ-150, REQ-STF-038, REQ-SET-008, REQ-HQ-037, REQ-STF-012, REQ-SET-016","동일 주제권이나 화면/도메인/운영 목적 차이 가능. 관련그룹=권한/역할. 예: REQ-HQ-150 - 회원 정보 통합 관리
 (기본 정보, 회원권, PT/GX 내역, 상담 기록), REQ-STF-038 직원 관리, REQ-SET-008 권한 관리, REQ-HQ-037 대시보드","프리온보딩은 리드/마케팅/상담 전환 관리와 연결됨. / 현재 구글시트/엑셀로 관리하는 흐름을 CRM 안으로 넣는 것이 중요. / 신규은 신규/휴면, 재등록은 만료 임박/만료 등으로 FC가 쓰는 용어에 맞게 구성하는 것이 좋음. / 전화번호 기반으로 N차 온보딩을 관리하는 흐름 필요. / 1차/2차 유입경로, 상담, 등록 전환율과 연결되어야 함.",,,회의록: lastspr/요구리스트관련자료/회의록/260519.md::L96,1,회의결정/논의
REQ-MBR-041,회원관리,운동 목적/성향 입력,부분포함,,상위 화면의 탭/필터/목록/모달/입력항목으로 포함될 수 있어 화면 단위 검토 필요,"Member App > 가입/온보딩 > 온보딩 설문. 감량/근비대/체형교정/통증/체력 등 운동 목적과, 성향(코칭 선호/조용한 운동 등)을 설문으로 수집한다.. Input=회원ID, 운동 목적 선택값, 운동 성향 선택값. Output=회원 목적/성향 태그, 온보딩 진행 상태. 대안=",,,스포짐 요구사항: lastspr/요구리스트관련자료/스포짐요구사항/스포짐FG_수정_공유 2025_1228.xlsx::4. (수정)VC 디스크립션!R64,1,스포짐 원천요구
REQ-MBR-042,회원관리,운동 영상 촬영/업로드,독립,,현재 기준 독립 요구사항으로 판단,"Member App > UGC/영상 > 내 영상 업로드. 회원이 자신의 운동 자세 영상을 15~30초로 촬영·업로드하고, 교정 요청을 남길 수 있다.. Input=회원ID, 영상 파일, 운동 타입, 교정 요청 여부. Output=업로드된 영상 메타데이터, UGC 기록, 저장 위치(URL). 대안=",,,스포짐 요구사항: lastspr/요구리스트관련자료/스포짐요구사항/스포짐FG_수정_공유 2025_1228.xlsx::4. (수정)VC 디스크립션!R44,1,스포짐 원천요구
REQ-MBR-043,회원관리,운동 요약 보여주기,유사연계,"REQ-HQ-063, REQ-PAY-026, REQ-PAY-056, REQ-HQ-052, REQ-PAY-021, REQ-PAY-047","동일 주제권이나 화면/도메인/운영 목적 차이 가능. 관련그룹=결제/수납/분할. 예: REQ-HQ-063 손익 요약 보기, REQ-PAY-026 매출 구성 보기, REQ-PAY-056 전자 계약서, REQ-HQ-052 - 모바일 앱을 통한 실시간 클래스 예약/대기/취소","Member App > 결제/재등록 > 재등록 추천. 재등록 화면에서 지난 이용 횟수, GX/루틴 참여, PT 기록 등을 요약해 “여기까지의 성과”를 보여준다.. Input=회원 방문 기록, GX/루틴/스트레칭/PT 기록. Output=요약 리포트(이용 횟수/참여 비율/성과 강조 문구). 대안=",,,스포짐 요구사항: lastspr/요구리스트관련자료/스포짐요구사항/스포짐FG_수정_공유 2025_1228.xlsx::4. (수정)VC 디스크립션!R52,1,스포짐 원천요구
REQ-MBR-044,회원관리,운동 이력 조회,부분포함,,상위 화면의 탭/필터/목록/모달/입력항목으로 포함될 수 있어 화면 단위 검토 필요,"회원관리 / 운동·활동. 3사 비교: BroJ=×, OnFit=○, LessonBook=×, FitGenie=○. 핏지니 회원 상세 15탭 (사용자 ONF-09 포함)",,"BroJ=×, OnFit=○, LessonBook=×, FitGenie=○",3사앱 기능매트릭스: lastspr/요구리스트관련자료/3사앱 확인/판도/기능매트릭스 비교_v5.xlsx::기능매트릭스!R14,1,원천 기능행
REQ-MBR-045,회원관리,운동 프로그램 배정,독립,,현재 기준 독립 요구사항으로 판단,"회원관리 / 운동·활동. 3사 비교: BroJ=×, OnFit=○, LessonBook=×, FitGenie=○. 핏지니 운동 프로그램 관리",,"BroJ=×, OnFit=○, LessonBook=×, FitGenie=○",3사앱 기능매트릭스: lastspr/요구리스트관련자료/3사앱 확인/판도/기능매트릭스 비교_v5.xlsx::기능매트릭스!R13,1,원천 기능행
REQ-MBR-046,회원관리,체성분(InBody) 관리,유사연계,"REQ-FAC-057, REQ-OPS-014, REQ-APP-012, REQ-FAC-008, REQ-FAC-004, REQ-FAC-043","동일 주제권이나 화면/도메인/운영 목적 차이 가능. 관련그룹=체성분/인바디, 출입/키오스크/모바일. 예: REQ-FAC-057 회원 건강 연동(Health Connect), REQ-OPS-014 체성분 관리, REQ-APP-012 다중 인증 체크인(QR·안면·전화), REQ-FAC-008 골프/고정 물품 락커","회원관리 / 회원 상세. 3사 비교: BroJ=×, OnFit=○, LessonBook=×, FitGenie=○. 핏지니 회원 건강 연동 + 체성분 통합 관리",,"BroJ=×, OnFit=○, LessonBook=×, FitGenie=○",3사앱 기능매트릭스: lastspr/요구리스트관련자료/3사앱 확인/판도/기능매트릭스 비교_v5.xlsx::기능매트릭스!R10,1,원천 기능행
REQ-MBR-047,회원관리,인바디 리포트 보기,유사연계,"REQ-OPS-014, REQ-APP-031, REQ-CLS-018, REQ-APP-001, REQ-CLS-002, REQ-CLS-022","동일 주제권이나 화면/도메인/운영 목적 차이 가능. 관련그룹=체성분/인바디. 예: REQ-OPS-014 체성분 관리, REQ-APP-031 체성분/FMS 조회, REQ-CLS-018 PT 진행 요약 보기, REQ-APP-001 AI 스트레칭 루틴 호출","Member App > AI 진단 리포트 > 리포트 메인. 최근 인바디 측정 결과(체지방, 근육량 등)와 이전 대비 변화 그래프를 보여준다.. Input=회원ID, 인바디 측정 데이터 이력. Output=최근 인바디 수치, 변화 그래프용 데이터셋. 대안=",,,스포짐 요구사항: lastspr/요구리스트관련자료/스포짐요구사항/스포짐FG_수정_공유 2025_1228.xlsx::4. (수정)VC 디스크립션!R24,1,스포짐 원천요구
REQ-MBR-048,회원관리,일일 입장 판매 등록,독립,,현재 기준 독립 요구사항으로 판단,회원. 현장 일일 이용 등록. 출처=온핏,P1,,3사앱 통합기획 DOCX: lastspr/요구리스트관련자료/3사앱 확인/심프로/통합_헬스장_관리시스템_기획문서.docx::기능항목표 R6,1,3사 앱 기능요약
REQ-MBR-049,회원관리,재등록 대상 자동 추출,유사연계,"REQ-MBR-030, REQ-HQ-106, REQ-MBR-033, REQ-MBR-065, REQ-HQ-108, REQ-STF-031","동일 주제권이나 화면/도메인/운영 목적 차이 가능. 관련그룹=회원등급/세그먼트. 예: REQ-MBR-030 세그먼트 자동 판정/조건 빌더, REQ-HQ-106 재등록률, REQ-MBR-033 신규 등록(잠재) 회원 풀 관리, REQ-MBR-065 회원 등급 체계 관리","회원관리 / 상담 관리. 3사 비교: BroJ=○, OnFit=△, LessonBook=×, FitGenie=○. 핏지니 세그먼트 관리(조건 빌더)",,"BroJ=○, OnFit=△, LessonBook=×, FitGenie=○",3사앱 기능매트릭스: lastspr/요구리스트관련자료/3사앱 확인/판도/기능매트릭스 비교_v5.xlsx::기능매트릭스!R20,1,원천 기능행
REQ-MBR-050,회원관리,재등록 추천 플랜 3종,유사연계,"REQ-HQ-106, REQ-HQ-108, REQ-HQ-036, REQ-CLS-047, REQ-HQ-109, REQ-APP-019","동일 주제권이나 화면/도메인/운영 목적 차이 가능. 관련그룹=결제/수납/분할, 회원등급/세그먼트. 예: REQ-HQ-106 재등록률, REQ-HQ-108 재등록 전환율, REQ-HQ-036 당월 재등록률 표시, REQ-CLS-047 완강/재구매 추천 표시","Member App > 결제/재등록 > 재등록 추천. 만료 D-14/D-7/D-1 시점에 AI 추천 BEST, 균형형, 경제형 재등록 플랜을 제시한다.. Input=회원 만료일, 방문/이용 패턴, 결제 이력, LTV Score. Output=추천 재등록 플랜 3종, 예상 혜택/가격 정보. 대안=",,,스포짐 요구사항: lastspr/요구리스트관련자료/스포짐요구사항/스포짐FG_수정_공유 2025_1228.xlsx::4. (수정)VC 디스크립션!R51,1,스포짐 원천요구
REQ-MBR-051,회원관리,종합 평가·측정,부분포함,,상위 화면의 탭/필터/목록/모달/입력항목으로 포함될 수 있어 화면 단위 검토 필요,"회원관리 / 회원 상세. 3사 비교: BroJ=×, OnFit=○, LessonBook=×, FitGenie=○. 핏지니 종합평가 등록 다이얼로그 (사용자 ONF-06 포함)",,"BroJ=×, OnFit=○, LessonBook=×, FitGenie=○",3사앱 기능매트릭스: lastspr/요구리스트관련자료/3사앱 확인/판도/기능매트릭스 비교_v5.xlsx::기능매트릭스!R11,1,원천 기능행
REQ-MBR-052,회원관리,중복 전화번호 검증,독립,,현재 기준 독립 요구사항으로 판단,"회원관리 / 회원 등록. 3사 비교: BroJ=○, OnFit=△, LessonBook=×, FitGenie=△. 핏지니 MBR-03 Step 1에서 통상 검증 처리",,"BroJ=○, OnFit=△, LessonBook=×, FitGenie=△",3사앱 기능매트릭스: lastspr/요구리스트관련자료/3사앱 확인/판도/기능매트릭스 비교_v5.xlsx::기능매트릭스!R5,1,원천 기능행
REQ-MBR-053,회원관리,중복 전화번호 체크,독립,,현재 기준 독립 요구사항으로 판단,1. 회원 관리. BroJ=★★★ 등록 중 실시간 확인 + 기존 회원 링크 제공; OnFit=★★ (등록 시 체크); FitPlat 결정=**BroJ** 방식 (링크 제공),,,BroJ vs OnFit 비교분석: lastspr/요구리스트관련자료/3사앱 확인/심프로/비교분석_BroJ_vs_OnFit.md::L32,1,경쟁사 비교/채택전략
REQ-MBR-054,회원관리,즉시 전자서명,유사연계,"REQ-STF-034, REQ-PAY-056, REQ-STF-033, REQ-PAY-047, REQ-GEN-044, REQ-STF-003","동일 주제권이나 화면/도메인/운영 목적 차이 가능. 관련그룹=전자계약/서명. 예: REQ-STF-034 전자 계약 (전자서명), REQ-PAY-056 전자 계약서, REQ-STF-033 전자계약서 유형, REQ-PAY-047 약관·서명 영역",1. 회원 관리. BroJ=★★★ 계약 직후 태블릿 서명; OnFit=★★ (별도 프로세스); FitPlat 결정=**BroJ** 방식 채택,,,BroJ vs OnFit 비교분석: lastspr/요구리스트관련자료/3사앱 확인/심프로/비교분석_BroJ_vs_OnFit.md::L35,1,경쟁사 비교/채택전략
REQ-MBR-055,회원관리,차트북(시계열 분석),유사연계,"REQ-MKT-024, REQ-APP-001, REQ-CLS-002, REQ-CLS-018, REQ-CLS-022, REQ-FAC-057","동일 주제권이나 화면/도메인/운영 목적 차이 가능. 관련그룹=체성분/인바디. 예: REQ-MKT-024 위험 분석 및 경고, REQ-APP-001 AI 스트레칭 루틴 호출, REQ-CLS-002 AI 루틴 자동 생성, REQ-CLS-018 PT 진행 요약 보기","회원관리 / 운동·활동. 3사 비교: BroJ=×, OnFit=○, LessonBook=×, FitGenie=×. 산출물 원문 기준 OnFit '차트북 탭' 동일 명세 없음. 체성분 차트는 별도 존재. (사용자 ONF-10 누락 / v3은 ○로 잘못 매핑)",,"BroJ=×, OnFit=○, LessonBook=×, FitGenie=×",3사앱 기능매트릭스: lastspr/요구리스트관련자료/3사앱 확인/판도/기능매트릭스 비교_v5.xlsx::기능매트릭스!R15,1,원천 기능행
REQ-MBR-056,회원관리,출석 체크(참석/불참/취소),유사연계,"REQ-APP-036, REQ-CLS-051, REQ-CLS-029, REQ-CLS-049, REQ-APP-028, REQ-RSV-019","동일 주제권이나 화면/도메인/운영 목적 차이 가능. 관련그룹=환불/취소, 출입/키오스크/모바일. 예: REQ-APP-036 출석 결과 처리·후처리, REQ-CLS-051 출석 QR 체크인(회원 자가 출석), REQ-CLS-029 노쇼·페널티 관리, REQ-CLS-049 일정 요청 처리(회원 변경·취소 요청 승인/반려)","회원관리 / 방문·출석. 3사 비교: BroJ=○, OnFit=○, LessonBook=○, FitGenie=○. 핏지니 QR 체크인 + 키오스크 출석 결과 처리",,"BroJ=○, OnFit=○, LessonBook=○, FitGenie=○",3사앱 기능매트릭스: lastspr/요구리스트관련자료/3사앱 확인/판도/기능매트릭스 비교_v5.xlsx::기능매트릭스!R23,1,원천 기능행
REQ-MBR-057,회원관리,통증/체형 정보 입력,부분포함,,상위 화면의 탭/필터/목록/모달/입력항목으로 포함될 수 있어 화면 단위 검토 필요,"Member App > 가입/온보딩 > 온보딩 설문. 현재 통증 부위, 과거 부상, 불편한 동작 등을 입력하여 AI 루틴·PT 추천에 활용한다.. Input=회원ID, 통증 부위, 통증 점수, 과거 부상/제한 사항. Output=통증/체형 관련 태그, 위험 동작 필터링 기준. 대안=",,,스포짐 요구사항: lastspr/요구리스트관련자료/스포짐요구사항/스포짐FG_수정_공유 2025_1228.xlsx::4. (수정)VC 디스크립션!R65,1,스포짐 원천요구
REQ-MBR-058,회원관리,"파이프라인 뷰(보드/리스트, DnD)",독립,,현재 기준 독립 요구사항으로 판단,"회원관리 / 리드 CRM(FG). 3사 비교: BroJ=×, OnFit=×, LessonBook=×, FitGenie=○. 핏지니 칸반 DnD — 차별",,"BroJ=×, OnFit=×, LessonBook=×, FitGenie=○",3사앱 기능매트릭스: lastspr/요구리스트관련자료/3사앱 확인/판도/기능매트릭스 비교_v5.xlsx::기능매트릭스!R32,1,원천 기능행
REQ-MBR-059,회원관리,판도 개발팀은 회원 앱을 직접 개발할 예정,독립,,현재 기준 독립 요구사항으로 판단,판도 개발팀은 회원 앱을 직접 개발할 예정,,,회의록: lastspr/요구리스트관련자료/회의록/260428.md::L106,1,회의결정/논의
REQ-MBR-060,회원관리,포인트/배지 요약,유사연계,"REQ-GEN-062, REQ-PRD-009, REQ-PAY-059, REQ-PAY-001, REQ-PAY-002, REQ-PAY-014","동일 주제권이나 화면/도메인/운영 목적 차이 가능. 관련그룹=미수금/미납/잔액. 예: REQ-GEN-062 포인트 내역 조회, REQ-PRD-009 지점 다중 소속/홈&오피스, REQ-PAY-059 제로스트는 CRM 내에서 결제 상태, 회원 정보, 결제 이력, 미수금, 부분 결제, 승인번호 등 계약 범위에 포함된 관리 기능을 처리, REQ-PAY-001 BroJ 미수금 수납 프로세스 (PAY-004 보완)","Member App > 홈 > 홈 메인. 현재 보유 포인트, 최근 획득 배지(예: 온보딩 성공/루틴 완료)를 홈에서 요약해서 보여준다.. Input=회원ID, 포인트 잔액, 최근 배지 리스트. Output=포인트/배지 요약 정보. 대안=",,,스포짐 요구사항: lastspr/요구리스트관련자료/스포짐요구사항/스포짐FG_수정_공유 2025_1228.xlsx::4. (수정)VC 디스크립션!R7,1,스포짐 원천요구
REQ-MBR-061,회원관리,홀딩(일시정지)+만료일 자동 연장,독립,,현재 기준 독립 요구사항으로 판단,"회원관리 / 회원 고급(FG). 3사 비교: BroJ=△, OnFit=○, LessonBook=○, FitGenie=○. 핏지니 홀딩 등록 다이얼로그",,"BroJ=△, OnFit=○, LessonBook=○, FitGenie=○",3사앱 기능매트릭스: lastspr/요구리스트관련자료/3사앱 확인/판도/기능매트릭스 비교_v5.xlsx::기능매트릭스!R27,1,원천 기능행
REQ-MBR-062,회원관리,회원 관리,부분포함,,상위 화면의 탭/필터/목록/모달/입력항목으로 포함될 수 있어 화면 단위 검토 필요,"종합 요약. BroJ=빠른 사이드패널 조회, 중복 체크; OnFit=풍부한 상세 탭(10개), 운동이력·분석; FitPlat 결정=OnFit 탭 구조 + BroJ 사이드패널",,,BroJ vs OnFit 비교분석: lastspr/요구리스트관련자료/3사앱 확인/심프로/비교분석_BroJ_vs_OnFit.md::L13,1,경쟁사 비교/채택전략
REQ-MBR-063,회원관리,회원 관리 통합 기준,부분포함,,상위 화면의 탭/필터/목록/모달/입력항목으로 포함될 수 있어 화면 단위 검토 필요,온핏 기반=회원목록·등록·방문이력; 브로제이 보완=고객목록·상담내역·재등록대상; 레슨북 고도화=—,,,3사앱 역할비교 DOCX: lastspr/요구리스트관련자료/3사앱 확인/심프로/통합_헬스장_관리시스템_기획문서.docx::기능영역표 R2,1,역할비교/중복보강
REQ-MBR-064,회원관리,회원 등급,중복병합,"REQ-HQ-114, REQ-APP-019, REQ-HQ-084, REQ-HQ-106, REQ-MBR-065, REQ-PAY-036","동일 또는 사실상 같은 요구를 2개 출처에서 병합. 관련그룹=결제/수납/분할, 회원등급/세그먼트","1. 회원 관리. BroJ=★★★ VIP·골드·스탠다드·POTENTIAL 자동 산정; OnFit=✗ 없음; FitPlat 결정=**BroJ** 등급 시스템 채택 / 회원등급은 1.0~1.5에서는 제외하는 방향. / 누적 결제, 출석, 참여도 등 기준은 가능하지만 정책 정의가 필요하고 우선순위가 낮음.",,,BroJ vs OnFit 비교분석: lastspr/요구리스트관련자료/3사앱 확인/심프로/비교분석_BroJ_vs_OnFit.md::L33 | 회의록: lastspr/요구리스트관련자료/회의록/260519.md::L74,2,경쟁사 비교/채택전략
REQ-MBR-065,회원관리,회원 등급 체계 관리,유사연계,"REQ-MBR-030, REQ-MBR-049, REQ-APP-019, REQ-MKT-019, REQ-HQ-114, REQ-MBR-033","동일 주제권이나 화면/도메인/운영 목적 차이 가능. 관련그룹=회원등급/세그먼트. 예: REQ-MBR-030 세그먼트 자동 판정/조건 빌더, REQ-MBR-049 재등록 대상 자동 추출, REQ-APP-019 멤버십 등급 조회, REQ-MKT-019 상담 관리 (CRM)","회원관리 / 회원 고급(FG). 3사 비교: BroJ=×, OnFit=×, LessonBook=×, FitGenie=○. 핏지니 등급 규칙",,"BroJ=×, OnFit=×, LessonBook=×, FitGenie=○",3사앱 기능매트릭스: lastspr/요구리스트관련자료/3사앱 확인/판도/기능매트릭스 비교_v5.xlsx::기능매트릭스!R30,1,원천 기능행
REQ-MBR-066,회원관리,회원 등록·상담,독립,,현재 기준 독립 요구사항으로 판단,"회원. 신규 등록, 상담 기록 연동. 출처=온핏",P1,,3사앱 통합기획 DOCX: lastspr/요구리스트관련자료/3사앱 확인/심프로/통합_헬스장_관리시스템_기획문서.docx::기능항목표 R3,1,3사 앱 기능요약
REQ-MBR-067,회원관리,회원 목록·검색·조회,부분포함,,상위 화면의 탭/필터/목록/모달/입력항목으로 포함될 수 있어 화면 단위 검토 필요,"회원. 전체 회원 DB, 상태 필터, 상품별 조회. 출처=온핏",P1,,3사앱 통합기획 DOCX: lastspr/요구리스트관련자료/3사앱 확인/심프로/통합_헬스장_관리시스템_기획문서.docx::기능항목표 R2,1,3사 앱 기능요약
REQ-MBR-068,회원관리,회원 목록 검색/필터,부분포함,,상위 화면의 탭/필터/목록/모달/입력항목으로 포함될 수 있어 화면 단위 검토 필요,1. 회원 관리. BroJ=★★ (이름·전화 검색); OnFit=★★★ (상태·상품·담당자·만료임박·성별·주소·미방문 등 다중 필터); FitPlat 결정=**OnFit** 다중 필터 채택,,,BroJ vs OnFit 비교분석: lastspr/요구리스트관련자료/3사앱 확인/심프로/비교분석_BroJ_vs_OnFit.md::L29,1,경쟁사 비교/채택전략
REQ-MBR-069,회원관리,회원 병합(Merge — 중복 통합),독립,,현재 기준 독립 요구사항으로 판단,"회원관리 / 회원 고급(FG). 3사 비교: BroJ=×, OnFit=×, LessonBook=×, FitGenie=○. 핏지니 중복 계정 통합",,"BroJ=×, OnFit=×, LessonBook=×, FitGenie=○",3사앱 기능매트릭스: lastspr/요구리스트관련자료/3사앱 확인/판도/기능매트릭스 비교_v5.xlsx::기능매트릭스!R28,1,원천 기능행
REQ-MBR-070,회원관리,회원 빠른 조회,부분포함,,상위 화면의 탭/필터/목록/모달/입력항목으로 포함될 수 있어 화면 단위 검토 필요,1. 회원 관리. BroJ=★★★ **우측 사이드패널** — 페이지 이동 없이 클릭 즉시 정보 확인; OnFit=★★ (별도 페이지 이동); FitPlat 결정=**BroJ** 사이드패널 방식 채택,,,BroJ vs OnFit 비교분석: lastspr/요구리스트관련자료/3사앱 확인/심프로/비교분석_BroJ_vs_OnFit.md::L30,1,경쟁사 비교/채택전략
REQ-MBR-071,회원관리,회원 상세 15개 탭,부분포함,,상위 화면의 탭/필터/목록/모달/입력항목으로 포함될 수 있어 화면 단위 검토 필요,"회원관리 / 회원 고급(FG). 3사 비교: BroJ=×, OnFit=△, LessonBook=×, FitGenie=○. 핏지니 회원 상세 15탭 — 차별 기능",,"BroJ=×, OnFit=△, LessonBook=×, FitGenie=○",3사앱 기능매트릭스: lastspr/요구리스트관련자료/3사앱 확인/판도/기능매트릭스 비교_v5.xlsx::기능매트릭스!R24,1,원천 기능행
REQ-MBR-072,회원관리,회원 상세 탭,유사연계,"REQ-PAY-025, REQ-HQ-114, REQ-PAY-036, REQ-PAY-038, REQ-HQ-043, REQ-HQ-150","동일 주제권이나 화면/도메인/운영 목적 차이 가능. 관련그룹=체성분/인바디, 결제/수납/분할. 예: REQ-PAY-025 매출 관리 (상세), REQ-HQ-114 전체 회원 LTV, REQ-PAY-036 상품 목록(회원권/수강권/락커/대여), REQ-PAY-038 상품 상세 패널(가격 이력·판매 현황)",1. 회원 관리. BroJ=★★ (기본 정보 + 이용권 + 결제내역 3탭); OnFit=★★★ **10개 탭** (회원정보·계약·신체·체성분·종합평가·설문·운동프로그램·운동이력·차트북·온핏분석·예약이력·상담이력); FitPlat 결정=**OnFit** 탭 구조 채택,,,BroJ vs OnFit 비교분석: lastspr/요구리스트관련자료/3사앱 확인/심프로/비교분석_BroJ_vs_OnFit.md::L31,1,경쟁사 비교/채택전략
REQ-MBR-073,회원관리,회원 요약 카드,유사연계,"REQ-HQ-114, REQ-GEN-037, REQ-CLS-018, REQ-HQ-101, REQ-HQ-084, REQ-FAC-057","동일 주제권이나 화면/도메인/운영 목적 차이 가능. 관련그룹=체성분/인바디, 회원등급/세그먼트. 예: REQ-HQ-114 전체 회원 LTV, REQ-GEN-037 오늘의 운동 카드, REQ-CLS-018 PT 진행 요약 보기, REQ-HQ-101 일간 KPI 요약 보기","Staff App > 회원 관리 > 회원 상세. 회원의 방문 빈도, PT/GX 이용, 통증/인바디 요약, 재등록/AT-RISK 상태를 한 눈에 보여주는 요약 카드를 제공한다.. Input=회원ID, 방문 기록, PT/GX/스트레칭 이용 기록, 인바디, 통증, 재등록/LTV Score. Output=회원 요약 정보 카드, 위험도/우선순위 태그. 대안=",,,스포짐 요구사항: lastspr/요구리스트관련자료/스포짐요구사항/스포짐FG_수정_공유 2025_1228.xlsx::4. (수정)VC 디스크립션!R77,1,스포짐 원천요구
REQ-MBR-074,회원관리,"회원은 한 번에 한 지점에 소속되는 구조로 이해됐고, 다른 지점 이용은 이전 절차로 처리하는 방향이 언급됐습니다.",독립,,현재 기준 독립 요구사항으로 판단,"회원은 한 번에 한 지점에 소속되는 구조로 이해됐고, 다른 지점 이용은 이전 절차로 처리하는 방향이 언급됐습니다.",,,회의록: lastspr/요구리스트관련자료/회의록/260428.md::L18,1,회의결정/논의
REQ-MBR-075,회원관리,회원 지점 이관(primary/owner 전용),유사연계,"REQ-SET-017, REQ-SET-007, REQ-SET-010, REQ-SET-014, REQ-SET-018, REQ-SET-024","동일 주제권이나 화면/도메인/운영 목적 차이 가능. 관련그룹=권한/역할. 예: REQ-SET-017 미저장 이탈 경고 다이얼로그, REQ-SET-007 관리자 프로필·계정 설정, REQ-SET-010 글로벌 검색, REQ-SET-014 로그아웃(세션 안전 종료)","회원관리 / 회원 고급(FG). 3사 비교: BroJ=×, OnFit=△, LessonBook=×, FitGenie=○. 핏지니 다지점 회원 이관 — 차별",,"BroJ=×, OnFit=△, LessonBook=×, FitGenie=○",3사앱 기능매트릭스: lastspr/요구리스트관련자료/3사앱 확인/판도/기능매트릭스 비교_v5.xlsx::기능매트릭스!R25,1,원천 기능행
REQ-MBR-076,회원관리,"회의는 회원 앱과 CRM을 중심으로 Q&A 방식으로 진행됐고, 앞으로 용어도 “회원 앱”과 “CRM”으로 통일해서 쓰자는 방향이 잡혔습니다.",독립,,현재 기준 독립 요구사항으로 판단,"회의는 회원 앱과 CRM을 중심으로 Q&A 방식으로 진행됐고, 앞으로 용어도 “회원 앱”과 “CRM”으로 통일해서 쓰자는 방향이 잡혔습니다.",,,회의록: lastspr/요구리스트관련자료/회의록/260428.md::L3,1,회의결정/논의
REQ-RSV-001,예약·일정관리,BroJ 노쇼 패널티 전용 탭 (RES-005 보완),유사연계,"REQ-CLS-029, REQ-HQ-035, REQ-CLS-019, REQ-HQ-024, REQ-FAC-006, REQ-CLS-045","동일 주제권이나 화면/도메인/운영 목적 차이 가능. 관련그룹=대기열/예약제한. 예: REQ-CLS-029 노쇼·페널티 관리, REQ-HQ-035 노쇼율, REQ-CLS-019 PT 차감/노쇼, REQ-HQ-024 PT 완료율",PRD_02 예약·일정 — 추가 필요,,,BroJ vs OnFit PRD 보완: lastspr/요구리스트관련자료/3사앱 확인/심프로/비교분석_BroJ_vs_OnFit.md::L173,1,보완필요
REQ-RSV-002,예약·일정관리,BroJ 출석부 전용 화면 (RES-004 보완),독립,,현재 기준 독립 요구사항으로 판단,PRD_02 예약·일정 — 추가 필요,,,BroJ vs OnFit PRD 보완: lastspr/요구리스트관련자료/3사앱 확인/심프로/비교분석_BroJ_vs_OnFit.md::L172,1,보완필요
REQ-RSV-003,예약·일정관리,GX 스케줄 바로가기,부분포함,,상위 화면의 탭/필터/목록/모달/입력항목으로 포함될 수 있어 화면 단위 검토 필요,"Member App > 홈 > 홈 메인. 오늘/이번 주 GX 스케줄 요약을 홈에서 보여주고, 전체 GX 스케줄 화면으로 이동하는 버튼을 제공한다.. Input=회원ID, 지점ID, GX 스케줄 데이터(오늘/주간). Output=요약 GX 카드 정보, GX 스케줄 화면 진입 로그. 대안=",,,스포짐 요구사항: lastspr/요구리스트관련자료/스포짐요구사항/스포짐FG_수정_공유 2025_1228.xlsx::4. (수정)VC 디스크립션!R5,1,스포짐 원천요구
REQ-RSV-004,예약·일정관리,PT/OT1/OT2 예약,유사연계,"REQ-HQ-014, REQ-STF-009, REQ-CLS-010, REQ-CLS-011, REQ-HQ-024, REQ-CLS-006","동일 주제권이나 화면/도메인/운영 목적 차이 가능. 관련그룹=환불/취소, 권한/역할, 자동알림/메시지. 예: REQ-HQ-014 KPI/Today’s Work, REQ-STF-009 PT 매출 상위 10명, REQ-CLS-010 OT1 체크리스트 입력, REQ-CLS-011 OT2 상담 플로우 입력","Member App > PT/OT 예약 > 캘린더. 선택한 트레이너의 가능한 시간대를 캘린더로 보여주고, PT/OT1/OT2 예약을 생성·변경·취소할 수 있게 한다.. Input=회원ID, 트레이너ID, 근무 스케줄, 기존 예약 내역, 선택한 시간. Output=예약 생성/변경/취소 결과, 예약ID, 알림톡 발송 트리거. 대안=",,,스포짐 요구사항: lastspr/요구리스트관련자료/스포짐요구사항/스포짐FG_수정_공유 2025_1228.xlsx::4. (수정)VC 디스크립션!R37,1,스포짐 원천요구
REQ-RSV-005,예약·일정관리,PT 세션 추적,독립,,현재 기준 독립 요구사항으로 판단,"3. 예약 · 일정. BroJ=★★; OnFit=★★★ **""22/30회""** 등 회차 실시간 표시; FitPlat 결정=**OnFit** 세션 추적 채택",,,BroJ vs OnFit 비교분석: lastspr/요구리스트관련자료/3사앱 확인/심프로/비교분석_BroJ_vs_OnFit.md::L70,1,경쟁사 비교/채택전략
REQ-RSV-006,예약·일정관리,PT 예약 등록,유사연계,"REQ-CLS-014, REQ-STF-032, REQ-HQ-106, REQ-HQ-024, REQ-CLS-019, REQ-HQ-025","동일 주제권이나 화면/도메인/운영 목적 차이 가능. 관련그룹=권한/역할. 예: REQ-CLS-014 PT 세션 기록, REQ-STF-032 재등록, REQ-HQ-106 재등록률, REQ-HQ-024 PT 완료율","3. 예약 · 일정. BroJ=★★ (캘린더에서 일정 추가); OnFit=★★★ 트레이너별 슬롯 강조, 연속 예약, 이용권 자동 연동; FitPlat 결정=**OnFit** PT 예약 채택",,,BroJ vs OnFit 비교분석: lastspr/요구리스트관련자료/3사앱 확인/심프로/비교분석_BroJ_vs_OnFit.md::L69,1,경쟁사 비교/채택전략
REQ-RSV-007,예약·일정관리,PT 예약 바로가기,부분포함,,상위 화면의 탭/필터/목록/모달/입력항목으로 포함될 수 있어 화면 단위 검토 필요,"Member App > 홈 > 홈 메인. 다음 PT 예약이 없거나 잔여 회차가 있을 때 홈 상단에 PT 예약 배너/버튼을 노출해 예약 화면으로 이동시킨다.. Input=회원ID, PT 잔여 회차, 예약 여부. Output=PT 예약 배너 노출 여부, 배너 클릭 로그. 대안=",,,스포짐 요구사항: lastspr/요구리스트관련자료/스포짐요구사항/스포짐FG_수정_공유 2025_1228.xlsx::4. (수정)VC 디스크립션!R4,1,스포짐 원천요구
REQ-RSV-008,예약·일정관리,QR/바코드 출석,유사연계,"REQ-APP-004, REQ-HQ-043, REQ-CLS-051, REQ-MBR-010, REQ-APP-010, REQ-APP-037","동일 주제권이나 화면/도메인/운영 목적 차이 가능. 관련그룹=출입/키오스크/모바일. 예: REQ-APP-004 QR 체크인(자가 출석), REQ-HQ-043 - 디지털 회원증 (QR코드 기반 출입), REQ-CLS-051 출석 QR 체크인(회원 자가 출석), REQ-MBR-010 QR 출입 관리 시스템","3. 예약 · 일정. BroJ=★★; OnFit=★★; FitPlat 결정=양쪽 동일, **QR 우선**",,,BroJ vs OnFit 비교분석: lastspr/요구리스트관련자료/3사앱 확인/심프로/비교분석_BroJ_vs_OnFit.md::L72,1,경쟁사 비교/채택전략
REQ-RSV-009,예약·일정관리,대기열 관리,중복병합,"REQ-FAC-006, REQ-HQ-072, REQ-CLS-029, REQ-RSV-010, REQ-HQ-024, REQ-CLS-019",동일 또는 사실상 같은 요구를 4개 출처에서 병합. 관련그룹=대기열/예약제한,"예약·일정관리 / 예약 자동화(FG). 3사 비교: BroJ=×, OnFit=×, LessonBook=×, FitGenie=○. 핏지니 대기 예약 — 차별 / 일정·예약. 정원 초과 시 자동 대기 등록 및 전환. 출처=레슨북 / 온핏 기반=없음; 브로제이 보완=없음; 레슨북 고도화=Waitlist 자동 전환 ✓ / 3. 예약 · 일정. BroJ=✗ 없음; OnFit=★★★ 대기 등록·자동 승격·30분 응답제한; FitPlat 결정=**OnFit** Waitlist 채택",P2,"BroJ=×, OnFit=×, LessonBook=×, FitGenie=○",3사앱 기능매트릭스: lastspr/요구리스트관련자료/3사앱 확인/판도/기능매트릭스 비교_v5.xlsx::기능매트릭스!R42 | 3사앱 통합기획 DOCX: lastspr/요구리스트관련자료/3사앱 확인/심프로/통합_헬스장_관리시스템_기획문서.docx::기능항목표 R10 | 3사앱 역할비교 DOCX: lastspr/요구리스트관련자료/3사앱 확인/심프로/통합_헬스장_관리시스템_기획문서.docx::기능영역표 R8 | BroJ vs OnFit 비교분석: lastspr/요구리스트관련자료/3사앱 확인/심프로/비교분석_BroJ_vs_OnFit.md::L74,4,원천 기능행
REQ-RSV-010,예약·일정관리,대기열/예약 제한,유사연계,"REQ-FAC-006, REQ-RSV-009, REQ-STF-001, REQ-CLS-006, REQ-APP-029, REQ-HQ-072","동일 주제권이나 화면/도메인/운영 목적 차이 가능. 관련그룹=환불/취소, 대기열/예약제한, 자동알림/메시지. 예: REQ-FAC-006 대기열 관리, REQ-RSV-009 대기열 관리, REQ-STF-001 AI 기반 Today Tasks 자동 생성, REQ-CLS-006 GX 예약/취소","GX/그룹수업은 최대 정원 도달 시 예약 제한. / 취소가 발생하면 대기열 순번이 올라가고, 회원에게 알림이 가야 함. / 대기열 등록 시 “자리 발생 시 자동 예약될 수 있음” 또는 “참석 여부 확인 필요”를 명확히 안내해야 함. / 최종 자동 배정인지, 회원 확인 후 배정인지 정책 결정 필요.",,,회의록: lastspr/요구리스트관련자료/회의록/260519.md::L63,1,회의결정/논의
REQ-RSV-011,예약·일정관리,골프 타석 예약·배정,유사연계,"REQ-APP-008, REQ-FAC-042, REQ-APP-004, REQ-APP-006, REQ-APP-013, REQ-CLS-051","동일 주제권이나 화면/도메인/운영 목적 차이 가능. 관련그룹=출입/키오스크/모바일. 예: REQ-APP-008 골프 예약·확정·대기, REQ-FAC-042 운동복 관리(대여·반납 + QR), REQ-APP-004 QR 체크인(자가 출석), REQ-APP-006 건강 데이터 연동(Health Connect)","예약·일정관리 / 예약 관리. 3사 비교: BroJ=×, OnFit=○, LessonBook=○, FitGenie=○. 핏지니 타석 관리 + 회원앱 + 키오스크",,"BroJ=×, OnFit=○, LessonBook=○, FitGenie=○",3사앱 기능매트릭스: lastspr/요구리스트관련자료/3사앱 확인/판도/기능매트릭스 비교_v5.xlsx::기능매트릭스!R39,1,원천 기능행
REQ-RSV-012,예약·일정관리,그룹수업 캘린더,독립,,현재 기준 독립 요구사항으로 판단,"3. 예약 · 일정. BroJ=★★; OnFit=★★★ 그룹수업 전용 캘린더 분리, 룸별 표시; FitPlat 결정=**OnFit** 채택",,,BroJ vs OnFit 비교분석: lastspr/요구리스트관련자료/3사앱 확인/심프로/비교분석_BroJ_vs_OnFit.md::L76,1,경쟁사 비교/채택전략
REQ-RSV-013,예약·일정관리,그룹 수업 통합 기준,유사연계,"REQ-CLS-045, REQ-RSV-015, REQ-RSV-030, REQ-HQ-092, REQ-HQ-072, REQ-CLS-006","동일 주제권이나 화면/도메인/운영 목적 차이 가능. 관련그룹=대기열/예약제한. 예: REQ-CLS-045 오늘/주간 GX 스케줄 보기, REQ-RSV-015 노쇼 처리 통합 기준, REQ-RSV-030 예약 제한 통합 기준, REQ-HQ-092 옴니채널 통합
 : 모든 문의 채널을 하나의 시스템으로 통합 관리
자동 리드 등록
 : 문의 접수 즉시 CRM에 자동 등록 및 담당자 배정
리마인드 자동화
 : 상담 예약 확정, 1일 전, 2시간 전 자동 알림
노쇼 대응
 : 미방문 시 자동 재예약 유도 및 대안 제시",온핏 기반=그룹수업 관리·템플릿·좌석배치; 브로제이 보완=캘린더 기반 수업관리; 레슨북 고도화=연속예약·Waitlist 자동전환,,,3사앱 역할비교 DOCX: lastspr/요구리스트관련자료/3사앱 확인/심프로/통합_헬스장_관리시스템_기획문서.docx::기능영역표 R4,1,역할비교/중복보강
REQ-RSV-014,예약·일정관리,노쇼 15분 자동 감지 및 알림,유사연계,"REQ-MKT-029, REQ-FAC-045, REQ-MKT-026, REQ-MKT-027, REQ-MKT-028, REQ-OPS-017","동일 주제권이나 화면/도메인/운영 목적 차이 가능. 관련그룹=대기열/예약제한, 대시보드/KPI, 권한/역할, 자동알림/메시지. 예: REQ-MKT-029 자동알림 채널, REQ-FAC-045 장비 고장 자동 감지 및 신고, REQ-MKT-026 자동 알림 설정·트리거, REQ-MKT-027 자동알림(신규) 트리거",시스템=; KPI=노쇼율 (PT Trainer); 효과=예약 시간 15분 경과 시 자동 감지하여 트레이너/회원/매니저에게 실시간 알림. 즉각 재예약 유도로 노쇼율 5% 이하 달성; 흐름=예약 시간 → 15분 경과 감지 → 자동 알림 → 재예약 프로세스 → 노쇼율 측정,,,대시보드/KPI 요구사항: lastspr/요구리스트관련자료/스포짐요구사항/DashBoard_단계별_KPI_Structure_2026_0127 - 복사본.xlsx::3. 시스템 & 운영_비용관리!R6,1,대시보드/KPI
REQ-RSV-015,예약·일정관리,노쇼 처리 통합 기준,유사연계,"REQ-CLS-029, REQ-HQ-035, REQ-CLS-019, REQ-MKT-026, REQ-FAC-006, REQ-CLS-045","동일 주제권이나 화면/도메인/운영 목적 차이 가능. 관련그룹=대기열/예약제한. 예: REQ-CLS-029 노쇼·페널티 관리, REQ-HQ-035 노쇼율, REQ-CLS-019 PT 차감/노쇼, REQ-MKT-026 자동 알림 설정·트리거",온핏 기반=없음; 브로제이 보완=없음; 레슨북 고도화=노쇼 패널티 자동 적용 ✓,,,3사앱 역할비교 DOCX: lastspr/요구리스트관련자료/3사앱 확인/심프로/통합_헬스장_관리시스템_기획문서.docx::기능영역표 R7,1,역할비교/중복보강
REQ-RSV-016,예약·일정관리,노쇼 패널티 설정,중복병합,"REQ-CLS-029, REQ-HQ-035, REQ-CLS-019, REQ-MKT-026, REQ-CLS-049, REQ-HQ-092","동일 또는 사실상 같은 요구를 2개 출처에서 병합. 관련그룹=환불/취소, 대기열/예약제한","일정·예약. 무단 취소·노쇼 시 자동 패널티 부과. 출처=레슨북 / 3. 예약 · 일정. BroJ=★★★ 페널티 관리 전용 탭, 횟수별 제재; OnFit=★★ (횟수 집계만); FitPlat 결정=**BroJ** 패널티 체계 채택",P2,,3사앱 통합기획 DOCX: lastspr/요구리스트관련자료/3사앱 확인/심프로/통합_헬스장_관리시스템_기획문서.docx::기능항목표 R11 | BroJ vs OnFit 비교분석: lastspr/요구리스트관련자료/3사앱 확인/심프로/비교분석_BroJ_vs_OnFit.md::L73,2,3사 앱 기능요약
REQ-RSV-017,예약·일정관리,"단, 시설별 상태 정의, 사용 가능/불가 조건, 예약/점유/반납/만료 등 세부 로직은 기획 파트에서 정리 필요",독립,,현재 기준 독립 요구사항으로 판단,"단, 시설별 상태 정의, 사용 가능/불가 조건, 예약/점유/반납/만료 등 세부 로직은 기획 파트에서 정리 필요",,,회의록: lastspr/요구리스트관련자료/회의록/260428.md::L98,1,회의결정/논의
REQ-RSV-018,예약·일정관리,대시보드는 이번 주 안에 우선 고정해서 스포짐 측이 화면을 보고 넣을 것과 뺄 것을 결정해야 다음 일정 지연을 막을 수 있다는 의견이 나왔습니다.,유사연계,"REQ-HQ-006, REQ-FAC-007, REQ-HQ-039, REQ-OPS-030, REQ-HQ-142, REQ-HQ-038","동일 주제권이나 화면/도메인/운영 목적 차이 가능. 관련그룹=대시보드/KPI. 예: REQ-HQ-006 `Ctrl + /` 기능으로 대시보드, KPI 등 키워드를 검색해 관련 화면과 기능을 빠르게 찾을 수 있다고 설명했습니다., REQ-FAC-007 개발팀은 우선 피그마와 현재 구현 결과물을 보면서 KPI, IoT 앱, 키오스크 관련 화면을 중심으로 파악하면 작업 속도가 빨라질 것이라는 의견이 나왔습니다., REQ-HQ-039 대시보드 범위는 원래 KPI 중심으로 보는 흐름이었지만, 개발 과정에서 필요하면 판도 측이 대시보드 전체를 가져가는 방식으로도 유연하게 조정 가능하다고 했습니다., REQ-OPS-030 판도 측에서는 DB 스키마와 API 설계가 먼저 어느 정도 정리되어야 대시보드 개발이 수월하다는 점을 짚었습니다.",대시보드는 이번 주 안에 우선 고정해서 스포짐 측이 화면을 보고 넣을 것과 뺄 것을 결정해야 다음 일정 지연을 막을 수 있다는 의견이 나왔습니다.,,,회의록: lastspr/요구리스트관련자료/회의록/260428.md::L10,1,회의결정/논의
REQ-RSV-019,예약·일정관리,레슨 예약(PT/개인),유사연계,"REQ-CLS-051, REQ-APP-026, REQ-APP-030, REQ-APP-038, REQ-APP-004, REQ-APP-037","동일 주제권이나 화면/도메인/운영 목적 차이 가능. 관련그룹=출입/키오스크/모바일. 예: REQ-CLS-051 출석 QR 체크인(회원 자가 출석), REQ-APP-026 수업 목록·예약(PT/OT/GX/Golf), REQ-APP-030 이용권/잔여 회차, REQ-APP-038 친구 추천·추천 친구 목록","예약·일정관리 / 예약 관리. 3사 비교: BroJ=○, OnFit=○, LessonBook=○, FitGenie=○. 핏지니 PT 차감 + 회원앱 예약",,"BroJ=○, OnFit=○, LessonBook=○, FitGenie=○",3사앱 기능매트릭스: lastspr/요구리스트관련자료/3사앱 확인/판도/기능매트릭스 비교_v5.xlsx::기능매트릭스!R37,1,원천 기능행
REQ-RSV-020,예약·일정관리,미승인 일정,독립,,현재 기준 독립 요구사항으로 판단,3. 예약 · 일정. BroJ=✗ 없음; OnFit=★★★ 미승인 일정 별도 표시 및 승인 처리; FitPlat 결정=**OnFit** 채택,,,BroJ vs OnFit 비교분석: lastspr/요구리스트관련자료/3사앱 확인/심프로/비교분석_BroJ_vs_OnFit.md::L75,1,경쟁사 비교/채택전략
REQ-RSV-021,예약·일정관리,수업 시간표 등록,독립,,현재 기준 독립 요구사항으로 판단,일정·예약. 주간·월간 그룹수업 시간표 설정. 출처=온핏,P1,,3사앱 통합기획 DOCX: lastspr/요구리스트관련자료/3사앱 확인/심프로/통합_헬스장_관리시스템_기획문서.docx::기능항목표 R8,1,3사 앱 기능요약
REQ-RSV-022,예약·일정관리,스케줄 변경 요청/선호 시간 설정,부분포함,,상위 화면의 탭/필터/목록/모달/입력항목으로 포함될 수 있어 화면 단위 검토 필요,"Staff App > 스케줄 > 스케줄 설정. 직원이 희망 근무 시간대, 휴무 선호일, PT/GX 집중 시간대를 설정하면 Auto-Scheduler에 반영된다.. Input=직원ID, 희망 근무 시간/요일, PT/GX 집중 시간, 제약 조건. Output=저장된 선호 스케줄 설정, Auto-Scheduler 입력 파라미터. 대안=",,,스포짐 요구사항: lastspr/요구리스트관련자료/스포짐요구사항/스포짐FG_수정_공유 2025_1228.xlsx::4. (수정)VC 디스크립션!R74,1,스포짐 원천요구
REQ-RSV-023,예약·일정관리,시간대 추천,유사연계,"REQ-MBR-002, REQ-SET-002, REQ-HQ-052, REQ-HQ-037, REQ-HQ-001, REQ-SET-016","동일 주제권이나 화면/도메인/운영 목적 차이 가능. 관련그룹=권한/역할. 예: REQ-MBR-002 AI 상담 스크립트 실시간 추천, REQ-SET-002 BroJ 해피아워 시간대 설정 (SET-001/005에 추가), REQ-HQ-052 - 모바일 앱을 통한 실시간 클래스 예약/대기/취소, REQ-HQ-037 대시보드","Member App > PT/OT 예약 > 캘린더. 회원의 선호 방문 시간 패턴과 트레이너 근무 시간을 비교해 추천 시간대를 상단에 노출한다.. Input=회원 방문 시간 패턴, 트레이너 근무시간, 예약 가능 슬롯. Output=추천 시간 슬롯 리스트(우선순위 포함). 대안=",,,스포짐 요구사항: lastspr/요구리스트관련자료/스포짐요구사항/스포짐FG_수정_공유 2025_1228.xlsx::4. (수정)VC 디스크립션!R38,1,스포짐 원천요구
REQ-RSV-024,예약·일정관리,시설 예약,독립,,현재 기준 독립 요구사항으로 판단,"예약·일정관리 / 예약 관리. 3사 비교: BroJ=△, OnFit=○, LessonBook=○, FitGenie=○. 운동룸 예약 슬롯 + 골프 타석 + 공간 자산 (Lessonbook LSB-02는 단일 화면 명세이고 핏지니는 시설별 분리)",,"BroJ=△, OnFit=○, LessonBook=○, FitGenie=○",3사앱 기능매트릭스: lastspr/요구리스트관련자료/3사앱 확인/판도/기능매트릭스 비교_v5.xlsx::기능매트릭스!R38,1,원천 기능행
REQ-RSV-025,예약·일정관리,신규 일정 등록,독립,,현재 기준 독립 요구사항으로 판단,"예약·일정관리 / 캘린더. 3사 비교: BroJ=○, OnFit=○, LessonBook=○, FitGenie=○. 핏지니 시간표 일괄 등록",,"BroJ=○, OnFit=○, LessonBook=○, FitGenie=○",3사앱 기능매트릭스: lastspr/요구리스트관련자료/3사앱 확인/판도/기능매트릭스 비교_v5.xlsx::기능매트릭스!R34,1,원천 기능행
REQ-RSV-026,예약·일정관리,실시간 강사 스케줄,독립,,현재 기준 독립 요구사항으로 판단,수업. 강사별 시간표 실시간 관리·변경. 출처=레슨북,P2,,3사앱 통합기획 DOCX: lastspr/요구리스트관련자료/3사앱 확인/심프로/통합_헬스장_관리시스템_기획문서.docx::기능항목표 R18,1,3사 앱 기능요약
REQ-RSV-027,예약·일정관리,업무 블록 상세 보기,부분포함,,상위 화면의 탭/필터/목록/모달/입력항목으로 포함될 수 있어 화면 단위 검토 필요,"Staff App > 스케줄 > 스케줄 상세. 특정 시간 블록을 탭하면 해당 시간의 업무 종류(예: PT/OT1/GX/청소), 관련 회원/시설 정보를 상세히 보여준다.. Input=직원ID, 블록ID, 연결된 회원ID/시설ID/TaskID. Output=업무 상세 정보(회원/시설/업무 타입), 바로가기 액션 링크. 대안=",,,스포짐 요구사항: lastspr/요구리스트관련자료/스포짐요구사항/스포짐FG_수정_공유 2025_1228.xlsx::4. (수정)VC 디스크립션!R73,1,스포짐 원천요구
REQ-RSV-028,예약·일정관리,연속 예약,독립,,현재 기준 독립 요구사항으로 판단,일정·예약. 여러 수업 연속 일괄 예약. 출처=레슨북,P2,,3사앱 통합기획 DOCX: lastspr/요구리스트관련자료/3사앱 확인/심프로/통합_헬스장_관리시스템_기획문서.docx::기능항목표 R9,1,3사 앱 기능요약
REQ-RSV-029,예약·일정관리,예약/일정,유사연계,"REQ-SET-006, REQ-SET-021, REQ-SET-011, REQ-SET-029, REQ-HQ-052, REQ-MBR-015","동일 주제권이나 화면/도메인/운영 목적 차이 가능. 관련그룹=권한/역할. 예: REQ-SET-006 고급 설정, REQ-SET-021 센터 설정, REQ-SET-011 다국어 설정, REQ-SET-029 출석 관리 설정","종합 요약. BroJ=출석부 실시간 UI, 페널티 관리; OnFit=트레이너별 캘린더, 1:1 세션 추적; FitPlat 결정=OnFit 캘린더 + BroJ 출석부",,,BroJ vs OnFit 비교분석: lastspr/요구리스트관련자료/3사앱 확인/심프로/비교분석_BroJ_vs_OnFit.md::L16,1,경쟁사 비교/채택전략
REQ-RSV-030,예약·일정관리,예약 제한 통합 기준,유사연계,"REQ-CLS-006, REQ-CLS-045, REQ-HQ-072, REQ-HQ-092, REQ-RSV-013, REQ-RSV-015","동일 주제권이나 화면/도메인/운영 목적 차이 가능. 관련그룹=대기열/예약제한. 예: REQ-CLS-006 GX 예약/취소, REQ-CLS-045 오늘/주간 GX 스케줄 보기, REQ-HQ-072 스마트 예약 시스템
 : AI 기반 최적 스케줄링 및 자동 대기열 관리
실시간 시설 현황판
 : 각 시설별 실시간 이용현황, 예약가능 시간표시
 자동 알림 시스템
 : 예약 확정, 취소, 대기 순번 변동 시 자동 알림
 모바일 앱 통합
 : 회원이 언제든 예약/취소 가능한 모바일 UI, REQ-HQ-092 옴니채널 통합
 : 모든 문의 채널을 하나의 시스템으로 통합 관리
자동 리드 등록
 : 문의 접수 즉시 CRM에 자동 등록 및 담당자 배정
리마인드 자동화
 : 상담 예약 확정, 1일 전, 2시간 전 자동 알림
노쇼 대응
 : 미방문 시 자동 재예약 유도 및 대안 제시",온핏 기반=기본 시간표 설정; 브로제이 보완=없음; 레슨북 고도화=요일별·시간대별 제한 ✓,,,3사앱 역할비교 DOCX: lastspr/요구리스트관련자료/3사앱 확인/심프로/통합_헬스장_관리시스템_기획문서.docx::기능영역표 R6,1,역할비교/중복보강
REQ-RSV-031,예약·일정관리,월간/주간 캘린더 뷰,독립,,현재 기준 독립 요구사항으로 판단,"예약·일정관리 / 캘린더. 3사 비교: BroJ=○, OnFit=○, LessonBook=○, FitGenie=○. 핏지니 수업 캘린더",,"BroJ=○, OnFit=○, LessonBook=○, FitGenie=○",3사앱 기능매트릭스: lastspr/요구리스트관련자료/3사앱 확인/판도/기능매트릭스 비교_v5.xlsx::기능매트릭스!R33,1,원천 기능행
REQ-RSV-032,예약·일정관리,이용권 소진 연결 구조,독립,,현재 기준 독립 요구사항으로 판단,"예약·일정관리 / 예약 자동화(FG). 3사 비교: BroJ=△, OnFit=○, LessonBook=△, FitGenie=○. 핏지니 PT 잔여 횟수 자동 차감",,"BroJ=△, OnFit=○, LessonBook=△, FitGenie=○",3사앱 기능매트릭스: lastspr/요구리스트관련자료/3사앱 확인/판도/기능매트릭스 비교_v5.xlsx::기능매트릭스!R41,1,원천 기능행
REQ-RSV-033,예약·일정관리,인기/비인기 프로그램 분석,독립,,현재 기준 독립 요구사항으로 판단,"Manager App > GX 예약 운영 > 클래스 분석. 출석률·리뷰 점수 기반으로 인기/비인기 클래스를 자동 태깅한다.. Input=GX 출석률, GX 리뷰/NPS 점수. Output=인기 클래스 Top 리스트, 개선 필요 클래스 리스트. 대안=",,,스포짐 요구사항: lastspr/요구리스트관련자료/스포짐요구사항/스포짐FG_수정_공유 2025_1228.xlsx::4. (수정)VC 디스크립션!R115,1,스포짐 원천요구
REQ-RSV-034,예약·일정관리,일정 상세 조회·수정,부분포함,,상위 화면의 탭/필터/목록/모달/입력항목으로 포함될 수 있어 화면 단위 검토 필요,"예약·일정관리 / 캘린더. 3사 비교: BroJ=○, OnFit=○, LessonBook=○, FitGenie=○. 핏지니 수업 관리",,"BroJ=○, OnFit=○, LessonBook=○, FitGenie=○",3사앱 기능매트릭스: lastspr/요구리스트관련자료/3사앱 확인/판도/기능매트릭스 비교_v5.xlsx::기능매트릭스!R35,1,원천 기능행
REQ-RSV-035,예약·일정관리,일정/예약 통계,독립,,현재 기준 독립 요구사항으로 판단,"예약·일정관리 / 통계. 3사 비교: BroJ=○, OnFit=○, LessonBook=○, FitGenie=○. 핏지니 그룹 수업 현황",,"BroJ=○, OnFit=○, LessonBook=○, FitGenie=○",3사앱 기능매트릭스: lastspr/요구리스트관련자료/3사앱 확인/판도/기능매트릭스 비교_v5.xlsx::기능매트릭스!R40,1,원천 기능행
REQ-RSV-036,예약·일정관리,일정 요청 처리,독립,,현재 기준 독립 요구사항으로 판단,일정·예약. 강사/회원 일정 요청 승인·거절. 출처=온핏,P1,,3사앱 통합기획 DOCX: lastspr/요구리스트관련자료/3사앱 확인/심프로/통합_헬스장_관리시스템_기획문서.docx::기능항목표 R7,1,3사 앱 기능요약
REQ-RSV-037,예약·일정관리,일정 캘린더 뷰,유사연계,"REQ-SET-006, REQ-SET-021, REQ-SET-011, REQ-SET-029, REQ-MBR-015, REQ-STF-049","동일 주제권이나 화면/도메인/운영 목적 차이 가능. 관련그룹=권한/역할. 예: REQ-SET-006 고급 설정, REQ-SET-021 센터 설정, REQ-SET-011 다국어 설정, REQ-SET-029 출석 관리 설정","3. 예약 · 일정. BroJ=★★ (월간 뷰 중심); OnFit=★★★ **일별·주별** 트레이너별 컬럼 그리드, 색상 범례; FitPlat 결정=**OnFit** 캘린더 채택",,,BroJ vs OnFit 비교분석: lastspr/요구리스트관련자료/3사앱 확인/심프로/비교분석_BroJ_vs_OnFit.md::L68,1,경쟁사 비교/채택전략
REQ-RSV-038,예약·일정관리,잔여 회차/예약 보기,독립,,현재 기준 독립 요구사항으로 판단,"Member App > PT/OT 예약 > 예약 현황. 잔여 PT 회차, 예정된 레슨 시간, 완강까지 남은 횟수를 한 화면에서 확인할 수 있다.. Input=회원ID, PT Purchase/Session 기록. Output=잔여 회차, 예약 리스트, 완강 진행률. 대안=",,,스포짐 요구사항: lastspr/요구리스트관련자료/스포짐요구사항/스포짐FG_수정_공유 2025_1228.xlsx::4. (수정)VC 디스크립션!R40,1,스포짐 원천요구
REQ-RSV-039,예약·일정관리,정원·대기 상태 표시,유사연계,"REQ-MKT-026, REQ-CLS-045, REQ-RSV-040, REQ-HQ-072, REQ-HQ-092, REQ-CLS-006","동일 주제권이나 화면/도메인/운영 목적 차이 가능. 관련그룹=대기열/예약제한. 예: REQ-MKT-026 자동 알림 설정·트리거, REQ-CLS-045 오늘/주간 GX 스케줄 보기, REQ-RSV-040 정원/대기자 관리, REQ-HQ-072 스마트 예약 시스템
 : AI 기반 최적 스케줄링 및 자동 대기열 관리
실시간 시설 현황판
 : 각 시설별 실시간 이용현황, 예약가능 시간표시
 자동 알림 시스템
 : 예약 확정, 취소, 대기 순번 변동 시 자동 알림
 모바일 앱 통합
 : 회원이 언제든 예약/취소 가능한 모바일 UI","Member App > GX 스케줄 > 클래스 상세. 현재 정원, 예약 인원, 대기 인원, 예상 입장 가능 여부를 클래스 상세에서 보여준다.. Input=클래스ID, 정원, 예약 인원, 대기 인원. Output=정원/예약/대기 숫자, 입장 가능 여부 플래그. 대안=",,,스포짐 요구사항: lastspr/요구리스트관련자료/스포짐요구사항/스포짐FG_수정_공유 2025_1228.xlsx::4. (수정)VC 디스크립션!R31,1,스포짐 원천요구
REQ-RSV-040,예약·일정관리,정원/대기자 관리,유사연계,"REQ-CLS-029, REQ-MKT-026, REQ-FAC-006, REQ-CLS-045, REQ-RSV-039, REQ-HQ-072","동일 주제권이나 화면/도메인/운영 목적 차이 가능. 관련그룹=대기열/예약제한. 예: REQ-CLS-029 노쇼·페널티 관리, REQ-MKT-026 자동 알림 설정·트리거, REQ-FAC-006 대기열 관리, REQ-CLS-045 오늘/주간 GX 스케줄 보기","Manager App > GX 예약 운영 > 클래스 운영. 대기자 수, 자동 승급 현황, 정원 초과 여부를 실시간으로 확인한다.. Input=예약 로그, 대기자 리스트. Output=정원 초과 경고, 대기자 현황. 대안=",,,스포짐 요구사항: lastspr/요구리스트관련자료/스포짐요구사항/스포짐FG_수정_공유 2025_1228.xlsx::4. (수정)VC 디스크립션!R114,1,스포짐 원천요구
REQ-RSV-041,예약·일정관리,주간 스케줄 요약,독립,,현재 기준 독립 요구사항으로 판단,"Staff App > 스케줄 > 스케줄 뷰(주간). 이번 주의 근무일, PT/GX 예약 분포, TM/CRM 시간 블록, 주요 이벤트를 한 화면에서 요약해 보여준다.. Input=직원ID, 주간 스케줄 데이터, 주간 예약/업무 배정. Output=주간 스케줄 요약(요일별 업무량, 피크타임 표시). 대안=",,,스포짐 요구사항: lastspr/요구리스트관련자료/스포짐요구사항/스포짐FG_수정_공유 2025_1228.xlsx::4. (수정)VC 디스크립션!R72,1,스포짐 원천요구
REQ-RSV-042,예약·일정관리,직원 일간 스케줄 보기,유사연계,"REQ-STF-038, REQ-STF-040, REQ-STF-043, REQ-HQ-052, REQ-CLS-050, REQ-SET-028","동일 주제권이나 화면/도메인/운영 목적 차이 가능. 관련그룹=권한/역할. 예: REQ-STF-038 직원 관리, REQ-STF-040 직원/급여, REQ-STF-043 직원 목록, REQ-HQ-052 - 모바일 앱을 통한 실시간 클래스 예약/대기/취소","Staff App > 스케줄 > 스케줄 뷰(일간). PT, GX, 데스크, TM/CRM, 청소/시설 점검 등 하루 업무가 시간대별로 표시된다.. Input=직원ID, 역할, 근무 시간, 예약/배정 데이터(PT/GX/TM/시설 등). Output=일간 타임테이블(업무 타입별 블록, 색상/아이콘 정보). 대안=",,,스포짐 요구사항: lastspr/요구리스트관련자료/스포짐요구사항/스포짐FG_수정_공유 2025_1228.xlsx::4. (수정)VC 디스크립션!R71,1,스포짐 원천요구
REQ-RSV-043,예약·일정관리,출석 QR 체크인,유사연계,"REQ-CLS-051, REQ-APP-004, REQ-MBR-056, REQ-APP-010, REQ-HQ-012, REQ-APP-037","동일 주제권이나 화면/도메인/운영 목적 차이 가능. 관련그룹=대기열/예약제한, 출입/키오스크/모바일. 예: REQ-CLS-051 출석 QR 체크인(회원 자가 출석), REQ-APP-004 QR 체크인(자가 출석), REQ-MBR-056 출석 체크(참석/불참/취소), REQ-APP-010 기구 QR 인식","수업 출석 서명/노쇼 처리와 QR 입출입/그룹 수업 체크인이 섞여 있어 해석이 필요. / 출석/노쇼 관리의 확장으로 보고, 개발이 편한 방향으로 제로스트가 역제안 가능.",,,회의록: lastspr/요구리스트관련자료/회의록/260518.md::L85,1,회의결정/논의
REQ-RSV-044,예약·일정관리,출석 체크 UI,독립,,현재 기준 독립 요구사항으로 판단,"3. 예약 · 일정. BroJ=★★★ **출석부 전용 화면** — 날짜별 전체 회원 출석 현황, 원터치 체크; OnFit=★★ (예약 블록 클릭 후 참석/불참); FitPlat 결정=**BroJ** 출석부 UI 채택",,,BroJ vs OnFit 비교분석: lastspr/요구리스트관련자료/3사앱 확인/심프로/비교분석_BroJ_vs_OnFit.md::L71,1,경쟁사 비교/채택전략
REQ-RSV-045,예약·일정관리,특히 기획이 중간에 자주 변경되면 일정 지연 및 추가 공수가 발생할 수 있다고 우려,독립,,현재 기준 독립 요구사항으로 판단,특히 기획이 중간에 자주 변경되면 일정 지연 및 추가 공수가 발생할 수 있다고 우려,,,회의록: lastspr/요구리스트관련자료/회의록/260428.md::L38,1,회의결정/논의
REQ-RSV-046,예약·일정관리,"판도 측은 월요일만 부재하고 화요일과 수요일은 가능하다고 공유했으며, 최종 일정은 대표와 조율 후 다시 안내받는 방향으로 정리됐습니다.",유사연계,"REQ-PAY-061, REQ-SET-030, REQ-STF-007, REQ-SET-033, REQ-HQ-073, REQ-SET-026","동일 주제권이나 화면/도메인/운영 목적 차이 가능. 관련그룹=권한/역할. 예: REQ-PAY-061 키오스크 결제는 현재 범위에서 제외하는 쪽으로 정리됐고, 결제는 FC 처리와 회원 휴대폰 결제 중심으로 보는 흐름이었습니다., REQ-SET-030 커뮤니티 기능은 필요성이 높게 언급됐고, 특히 CRM 안에서 게시판·모임장·관리자 권한 구조를 어떻게 둘지 추가 설계가 필요하다고 정리됐습니다., REQ-STF-007 FC와 스태프 기능은 모두 범위에 포함하는 쪽으로 정리됐고, 필요한 API는 기능 단위로 구체적으로 정의해서 요청해야 한다는 점이 강조됐습니다., REQ-SET-033 현재 화면만으로는 구조 이해가 어려워서, 역할 정의·정책·히어라키·관리 구조를 문서로 받아야 한다는 요구가 분명하게 나왔습니다.","판도 측은 월요일만 부재하고 화요일과 수요일은 가능하다고 공유했으며, 최종 일정은 대표와 조율 후 다시 안내받는 방향으로 정리됐습니다.",,,회의록: lastspr/요구리스트관련자료/회의록/260414.md::L29,1,회의결정/논의
REQ-RSV-047,예약·일정관리,"헬스커넥트는 모바일 웹으로는 불가능하고 네이티브 앱이 필요하다는 기술 검토가 나왔으며, 현재 일정 안에서는 1차 버전 제외 의견이 우세했습니다.",독립,,현재 기준 독립 요구사항으로 판단,"헬스커넥트는 모바일 웹으로는 불가능하고 네이티브 앱이 필요하다는 기술 검토가 나왔으며, 현재 일정 안에서는 1차 버전 제외 의견이 우세했습니다.",,,회의록: lastspr/요구리스트관련자료/회의록/260428.md::L12,1,회의결정/논의
REQ-RSV-048,예약·일정관리,회원 예약 현황,부분포함,,상위 화면의 탭/필터/목록/모달/입력항목으로 포함될 수 있어 화면 단위 검토 필요,"예약·일정관리 / 예약 관리. 3사 비교: BroJ=○, OnFit=○, LessonBook=○, FitGenie=○. 핏지니 예약 목록",,"BroJ=○, OnFit=○, LessonBook=○, FitGenie=○",3사앱 기능매트릭스: lastspr/요구리스트관련자료/3사앱 확인/판도/기능매트릭스 비교_v5.xlsx::기능매트릭스!R36,1,원천 기능행
REQ-CLS-001,수업관리,1:1 PT 세션 통합 기준,독립,,현재 기준 독립 요구사항으로 판단,온핏 기반=세션 관리·강사 근무 현황; 브로제이 보완=PT 일정관리·출석부; 레슨북 고도화=실시간 강사 스케줄·정밀관리,,,3사앱 역할비교 DOCX: lastspr/요구리스트관련자료/3사앱 확인/심프로/통합_헬스장_관리시스템_기획문서.docx::기능영역표 R5,1,역할비교/중복보강
REQ-CLS-002,수업관리,AI 루틴 자동 생성,유사연계,"REQ-APP-001, REQ-MBR-004, REQ-MBR-046, REQ-FAC-057, REQ-MBR-047, REQ-MBR-055","동일 주제권이나 화면/도메인/운영 목적 차이 가능. 관련그룹=체성분/인바디. 예: REQ-APP-001 AI 스트레칭 루틴 호출, REQ-MBR-004 AI 통합 분석(온핏 분석), REQ-MBR-046 체성분(InBody) 관리, REQ-FAC-057 회원 건강 연동(Health Connect)","Member App > 오늘의 운동 루틴 > 루틴 리스트. InBody, FMS, 통증, 체력, 방문빈도, GX/필라테스 참여, 운동 목적 등을 종합해 5~7개의 오늘 운동 루틴을 자동 생성한다.. Input=회원 프로필, 인바디, FMS, 통증, 방문 기록, GX/필라테스 이력, 운동 목적. Output=오늘의 루틴 구성 목록, 각 운동ID/순서/난이도. 대안=",,,스포짐 요구사항: lastspr/요구리스트관련자료/스포짐요구사항/스포짐FG_수정_공유 2025_1228.xlsx::4. (수정)VC 디스크립션!R17,1,스포짐 원천요구
REQ-CLS-003,수업관리,BroJ 급여정책 3요소 공식(기본급+수업단가+수업료%) (HR-005 보완),유사연계,"REQ-STF-004, REQ-STF-019, REQ-STF-020, REQ-STF-018, REQ-STF-016, REQ-STF-015","동일 주제권이나 화면/도메인/운영 목적 차이 가능. 관련그룹=급여/정산/지출. 예: REQ-STF-004 BroJ 트레이너별 자동 정산 (HR-006 보완), REQ-STF-019 급여 정책, REQ-STF-020 급여 정책·자동 계산, REQ-STF-018 급여/정산/지출",PRD_06 인사·급여 — 추가 필요,,,BroJ vs OnFit PRD 보완: lastspr/요구리스트관련자료/3사앱 확인/심프로/비교분석_BroJ_vs_OnFit.md::L190,1,보완필요
REQ-CLS-004,수업관리,BroJ 상품 유형 5종 체계 (CLS-001에 반영),독립,,현재 기준 독립 요구사항으로 판단,PRD_03 수업관리 — 추가 필요,,,BroJ vs OnFit PRD 보완: lastspr/요구리스트관련자료/3사앱 확인/심프로/비교분석_BroJ_vs_OnFit.md::L177,1,보완필요
REQ-CLS-005,수업관리,GX 시간표,중복병합,,동일 또는 사실상 같은 요구를 2개 출처에서 병합. 관련그룹=-,"수업관리 / 그룹수업. 3사 비교: BroJ=△, OnFit=○, LessonBook=△, FitGenie=○. 핏지니 시간표 일괄 등록 / 4. 수업 관리. BroJ=✗ 없음; OnFit=★★★ GX 시간표 등록·공개; FitPlat 결정=**OnFit** 채택",,"BroJ=△, OnFit=○, LessonBook=△, FitGenie=○",3사앱 기능매트릭스: lastspr/요구리스트관련자료/3사앱 확인/판도/기능매트릭스 비교_v5.xlsx::기능매트릭스!R48 | BroJ vs OnFit 비교분석: lastspr/요구리스트관련자료/3사앱 확인/심프로/비교분석_BroJ_vs_OnFit.md::L92,2,원천 기능행
REQ-CLS-006,수업관리,GX 예약/취소,유사연계,"REQ-APP-029, REQ-HQ-012, REQ-HQ-052, REQ-RSV-030, REQ-PAY-017, REQ-MBR-056","동일 주제권이나 화면/도메인/운영 목적 차이 가능. 관련그룹=환불/취소, 대기열/예약제한. 예: REQ-APP-029 예약 취소·이력, REQ-HQ-012 GX 출석률, REQ-HQ-052 - 모바일 앱을 통한 실시간 클래스 예약/대기/취소, REQ-RSV-030 예약 제한 통합 기준","Member App > GX 스케줄 > GX 리스트. 원하는 GX 클래스를 예약·취소하고, 정원 초과시 대기자로 등록할 수 있다.. Input=회원ID, 클래스ID, 예약/취소 액션, 현재 정원 상태. Output=GX 예약/취소 결과, 대기자 등록 여부, 출석 예상 리스트 변경. 대안=",,,스포짐 요구사항: lastspr/요구리스트관련자료/스포짐요구사항/스포짐FG_수정_공유 2025_1228.xlsx::4. (수정)VC 디스크립션!R30,1,스포짐 원천요구
REQ-CLS-007,수업관리,GX 종료 후 자동 만족도 조사,유사연계,"REQ-HQ-147, REQ-HQ-008, REQ-HQ-012, REQ-STF-026, REQ-STF-031, REQ-MBR-027","동일 주제권이나 화면/도메인/운영 목적 차이 가능. 관련그룹=대시보드/KPI. 예: REQ-HQ-147 회원 만족도, REQ-HQ-008 GX 수업 예약 및 출석 자동화, REQ-HQ-012 GX 출석률, REQ-STF-026 스케줄 자동 최적화",시스템=; KPI=수업 만족도 (GX/필라테스 강사); 효과=수업 종료 즉시 자동 만족도 조사 발송. 실시간 피드백으로 강사 품질 개선 및 만족도 4.0/5.0+ 유지; 흐름=수업 종료 → 자동 설문 발송 → 피드백 수집 → 만족도 분석,,,대시보드/KPI 요구사항: lastspr/요구리스트관련자료/스포짐요구사항/DashBoard_단계별_KPI_Structure_2026_0127 - 복사본.xlsx::3. 시스템 & 운영_비용관리!R9,1,대시보드/KPI
REQ-CLS-008,수업관리,GX 출석률 비교,유사연계,"REQ-HQ-012, REQ-HQ-107, REQ-HQ-118, REQ-HQ-120, REQ-HQ-008, REQ-HQ-066","동일 주제권이나 화면/도메인/운영 목적 차이 가능. 관련그룹=대기열/예약제한, 대시보드/KPI. 예: REQ-HQ-012 GX 출석률, REQ-HQ-107 재등록률 비교, REQ-HQ-118 지점별 매출 비교, REQ-HQ-120 지점별 지출 비교","HQ Dashboard > 전 지점 KPI 리더보드 > KPI 메인. GX 출석률(정원 대비 출석)을 지점별로 비교한다.. Input=GX 출석 로그, 정원 수, 클래스 스케줄. Output=출석률 %, 상위/하위 지점, 평균 출석률. 대안=",,,스포짐 요구사항: lastspr/요구리스트관련자료/스포짐요구사항/스포짐FG_수정_공유 2025_1228.xlsx::4. (수정)VC 디스크립션!R131,1,스포짐 원천요구
REQ-CLS-009,수업관리,GX/프로그램 반응 분석,유사연계,"REQ-HQ-012, REQ-HQ-140, REQ-HQ-008, REQ-FAC-050, REQ-FAC-013, REQ-MKT-006","동일 주제권이나 화면/도메인/운영 목적 차이 가능. 관련그룹=대시보드/KPI. 예: REQ-HQ-012 GX 출석률, REQ-HQ-140 프로그램별 이용률 대시보드, REQ-HQ-008 GX 수업 예약 및 출석 자동화, REQ-FAC-050 청소 인증률 분석","HQ Dashboard > 캠페인/프로모션 분석 > 프로그램 반응. 프로모션 참여 GX/프로그램의 출석률, 신규 참여자 비율, 만족도 변화를 분석한다.. Input=GX 출석 데이터, 리뷰/NPS, 캠페인 태그. Output=프로그램별 반응 지표, 유지/폐지 추천. 대안=",,,스포짐 요구사항: lastspr/요구리스트관련자료/스포짐요구사항/스포짐FG_수정_공유 2025_1228.xlsx::4. (수정)VC 디스크립션!R141,1,스포짐 원천요구
REQ-CLS-010,수업관리,OT1 체크리스트 입력,유사연계,"REQ-HQ-102, REQ-HQ-001, REQ-RSV-004, REQ-SET-036, REQ-STF-048, REQ-GEN-036","동일 주제권이나 화면/도메인/운영 목적 차이 가능. 관련그룹=권한/역할. 예: REQ-HQ-102 자동 생성 Task 리스트, REQ-HQ-001 AI One-Line 추천 리스트, REQ-RSV-004 PT/OT1/OT2 예약, REQ-SET-036 히스토리 로그(시스템 작업 이력)","Staff App > PT/OT 리포트 > OT1 리포트. 체형·통증·목적·생활습관 등 OT1 표준 체크리스트를 입력하고 저장한다.. Input=회원ID, 트레이너ID, OT1 체크리스트 항목 값, 측정 결과. Output=OT1 리포트 레코드, OT1 완료 플래그, 이후 루틴/PT 추천 입력 데이터. 대안=",,,스포짐 요구사항: lastspr/요구리스트관련자료/스포짐요구사항/스포짐FG_수정_공유 2025_1228.xlsx::4. (수정)VC 디스크립션!R80,1,스포짐 원천요구
REQ-CLS-011,수업관리,OT2 상담 플로우 입력,유사연계,"REQ-RSV-004, REQ-STF-048, REQ-GEN-036, REQ-MBR-027, REQ-STF-009, REQ-HQ-058","동일 주제권이나 화면/도메인/운영 목적 차이 가능. 관련그룹=권한/역할. 예: REQ-RSV-004 PT/OT1/OT2 예약, REQ-STF-048 트레이너 OT, REQ-GEN-036 오늘의 One-Line 목표 입력, REQ-MBR-027 상담 자동 녹음 및 요약","Staff App > PT/OT 리포트 > OT2 리포트. 목표 재확인, 4~8주 플랜 제안, PT/셀프운동 비중 설정 등 OT2 상담 내용을 기록한다.. Input=회원ID, 트레이너ID, OT2 상담 항목 값, 제안한 플랜. Output=OT2 리포트 레코드, 제안 플랜 정보, PT 전환 여부. 대안=",,,스포짐 요구사항: lastspr/요구리스트관련자료/스포짐요구사항/스포짐FG_수정_공유 2025_1228.xlsx::4. (수정)VC 디스크립션!R81,1,스포짐 원천요구
REQ-CLS-012,수업관리,PT/GX/FC KPI 비교,유사연계,"REQ-HQ-022, REQ-HQ-013, REQ-HQ-062, REQ-HQ-101, REQ-HQ-117, REQ-HQ-015","동일 주제권이나 화면/도메인/운영 목적 차이 가능. 관련그룹=대시보드/KPI, 권한/역할. 예: REQ-HQ-022 PT KPI, REQ-HQ-013 KPI 24종, REQ-HQ-062 센터별 KPI 목표값, REQ-HQ-101 일간 KPI 요약 보기","Manager App > 직원 KPI > KPI 비교. 포지션별 KPI(PT 완강률, GX 출석률, 상담 전환율 등)를 비교해 직원 역량 차이를 시각화한다.. Input=포지션별 KPI 로그, 직무 정보. Output=직원별 KPI 비교표, 상위/하위 인력 태깅. 대안=",,,스포짐 요구사항: lastspr/요구리스트관련자료/스포짐요구사항/스포짐FG_수정_공유 2025_1228.xlsx::4. (수정)VC 디스크립션!R106,1,스포짐 원천요구
REQ-CLS-013,수업관리,PT/GX/필라테스 이력,독립,,현재 기준 독립 요구사항으로 판단,"Member App > 마이페이지 > 이용 내역. PT 회차 사용 내역, GX 참여 내역, 필라테스 수업 참여 내역을 요약해 보여준다.. Input=PT/GX/필라테스 Attendance 기록, 회원ID. Output=이용 요약 리스트(종목별 횟수/기간). 대안=",,,스포짐 요구사항: lastspr/요구리스트관련자료/스포짐요구사항/스포짐FG_수정_공유 2025_1228.xlsx::4. (수정)VC 디스크립션!R58,1,스포짐 원천요구
REQ-CLS-014,수업관리,PT 세션 기록,중복병합,"REQ-RSV-006, REQ-HQ-024, REQ-HQ-025, REQ-STF-009, REQ-HQ-150, REQ-RSV-004",동일 또는 사실상 같은 요구를 2개 출처에서 병합. 관련그룹=권한/역할,"4. 수업 관리. BroJ=★★; OnFit=★★★ 세션별 운동 내용·피드백 기록; FitPlat 결정=**OnFit** 세션 기록 채택 / Staff App > PT/OT 리포트 > PT 세션. 세트/반복/중량, 폼 교정 내용, 숙제 루틴, 통증 반응 등을 PT 세션 단위로 기록한다.. Input=회원ID, 트레이너ID, 세션ID, 운동 수행 데이터, 코멘트, 통증/반응. Output=PT Session 로그, 회원 운동 이력 업데이트, PT 완강 진행률. 대안=",,,BroJ vs OnFit 비교분석: lastspr/요구리스트관련자료/3사앱 확인/심프로/비교분석_BroJ_vs_OnFit.md::L90 | 스포짐 요구사항: lastspr/요구리스트관련자료/스포짐요구사항/스포짐FG_수정_공유 2025_1228.xlsx::4. (수정)VC 디스크립션!R82,2,경쟁사 비교/채택전략
REQ-CLS-015,수업관리,PT 세션 목록,부분포함,,상위 화면의 탭/필터/목록/모달/입력항목으로 포함될 수 있어 화면 단위 검토 필요,"수업관리 / 개인수업(PT). 3사 비교: BroJ=○, OnFit=○, LessonBook=△, FitGenie=○. 핏지니 유효 수업 목록",,"BroJ=○, OnFit=○, LessonBook=△, FitGenie=○",3사앱 기능매트릭스: lastspr/요구리스트관련자료/3사앱 확인/판도/기능매트릭스 비교_v5.xlsx::기능매트릭스!R43,1,원천 기능행
REQ-CLS-016,수업관리,PT 재구매율 비교,유사연계,"REQ-HQ-107, REQ-HQ-118, REQ-MBR-009, REQ-STF-009, REQ-HQ-109, REQ-HQ-022","동일 주제권이나 화면/도메인/운영 목적 차이 가능. 관련그룹=결제/수납/분할, 대시보드/KPI. 예: REQ-HQ-107 재등록률 비교, REQ-HQ-118 지점별 매출 비교, REQ-MBR-009 PT/재등록 예측 모델, REQ-STF-009 PT 매출 상위 10명","HQ Dashboard > 전 지점 KPI 리더보드 > KPI 메인. PT 재구매율(재계약 비율)을 지점별로 비교한다.. Input=PT 결제 이력, 재구매 플래그, 지점 코드. Output=PT 재구매율 %, 상위/하위 지점 리스트. 대안=",,,스포짐 요구사항: lastspr/요구리스트관련자료/스포짐요구사항/스포짐FG_수정_공유 2025_1228.xlsx::4. (수정)VC 디스크립션!R128,1,스포짐 원천요구
REQ-CLS-017,수업관리,PT 종료 자동 감지 및 재구매 상담 리스트 생성,유사연계,"REQ-HQ-025, REQ-FAC-045, REQ-HQ-102, REQ-RSV-014, REQ-STF-009, REQ-STF-001","동일 주제권이나 화면/도메인/운영 목적 차이 가능. 관련그룹=대시보드/KPI, 권한/역할. 예: REQ-HQ-025 PT 재구매율, REQ-FAC-045 장비 고장 자동 감지 및 신고, REQ-HQ-102 자동 생성 Task 리스트, REQ-RSV-014 노쇼 15분 자동 감지 및 알림",시스템=; KPI=PT 재구매율 (PT Trainer); 효과=세션 종료 3회 전 자동 감지하여 재구매 상담 리스트를 FC/트레이너에게 제공. AI 추천 패키지로 재구매율 30%+ 달성; 흐름=잔여 세션 모니터링 → 3회 전 감지 → 상담 리스트 생성 → AI 패키지 추천 → 재구매율 측정,,,대시보드/KPI 요구사항: lastspr/요구리스트관련자료/스포짐요구사항/DashBoard_단계별_KPI_Structure_2026_0127 - 복사본.xlsx::3. 시스템 & 운영_비용관리!R7,1,대시보드/KPI
REQ-CLS-018,수업관리,PT 진행 요약 보기,유사연계,"REQ-MBR-073, REQ-MBR-047, REQ-FAC-057, REQ-MBR-004, REQ-MBR-046, REQ-MBR-055","동일 주제권이나 화면/도메인/운영 목적 차이 가능. 관련그룹=체성분/인바디. 예: REQ-MBR-073 회원 요약 카드, REQ-MBR-047 인바디 리포트 보기, REQ-FAC-057 회원 건강 연동(Health Connect), REQ-MBR-004 AI 통합 분석(온핏 분석)","Staff App > PT/OT 리포트 > 회원 진행 요약. 회원의 누적 PT 횟수, 체성분 변화, 통증 개선, 목표 달성률 등을 요약한다.. Input=회원ID, PT Session 로그, 인바디/통증 데이터, 목표 설정 값. Output=PT 진행 요약 카드, 차트 데이터(변화 그래프). 대안=",,,스포짐 요구사항: lastspr/요구리스트관련자료/스포짐요구사항/스포짐FG_수정_공유 2025_1228.xlsx::4. (수정)VC 디스크립션!R84,1,스포짐 원천요구
REQ-CLS-019,수업관리,PT 차감/노쇼,유사연계,"REQ-HQ-035, REQ-HQ-024, REQ-RSV-006, REQ-HQ-025, REQ-RSV-016, REQ-RSV-015","동일 주제권이나 화면/도메인/운영 목적 차이 가능. 관련그룹=대기열/예약제한, 권한/역할, 자동알림/메시지. 예: REQ-HQ-035 노쇼율, REQ-HQ-024 PT 완료율, REQ-RSV-006 PT 예약 등록, REQ-HQ-025 PT 재구매율","DB 차감 오류 가능성은 낮으나, 핵심은 수업 완료를 어떤 방식으로 인정할지임. / 기존 사인/지문 방식보다 트레이너 완료 처리 후 회원 푸시 확인 방식이 더 단순하다는 의견. / 회원이 응답하지 않는 경우 일정 시간 이후 자동 완료 처리하는 방식이 언급됨. / 노쇼는 수업 전 불참 신청 마감 기준을 정책으로 정해야 함. / 노쇼/차감 정책은 스포짐 운영 기준으로 확정 필요 - word 파일 참고",,,회의록: lastspr/요구리스트관련자료/회의록/260519.md::L13,1,회의결정/논의
REQ-CLS-020,수업관리,PT 캠페인 성과 분석,유사연계,"REQ-FAC-050, REQ-HQ-086, REQ-HQ-022, REQ-HQ-023, REQ-STF-021, REQ-HQ-119","동일 주제권이나 화면/도메인/운영 목적 차이 가능. 관련그룹=결제/수납/분할, 대시보드/KPI. 예: REQ-FAC-050 청소 인증률 분석, REQ-HQ-086 업무일지 자동 생성 및 분석, REQ-HQ-022 PT KPI, REQ-HQ-023 PT 완강률","HQ Dashboard > 캠페인/프로모션 분석 > 캠페인 메인. PT 할인/이벤트 캠페인 진행 시, PT 판매량·재구매율 변화를 분석한다.. Input=캠페인 ID, PT 결제 로그, 재구매 데이터. Output=캠페인 전/후 PT 매출 비교, uplift %, ROI 지표. 대안=",,,스포짐 요구사항: lastspr/요구리스트관련자료/스포짐요구사항/스포짐FG_수정_공유 2025_1228.xlsx::4. (수정)VC 디스크립션!R140,1,스포짐 원천요구
REQ-CLS-021,수업관리,PT 패키지 선택,유사연계,"REQ-MBR-009, REQ-MBR-008, REQ-PAY-032, REQ-HQ-017, REQ-HQ-114, REQ-HQ-028","동일 주제권이나 화면/도메인/운영 목적 차이 가능. 관련그룹=회원등급/세그먼트. 예: REQ-MBR-009 PT/재등록 예측 모델, REQ-MBR-008 LTV 변화 추이, REQ-PAY-032 배지·포인트 지급, REQ-HQ-017 LTV (생애가치)","Member App > PT/OT 예약 > 패키지 선택. 4/8/16회 등 PT 패키지 옵션과 가격을 보여주고, AI 추천 플랜·균형형·경제형 3가지 플랜을 제안한다.. Input=회원 목표/예산/기간 선호, 상품 마스터, P-Score. Output=LTV/목적 기반 추천 패키지 3종(추천/균형/경제형). 대안=",,,스포짐 요구사항: lastspr/요구리스트관련자료/스포짐요구사항/스포짐FG_수정_공유 2025_1228.xlsx::4. (수정)VC 디스크립션!R39,1,스포짐 원천요구
REQ-CLS-022,수업관리,PT 필요도(P-Score),유사연계,"REQ-FAC-057, REQ-MBR-073, REQ-APP-031, REQ-MBR-046, REQ-MBR-004, REQ-MBR-047","동일 주제권이나 화면/도메인/운영 목적 차이 가능. 관련그룹=체성분/인바디. 예: REQ-FAC-057 회원 건강 연동(Health Connect), REQ-MBR-073 회원 요약 카드, REQ-APP-031 체성분/FMS 조회, REQ-MBR-046 체성분(InBody) 관리","Member App > AI 진단 리포트 > 리포트 상세. 현재 상태와 목표를 기반으로 PT 필요도를 0~100점으로 표시하고, PT 상담/패키지 추천과 연결한다.. Input=운동 목적, 인바디/FMS/통증, 방문 빈도, 루틴 수행률, GX 참여도. Output=P-Score 점수, PT 상담/패키지 추천 리스트. 대안=",,,스포짐 요구사항: lastspr/요구리스트관련자료/스포짐요구사항/스포짐FG_수정_공유 2025_1228.xlsx::4. (수정)VC 디스크립션!R27,1,스포짐 원천요구
REQ-CLS-023,수업관리,강사 업무 현황,독립,,현재 기준 독립 요구사항으로 판단,"수업관리 / 강사 관리. 3사 비교: BroJ=△, OnFit=○, LessonBook=△, FitGenie=○. 핏지니 강사 근무 현황",,"BroJ=△, OnFit=○, LessonBook=△, FitGenie=○",3사앱 기능매트릭스: lastspr/요구리스트관련자료/3사앱 확인/판도/기능매트릭스 비교_v5.xlsx::기능매트릭스!R51,1,원천 기능행
REQ-CLS-024,수업관리,강사 정보 보기,부분포함,,상위 화면의 탭/필터/목록/모달/입력항목으로 포함될 수 있어 화면 단위 검토 필요,"Member App > GX 스케줄 > 클래스 상세. GX 강사의 이름, 주요 전문분야, 평균 만족도(NPS)를 보여준다.. Input=강사ID, 강사 프로필, NPS/리뷰 데이터. Output=강사 프로필 카드, 평균 만족도 점수. 대안=",,,스포짐 요구사항: lastspr/요구리스트관련자료/스포짐요구사항/스포짐FG_수정_공유 2025_1228.xlsx::4. (수정)VC 디스크립션!R32,1,스포짐 원천요구
REQ-CLS-025,수업관리,그룹수업·1:1 현황,부분포함,,상위 화면의 탭/필터/목록/모달/입력항목으로 포함될 수 있어 화면 단위 검토 필요,수업. 강사별·수업별 실시간 현황 조회. 출처=온핏,P1,,3사앱 통합기획 DOCX: lastspr/요구리스트관련자료/3사앱 확인/심프로/통합_헬스장_관리시스템_기획문서.docx::기능항목표 R16,1,3사 앱 기능요약
REQ-CLS-026,수업관리,그룹수업 관리,중복병합,"REQ-PAY-025, REQ-PAY-073, REQ-PAY-010, REQ-PAY-033, REQ-HQ-072, REQ-MBR-056",동일 또는 사실상 같은 요구를 2개 출처에서 병합. 관련그룹=환불/취소,"수업. 수업 생성·수정·취소, 강사 배정. 출처=온핏 / 4. 수업 관리. BroJ=★★ (수업 목록); OnFit=★★★ 템플릿·패턴·룸 배치·시간표 등록 통합; FitPlat 결정=**OnFit** 그룹수업 채택",P1,,3사앱 통합기획 DOCX: lastspr/요구리스트관련자료/3사앱 확인/심프로/통합_헬스장_관리시스템_기획문서.docx::기능항목표 R12 | BroJ vs OnFit 비교분석: lastspr/요구리스트관련자료/3사앱 확인/심프로/비교분석_BroJ_vs_OnFit.md::L87,2,3사 앱 기능요약
REQ-CLS-027,수업관리,그룹수업 등록·관리,독립,,현재 기준 독립 요구사항으로 판단,"수업관리 / 그룹수업. 3사 비교: BroJ=△, OnFit=○, LessonBook=△, FitGenie=○. 핏지니 그룹 수업 템플릿 + 현황",,"BroJ=△, OnFit=○, LessonBook=△, FitGenie=○",3사앱 기능매트릭스: lastspr/요구리스트관련자료/3사앱 확인/판도/기능매트릭스 비교_v5.xlsx::기능매트릭스!R47,1,원천 기능행
REQ-CLS-028,수업관리,그룹수업 통계,독립,,현재 기준 독립 요구사항으로 판단,"수업관리 / 그룹수업. 3사 비교: BroJ=△, OnFit=○, LessonBook=△, FitGenie=○. 핏지니 그룹 수업 현황",,"BroJ=△, OnFit=○, LessonBook=△, FitGenie=○",3사앱 기능매트릭스: lastspr/요구리스트관련자료/3사앱 확인/판도/기능매트릭스 비교_v5.xlsx::기능매트릭스!R50,1,원천 기능행
REQ-CLS-029,수업관리,노쇼·페널티 관리,유사연계,"REQ-RSV-016, REQ-MBR-056, REQ-RSV-015, REQ-HQ-035, REQ-RSV-009, REQ-CLS-049","동일 주제권이나 화면/도메인/운영 목적 차이 가능. 관련그룹=환불/취소, 대기열/예약제한. 예: REQ-RSV-016 노쇼 패널티 설정, REQ-MBR-056 출석 체크(참석/불참/취소), REQ-RSV-015 노쇼 처리 통합 기준, REQ-HQ-035 노쇼율","수업관리 / 개인수업(PT). 3사 비교: BroJ=○, OnFit=×, LessonBook=×, FitGenie=○. 핏지니 노쇼·늦은 취소 정책",,"BroJ=○, OnFit=×, LessonBook=×, FitGenie=○",3사앱 기능매트릭스: lastspr/요구리스트관련자료/3사앱 확인/판도/기능매트릭스 비교_v5.xlsx::기능매트릭스!R46,1,원천 기능행
REQ-CLS-030,수업관리,룸 좌석 배치,독립,,현재 기준 독립 요구사항으로 판단,수업. 수업 공간별 좌석 시각적 배치. 출처=온핏,P1,,3사앱 통합기획 DOCX: lastspr/요구리스트관련자료/3사앱 확인/심프로/통합_헬스장_관리시스템_기획문서.docx::기능항목표 R14,1,3사 앱 기능요약
REQ-CLS-031,수업관리,리커버리 존 이용 추적,유사연계,"REQ-PAY-054, REQ-HQ-131, REQ-HQ-009, REQ-HQ-140, REQ-MBR-001, REQ-HQ-098","동일 주제권이나 화면/도메인/운영 목적 차이 가능. 관련그룹=대시보드/KPI. 예: REQ-PAY-054 일일 이용 계약서, REQ-HQ-131 초기 7일 이용률, REQ-HQ-009 GX 재참여율 추적 및 알림, REQ-HQ-140 프로그램별 이용률 대시보드",시스템=; KPI=회원 만족도 (PT Trainer); 효과=사우나/마사지 등 리커버리 존 이용 추적으로 회원 만족도 향상. PT 종합 만족도 4.0/5.0+ 달성에 기여; 흐름=리커버리 존 이용 → 데이터 수집 → 만족도 조사 → 만족도 측정,,,대시보드/KPI 요구사항: lastspr/요구리스트관련자료/스포짐요구사항/DashBoard_단계별_KPI_Structure_2026_0127 - 복사본.xlsx::3. 시스템 & 운영_비용관리!R23,1,대시보드/KPI
REQ-CLS-032,수업관리,만족도 평가,유사연계,"REQ-HQ-147, REQ-HQ-032, REQ-HQ-121, REQ-HQ-123, REQ-HQ-126, REQ-FAC-029","동일 주제권이나 화면/도메인/운영 목적 차이 가능. 관련그룹=대시보드/KPI. 예: REQ-HQ-147 회원 만족도, REQ-HQ-032 경로파악 추가, REQ-HQ-121 지점별 평균 결재 시간, REQ-HQ-123 지점 타입별 평균 비교","Member App > GX 스케줄 > 클래스 종료. 수업 종료 후 간단한 만족도/리뷰를 입력하여 강사 평가 및 GX 품질 데이터로 활용한다.. Input=회원ID, 클래스ID, 만족도 점수, 리뷰 텍스트. Output=GX 만족도/리뷰 기록, 강사/GX KPI 집계 데이터. 대안=",,,스포짐 요구사항: lastspr/요구리스트관련자료/스포짐요구사항/스포짐FG_수정_공유 2025_1228.xlsx::4. (수정)VC 디스크립션!R34,1,스포짐 원천요구
REQ-CLS-033,수업관리,세션 관리 (1:1 PT),독립,,현재 기준 독립 요구사항으로 판단,"수업. PT 잔여 횟수, 세션 기록. 출처=온핏",P1,,3사앱 통합기획 DOCX: lastspr/요구리스트관련자료/3사앱 확인/심프로/통합_헬스장_관리시스템_기획문서.docx::기능항목표 R15,1,3사 앱 기능요약
REQ-CLS-034,수업관리,수강권 횟수 제한,중복병합,,동일 또는 사실상 같은 요구를 2개 출처에서 병합. 관련그룹=-,4. 수업 관리. BroJ=★★★ **일일/주간/월간** 제한 조합 설정; OnFit=✗ 없음; FitPlat 결정=**BroJ** 횟수 제한 채택 / PRD_03 수업관리 — 추가 필요,,,BroJ vs OnFit 비교분석: lastspr/요구리스트관련자료/3사앱 확인/심프로/비교분석_BroJ_vs_OnFit.md::L88 | BroJ vs OnFit PRD 보완: lastspr/요구리스트관련자료/3사앱 확인/심프로/비교분석_BroJ_vs_OnFit.md::L176,2,경쟁사 비교/채택전략
REQ-CLS-035,수업관리,수업 관리,독립,,현재 기준 독립 요구사항으로 판단,종합 요약. BroJ=수강권 횟수 제한(일/주/월); OnFit=그룹수업 풀 관리(템플릿·패턴·룸); FitPlat 결정=OnFit 수업 + BroJ 횟수 제한,,,BroJ vs OnFit 비교분석: lastspr/요구리스트관련자료/3사앱 확인/심프로/비교분석_BroJ_vs_OnFit.md::L17,1,경쟁사 비교/채택전략
REQ-CLS-036,수업관리,수업 녹화 관리(영상 업로드·공유),독립,,현재 기준 독립 요구사항으로 판단,"수업관리 / 수업 평가(FG). 3사 비교: BroJ=×, OnFit=×, LessonBook=×, FitGenie=○. 핏지니 녹화 영상",,"BroJ=×, OnFit=×, LessonBook=×, FitGenie=○",3사앱 기능매트릭스: lastspr/요구리스트관련자료/3사앱 확인/판도/기능매트릭스 비교_v5.xlsx::기능매트릭스!R55,1,원천 기능행
REQ-CLS-037,수업관리,수업 상품 등록,유사연계,"REQ-PAY-040, REQ-PAY-036, REQ-FAC-008, REQ-FAC-016, REQ-FAC-017, REQ-PRD-014","동일 주제권이나 화면/도메인/운영 목적 차이 가능. 관련그룹=락커/사물함. 예: REQ-PAY-040 상품 유형 구분, REQ-PAY-036 상품 목록(회원권/수강권/락커/대여), REQ-FAC-008 골프/고정 물품 락커, REQ-FAC-016 락커 배정·회수·이동",4. 수업 관리. BroJ=★★★ 회원권·수강권·락커·운동복·일반 세분화; OnFit=★★ (헬스·PT·그룹); FitPlat 결정=**BroJ** 상품 유형 체계,,,BroJ vs OnFit 비교분석: lastspr/요구리스트관련자료/3사앱 확인/심프로/비교분석_BroJ_vs_OnFit.md::L86,1,경쟁사 비교/채택전략
REQ-CLS-038,수업관리,수업 성과/인기 수업,독립,,현재 기준 독립 요구사항으로 판단,인기 수업 정의가 문서에서 명확히 확인되지 않음. / 인원수 기준일 가능성이 언급됐으나 기획 측 확인 및 보완 필요.,,,회의록: lastspr/요구리스트관련자료/회의록/260518.md::L43,1,회의결정/논의
REQ-CLS-039,수업관리,수업 취소/변경,유사연계,"REQ-APP-029, REQ-PAY-017, REQ-MBR-056, REQ-PAY-033, REQ-HQ-027, REQ-PAY-031","동일 주제권이나 화면/도메인/운영 목적 차이 가능. 관련그룹=환불/취소, 자동알림/메시지. 예: REQ-APP-029 예약 취소·이력, REQ-PAY-017 결제 취소/부분환불, REQ-MBR-056 출석 체크(참석/불참/취소), REQ-PAY-033 부분 결제/부분 취소/미수금","4. 수업 관리. BroJ=★★; OnFit=★★★ 단회/전체 취소, 회원 SMS 자동 발송; FitPlat 결정=**OnFit** 채택",,,BroJ vs OnFit 비교분석: lastspr/요구리스트관련자료/3사앱 확인/심프로/비교분석_BroJ_vs_OnFit.md::L93,1,경쟁사 비교/채택전략
REQ-CLS-040,수업관리,수업 템플릿,중복병합,,동일 또는 사실상 같은 요구를 2개 출처에서 병합. 관련그룹=-,"수업관리 / 그룹수업. 3사 비교: BroJ=×, OnFit=○, LessonBook=×, FitGenie=○. 핏지니 그룹 수업 템플릿 / 수업. 반복 수업 템플릿 저장·재사용. 출처=온핏",P1,"BroJ=×, OnFit=○, LessonBook=×, FitGenie=○",3사앱 기능매트릭스: lastspr/요구리스트관련자료/3사앱 확인/판도/기능매트릭스 비교_v5.xlsx::기능매트릭스!R49 | 3사앱 통합기획 DOCX: lastspr/요구리스트관련자료/3사앱 확인/심프로/통합_헬스장_관리시스템_기획문서.docx::기능항목표 R13,2,원천 기능행
REQ-CLS-041,수업관리,수업 통계,부분포함,,상위 화면의 탭/필터/목록/모달/입력항목으로 포함될 수 있어 화면 단위 검토 필요,4. 수업 관리. BroJ=★★; OnFit=★★★ 수업별·강사별·기간별 통계 차트; FitPlat 결정=**OnFit** 통계 채택,,,BroJ vs OnFit 비교분석: lastspr/요구리스트관련자료/3사앱 확인/심프로/비교분석_BroJ_vs_OnFit.md::L91,1,경쟁사 비교/채택전략
REQ-CLS-042,수업관리,수업 통계(강사별),독립,,현재 기준 독립 요구사항으로 판단,"수업관리 / 강사 관리. 3사 비교: BroJ=○, OnFit=○, LessonBook=○, FitGenie=○. 핏지니 지점 성과 리포트",,"BroJ=○, OnFit=○, LessonBook=○, FitGenie=○",3사앱 기능매트릭스: lastspr/요구리스트관련자료/3사앱 확인/판도/기능매트릭스 비교_v5.xlsx::기능매트릭스!R52,1,원천 기능행
REQ-CLS-043,수업관리,수업 평가/피드백(별점·코멘트),독립,,현재 기준 독립 요구사항으로 판단,"수업관리 / 수업 평가(FG). 3사 비교: BroJ=×, OnFit=×, LessonBook=×, FitGenie=○. 핏지니 NPS 자동 집계",,"BroJ=×, OnFit=×, LessonBook=×, FitGenie=○",3사앱 기능매트릭스: lastspr/요구리스트관련자료/3사앱 확인/판도/기능매트릭스 비교_v5.xlsx::기능매트릭스!R53,1,원천 기능행
REQ-CLS-044,수업관리,수업/횟수 관리,독립,,현재 기준 독립 요구사항으로 판단,"수업관리 / 개인수업(PT). 3사 비교: BroJ=○, OnFit=○, LessonBook=△, FitGenie=○. 핏지니 PT 잔여 횟수",,"BroJ=○, OnFit=○, LessonBook=△, FitGenie=○",3사앱 기능매트릭스: lastspr/요구리스트관련자료/3사앱 확인/판도/기능매트릭스 비교_v5.xlsx::기능매트릭스!R44,1,원천 기능행
REQ-CLS-045,수업관리,오늘/주간 GX 스케줄 보기,유사연계,"REQ-HQ-012, REQ-RSV-040, REQ-RSV-013, REQ-RSV-015, REQ-RSV-030, REQ-RSV-039","동일 주제권이나 화면/도메인/운영 목적 차이 가능. 관련그룹=대기열/예약제한. 예: REQ-HQ-012 GX 출석률, REQ-RSV-040 정원/대기자 관리, REQ-RSV-013 그룹 수업 통합 기준, REQ-RSV-015 노쇼 처리 통합 기준","Member App > GX 스케줄 > GX 리스트. 지점의 GX 클래스 일정, 정원, 잔여석, 대기 여부를 한 눈에 볼 수 있다.. Input=지점ID, GX 스케줄 테이블, 회원ID(개인 예약 여부 표시용). Output=GX 클래스 리스트(시간/정원/잔여석/예약상태). 대안=",,,스포짐 요구사항: lastspr/요구리스트관련자료/스포짐요구사항/스포짐FG_수정_공유 2025_1228.xlsx::4. (수정)VC 디스크립션!R29,1,스포짐 원천요구
REQ-CLS-046,수업관리,오늘 클래스 목록,유사연계,"REQ-HQ-092, REQ-HQ-072, REQ-RSV-001, REQ-RSV-009, REQ-RSV-010, REQ-RSV-013","동일 주제권이나 화면/도메인/운영 목적 차이 가능. 관련그룹=대기열/예약제한. 예: REQ-HQ-092 옴니채널 통합
 : 모든 문의 채널을 하나의 시스템으로 통합 관리
자동 리드 등록
 : 문의 접수 즉시 CRM에 자동 등록 및 담당자 배정
리마인드 자동화
 : 상담 예약 확정, 1일 전, 2시간 전 자동 알림
노쇼 대응
 : 미방문 시 자동 재예약 유도 및 대안 제시, REQ-HQ-072 스마트 예약 시스템
 : AI 기반 최적 스케줄링 및 자동 대기열 관리
실시간 시설 현황판
 : 각 시설별 실시간 이용현황, 예약가능 시간표시
 자동 알림 시스템
 : 예약 확정, 취소, 대기 순번 변동 시 자동 알림
 모바일 앱 통합
 : 회원이 언제든 예약/취소 가능한 모바일 UI, REQ-RSV-001 BroJ 노쇼 패널티 전용 탭 (RES-005 보완), REQ-RSV-009 대기열 관리","Manager App > GX 예약 운영 > 클래스 운영. 오늘 운영되는 모든 GX 클래스를 정원, 출석률과 함께 보여준다.. Input=GX 스케줄, 정원수, 출석 기록. Output=클래스 리스트, 출석률 %, 강사별 통계. 대안=",,,스포짐 요구사항: lastspr/요구리스트관련자료/스포짐요구사항/스포짐FG_수정_공유 2025_1228.xlsx::4. (수정)VC 디스크립션!R113,1,스포짐 원천요구
REQ-CLS-047,수업관리,완강/재구매 추천 표시,유사연계,"REQ-MBR-050, REQ-MBR-049, REQ-HQ-009, REQ-STF-032, REQ-HQ-106, REQ-HQ-109","동일 주제권이나 화면/도메인/운영 목적 차이 가능. 관련그룹=회원등급/세그먼트, 자동알림/메시지. 예: REQ-MBR-050 재등록 추천 플랜 3종, REQ-MBR-049 재등록 대상 자동 추출, REQ-HQ-009 GX 재참여율 추적 및 알림, REQ-STF-032 재등록","Staff App > PT/OT 리포트 > PT 세션. 완강까지 남은 회차와 P-Score/LTV를 기반으로 재구매 추천 타이밍을 표시한다.. Input=PT 구매 이력, 잔여 회차, P-Score, LTV Score. Output=재구매 추천 플래그, 추천 메시지 내용, 제안 이력. 대안=",,,스포짐 요구사항: lastspr/요구리스트관련자료/스포짐요구사항/스포짐FG_수정_공유 2025_1228.xlsx::4. (수정)VC 디스크립션!R83,1,스포짐 원천요구
REQ-CLS-048,수업관리,유효 수업 목록(만료/잔여),부분포함,,상위 화면의 탭/필터/목록/모달/입력항목으로 포함될 수 있어 화면 단위 검토 필요,"수업관리 / 개인수업(PT). 3사 비교: BroJ=○, OnFit=○, LessonBook=△, FitGenie=○. 핏지니 당일 운영",,"BroJ=○, OnFit=○, LessonBook=△, FitGenie=○",3사앱 기능매트릭스: lastspr/요구리스트관련자료/3사앱 확인/판도/기능매트릭스 비교_v5.xlsx::기능매트릭스!R45,1,원천 기능행
REQ-CLS-049,수업관리,일정 요청 처리(회원 변경·취소 요청 승인/반려),유사연계,"REQ-MBR-056, REQ-CLS-029, REQ-PAY-017, REQ-PAY-073, REQ-APP-029, REQ-HQ-052","동일 주제권이나 화면/도메인/운영 목적 차이 가능. 관련그룹=환불/취소. 예: REQ-MBR-056 출석 체크(참석/불참/취소), REQ-CLS-029 노쇼·페널티 관리, REQ-PAY-017 결제 취소/부분환불, REQ-PAY-073 환불 처리","수업관리 / 수업 평가(FG). 3사 비교: BroJ=×, OnFit=×, LessonBook=×, FitGenie=○. 산출물 D04-수업관리/CLS-09 — 회원이 보낸 일정 변경·취소 요청 강사 승인/반려 — 차별 기능 (v5 추가)",,"BroJ=×, OnFit=×, LessonBook=×, FitGenie=○",3사앱 기능매트릭스: lastspr/요구리스트관련자료/3사앱 확인/판도/기능매트릭스 비교_v5.xlsx::기능매트릭스!R203,1,원천 기능행
REQ-CLS-050,수업관리,직원 인수인계,유사연계,"REQ-STF-038, REQ-STF-040, REQ-STF-043, REQ-SET-028, REQ-STF-044, REQ-RSV-042","동일 주제권이나 화면/도메인/운영 목적 차이 가능. 관련그룹=대시보드/KPI, 권한/역할. 예: REQ-STF-038 직원 관리, REQ-STF-040 직원/급여, REQ-STF-043 직원 목록, REQ-SET-028 직원 매핑/권한","진행 중 계약은 PT, 그룹 강의 등 진행 중인 수업/계약을 의미. / 퇴사 시 담당 회원, 수업, 진행 중 계약, FC KPI 배분 등을 어떻게 넘길지 스포짐 확인 필요.",,,회의록: lastspr/요구리스트관련자료/회의록/260518.md::L62,1,회의결정/논의
REQ-CLS-051,수업관리,출석 QR 체크인(회원 자가 출석),유사연계,"REQ-RSV-043, REQ-APP-004, REQ-RSV-019, REQ-APP-005, REQ-APP-014, REQ-APP-013","동일 주제권이나 화면/도메인/운영 목적 차이 가능. 관련그룹=출입/키오스크/모바일. 예: REQ-RSV-043 출석 QR 체크인, REQ-APP-004 QR 체크인(자가 출석), REQ-RSV-019 레슨 예약(PT/개인), REQ-APP-005 강사 검색·즐겨찾기·상세","수업관리 / 수업 평가(FG). 3사 비교: BroJ=×, OnFit=△, LessonBook=×, FitGenie=○. 핏지니 회원앱 QR",,"BroJ=×, OnFit=△, LessonBook=×, FitGenie=○",3사앱 기능매트릭스: lastspr/요구리스트관련자료/3사앱 확인/판도/기능매트릭스 비교_v5.xlsx::기능매트릭스!R54,1,원천 기능행
REQ-CLS-052,수업관리,출석/참여 히스토리,독립,,현재 기준 독립 요구사항으로 판단,"Member App > GX 스케줄 > 내 GX 기록. 본인이 참여한 GX 클래스 이력, 출석률, 선호 클래스 타입을 확인할 수 있다.. Input=회원ID, GX Attendance 기록. Output=참여 이력 리스트, 출석률, 선호 카테고리 통계. 대안=",,,스포짐 요구사항: lastspr/요구리스트관련자료/스포짐요구사항/스포짐FG_수정_공유 2025_1228.xlsx::4. (수정)VC 디스크립션!R33,1,스포짐 원천요구
REQ-CLS-053,수업관리,트레이너 실적,유사연계,"REQ-STF-049, REQ-STF-050, REQ-HQ-138, REQ-STF-048, REQ-STF-051, REQ-MBR-015","동일 주제권이나 화면/도메인/운영 목적 차이 가능. 관련그룹=권한/역할. 예: REQ-STF-049 트레이너 실적 정산, REQ-STF-050 트레이너 실적 현황, REQ-HQ-138 트레이너 실적 리포트, REQ-STF-048 트레이너 OT",4. 수업 관리. BroJ=★★; OnFit=★★★ 수업수·회원수·매출 통합 실적 화면; FitPlat 결정=**OnFit** 트레이너 실적 채택,,,BroJ vs OnFit 비교분석: lastspr/요구리스트관련자료/3사앱 확인/심프로/비교분석_BroJ_vs_OnFit.md::L89,1,경쟁사 비교/채택전략
REQ-PAY-001,매출·결제,BroJ 미수금 수납 프로세스 (PAY-004 보완),유사연계,"REQ-PAY-004, REQ-MBR-005, REQ-MBR-007, REQ-SET-020, REQ-PAY-006, REQ-PAY-005","동일 주제권이나 화면/도메인/운영 목적 차이 가능. 관련그룹=미수금/미납/잔액, 결제/수납/분할. 예: REQ-PAY-004 BroJ 분할결제 상세 (PAY-002 보완), REQ-MBR-005 AT-RISK 리스트, REQ-MBR-007 LOST 회원 리스트, REQ-SET-020 서비스 요금제(SaaS 구독)",PRD_04 매출·결제 — 추가 필요,,,BroJ vs OnFit PRD 보완: lastspr/요구리스트관련자료/3사앱 확인/심프로/비교분석_BroJ_vs_OnFit.md::L183,1,보완필요
REQ-PAY-002,매출·결제,BroJ 미수금 추적 연동 (MEM-004에 추가),유사연계,"REQ-HQ-149, REQ-PAY-001, REQ-MBR-060, REQ-PRD-009, REQ-GEN-062, REQ-PAY-031","동일 주제권이나 화면/도메인/운영 목적 차이 가능. 관련그룹=미수금/미납/잔액. 예: REQ-HQ-149 회원 앱 결제
 : 언제 어디서나 간편 결제 가능
자동 정산
 : 모든 결제 데이터 실시간 회계 시스템 연동
미수금 자동 관리
 : 연체 시 자동 알림 및 결제 독촉
다양한 결제 수단
 : 카드, 계좌이체, 간편결제 등 선택권 확대, REQ-PAY-001 BroJ 미수금 수납 프로세스 (PAY-004 보완), REQ-MBR-060 포인트/배지 요약, REQ-PRD-009 지점 다중 소속/홈&오피스",PRD_01 회원관리 — 추가 필요,,,BroJ vs OnFit PRD 보완: lastspr/요구리스트관련자료/3사앱 확인/심프로/비교분석_BroJ_vs_OnFit.md::L169,1,보완필요
REQ-PAY-003,매출·결제,BroJ 분할결제 (MEM-004에 추가),유사연계,"REQ-HQ-031, REQ-APP-017, REQ-APP-007, REQ-APP-023, REQ-PAY-004, REQ-HQ-089","동일 주제권이나 화면/도메인/운영 목적 차이 가능. 관련그룹=결제/수납/분할. 예: REQ-HQ-031 결제 전환율, REQ-APP-017 매점 셀프 결제, REQ-APP-007 결제 이력/영수증, REQ-APP-023 상품 스토어·결제수단 관리",PRD_01 회원관리 — 추가 필요,,,BroJ vs OnFit PRD 보완: lastspr/요구리스트관련자료/3사앱 확인/심프로/비교분석_BroJ_vs_OnFit.md::L168,1,보완필요
REQ-PAY-004,매출·결제,BroJ 분할결제 상세 (PAY-002 보완),유사연계,"REQ-MBR-072, REQ-HQ-031, REQ-PAY-001, REQ-PAY-006, REQ-APP-017, REQ-APP-007","동일 주제권이나 화면/도메인/운영 목적 차이 가능. 관련그룹=결제/수납/분할. 예: REQ-MBR-072 회원 상세 탭, REQ-HQ-031 결제 전환율, REQ-PAY-001 BroJ 미수금 수납 프로세스 (PAY-004 보완), REQ-PAY-006 BroJ 해피아워 규칙 (PAY-003 보완)",PRD_04 매출·결제 — 추가 필요,,,BroJ vs OnFit PRD 보완: lastspr/요구리스트관련자료/3사앱 확인/심프로/비교분석_BroJ_vs_OnFit.md::L181,1,보완필요
REQ-PAY-005,매출·결제,BroJ 카드뷰 POS UX (PAY-001 보완),유사연계,"REQ-MBR-005, REQ-MBR-007, REQ-PAY-004, REQ-PAY-006, REQ-SET-020, REQ-HQ-043","동일 주제권이나 화면/도메인/운영 목적 차이 가능. 관련그룹=결제/수납/분할. 예: REQ-MBR-005 AT-RISK 리스트, REQ-MBR-007 LOST 회원 리스트, REQ-PAY-004 BroJ 분할결제 상세 (PAY-002 보완), REQ-PAY-006 BroJ 해피아워 규칙 (PAY-003 보완)",PRD_04 매출·결제 — 추가 필요,,,BroJ vs OnFit PRD 보완: lastspr/요구리스트관련자료/3사앱 확인/심프로/비교분석_BroJ_vs_OnFit.md::L180,1,보완필요
REQ-PAY-006,매출·결제,BroJ 해피아워 규칙 (PAY-003 보완),유사연계,"REQ-PAY-004, REQ-PAY-005, REQ-PAY-001, REQ-HQ-063, REQ-MBR-043, REQ-CLS-016","동일 주제권이나 화면/도메인/운영 목적 차이 가능. 관련그룹=결제/수납/분할. 예: REQ-PAY-004 BroJ 분할결제 상세 (PAY-002 보완), REQ-PAY-005 BroJ 카드뷰 POS UX (PAY-001 보완), REQ-PAY-001 BroJ 미수금 수납 프로세스 (PAY-004 보완), REQ-HQ-063 손익 요약 보기",PRD_04 매출·결제 — 추가 필요,,,BroJ vs OnFit PRD 보완: lastspr/요구리스트관련자료/3사앱 확인/심프로/비교분석_BroJ_vs_OnFit.md::L182,1,보완필요
REQ-PAY-007,매출·결제,PG/VAN 결제 자체는 판도 개발팀이 개발하는 것으로 정리,유사연계,"REQ-APP-007, REQ-OPS-005, REQ-APP-023, REQ-HQ-031, REQ-APP-017, REQ-MBR-008","동일 주제권이나 화면/도메인/운영 목적 차이 가능. 관련그룹=결제/수납/분할. 예: REQ-APP-007 결제 이력/영수증, REQ-OPS-005 개발 일정/API/알림, REQ-APP-023 상품 스토어·결제수단 관리, REQ-HQ-031 결제 전환율",PG/VAN 결제 자체는 판도 개발팀이 개발하는 것으로 정리,,,회의록: lastspr/요구리스트관련자료/회의록/260428.md::L74,1,회의결정/논의
REQ-PAY-008,매출·결제,VAN사/PG/수수료,독립,,현재 기준 독립 요구사항으로 판단,"현재 VAN사가 한국정보통신, KPN, 나이스 등으로 섞여 있음. / VAN사는 하나로 통일하는 것이 커뮤니케이션과 운영상 유리하다는 의견. / 지점별 수수료율이 다를 수 있어 실제 입금 내역/수수료 확인 필요. / 담당 VAN/PG 업체 미팅 또는 담당자 확인 필요.",,,회의록: lastspr/요구리스트관련자료/회의록/260519.md::L26,1,회의결정/논의
REQ-PAY-009,매출·결제,가능 횟수 설정(일/주/월 제한),유사연계,"REQ-PAY-021, REQ-PAY-050, REQ-APP-017, REQ-PAY-051, REQ-PAY-052, REQ-PAY-036","동일 주제권이나 화면/도메인/운영 목적 차이 가능. 관련그룹=결제/수납/분할. 예: REQ-PAY-021 기간 정지(휴회), REQ-PAY-050 이용권 양도, REQ-APP-017 매점 셀프 결제, REQ-PAY-051 이용권 업그레이드·변경","매출·결제 / 상품 관리. 3사 비교: BroJ=○, OnFit=○, LessonBook=△, FitGenie=○. 핏지니 이용권 관리",,"BroJ=○, OnFit=○, LessonBook=△, FitGenie=○",3사앱 기능매트릭스: lastspr/요구리스트관련자료/3사앱 확인/판도/기능매트릭스 비교_v5.xlsx::기능매트릭스!R58,1,원천 기능행
REQ-PAY-010,매출·결제,결제내역/영수증/승인번호,유사연계,"REQ-APP-007, REQ-APP-023, REQ-HQ-031, REQ-APP-017, REQ-PAY-011, REQ-HQ-089","동일 주제권이나 화면/도메인/운영 목적 차이 가능. 관련그룹=결제/수납/분할, 환불/취소. 예: REQ-APP-007 결제 이력/영수증, REQ-APP-023 상품 스토어·결제수단 관리, REQ-HQ-031 결제 전환율, REQ-APP-017 매점 셀프 결제",회원별 결제내역과 영수증/인보이스 확인 기능은 필요. / 승인번호는 CRM 내부에서 확인 가능해야 취소/변경 업무가 쉬움. / 영수증 사진/OCR 또는 POS 연동으로 승인번호 자동 입력이 되면 수기 오류를 크게 줄일 수 있음. / POS 내장/연동은 이상적이나 1.0 범위에서는 우선순위 조정 필요.,,,회의록: lastspr/요구리스트관련자료/회의록/260519.md::L41,1,회의결정/논의
REQ-PAY-011,매출·결제,결제 내역 확인,유사연계,"REQ-HQ-031, REQ-APP-017, REQ-APP-007, REQ-APP-023, REQ-HQ-089, REQ-PAY-010","동일 주제권이나 화면/도메인/운영 목적 차이 가능. 관련그룹=결제/수납/분할. 예: REQ-HQ-031 결제 전환율, REQ-APP-017 매점 셀프 결제, REQ-APP-007 결제 이력/영수증, REQ-APP-023 상품 스토어·결제수단 관리","Member App > 결제/재등록 > 영수증. 결제 완료 후 영수증, 이용기간, 상품 상세 정보를 확인할 수 있다.. Input=주문ID, 결제 기록, 상품 정보. Output=영수증 화면 데이터, 재전송/다운로드 이력. 대안=",,,스포짐 요구사항: lastspr/요구리스트관련자료/스포짐요구사항/스포짐FG_수정_공유 2025_1228.xlsx::4. (수정)VC 디스크립션!R54,1,스포짐 원천요구
REQ-PAY-012,매출·결제,결제링크,유사연계,"REQ-HQ-031, REQ-APP-017, REQ-APP-007, REQ-HQ-089, REQ-APP-023, REQ-PAY-013","동일 주제권이나 화면/도메인/운영 목적 차이 가능. 관련그룹=결제/수납/분할. 예: REQ-HQ-031 결제 전환율, REQ-APP-017 매점 셀프 결제, REQ-APP-007 결제 이력/영수증, REQ-HQ-089 - 온라인/모바일 간편결제 및 키오스크 결제","스포짐 요청이라기보다 기획 측 판단으로 추가한 기능. / 일단 개발 대상으로 보되, 최종 진행 여부는 판도에서 다시 판단. / 실제 결제는 판도 영역, 링크 발송 주체는 CRM이 될 가능성이 높음. / PG/핏지니 결제 연동 API는 판도에서 제공하는 방향.",,,회의록: lastspr/요구리스트관련자료/회의록/260518.md::L76,1,회의결정/논의
REQ-PAY-013,매출·결제,결제링크 발송(자가 결제),유사연계,"REQ-HQ-089, REQ-PAY-018, REQ-PAY-031, REQ-APP-017, REQ-HQ-031, REQ-APP-007","동일 주제권이나 화면/도메인/운영 목적 차이 가능. 관련그룹=결제/수납/분할. 예: REQ-HQ-089 - 온라인/모바일 간편결제 및 키오스크 결제, REQ-PAY-018 결제(현금/카드/할부/마일리지), REQ-PAY-031 미수금 관리, REQ-APP-017 매점 셀프 결제","매출·결제 / 판매·결제(FG). 3사 비교: BroJ=×, OnFit=×, LessonBook=×, FitGenie=○. 핏지니 결제링크 — 차별",,"BroJ=×, OnFit=×, LessonBook=×, FitGenie=○",3사앱 기능매트릭스: lastspr/요구리스트관련자료/3사앱 확인/판도/기능매트릭스 비교_v5.xlsx::기능매트릭스!R69,1,원천 기능행
REQ-PAY-014,매출·결제,결제/매출,유사연계,"REQ-HQ-031, REQ-APP-017, REQ-APP-007, REQ-APP-023, REQ-HQ-089, REQ-CLS-016","동일 주제권이나 화면/도메인/운영 목적 차이 가능. 관련그룹=미수금/미납/잔액, 결제/수납/분할, 환불/취소. 예: REQ-HQ-031 결제 전환율, REQ-APP-017 매점 셀프 결제, REQ-APP-007 결제 이력/영수증, REQ-APP-023 상품 스토어·결제수단 관리","종합 요약. BroJ=분할결제, 해피아워, 미수금, 카드뷰 POS; OnFit=기간정지·양도·환불, 업그레이드; FitPlat 결정=양쪽 전부 통합",,,BroJ vs OnFit 비교분석: lastspr/요구리스트관련자료/3사앱 확인/심프로/비교분석_BroJ_vs_OnFit.md::L14,1,경쟁사 비교/채택전략
REQ-PAY-015,매출·결제,결제 방식 통합 기준,유사연계,"REQ-HQ-031, REQ-APP-017, REQ-APP-007, REQ-APP-023, REQ-HQ-150, REQ-HQ-089","동일 주제권이나 화면/도메인/운영 목적 차이 가능. 관련그룹=결제/수납/분할. 예: REQ-HQ-031 결제 전환율, REQ-APP-017 매점 셀프 결제, REQ-APP-007 결제 이력/영수증, REQ-APP-023 상품 스토어·결제수단 관리",온핏 기반=기본 결제; 브로제이 보완=분할결제·선수익금 ✓; 레슨북 고도화=—,,,3사앱 역할비교 DOCX: lastspr/요구리스트관련자료/3사앱 확인/심프로/통합_헬스장_관리시스템_기획문서.docx::기능영역표 R9,1,역할비교/중복보강
REQ-PAY-016,매출·결제,결제수단 선택·결제,유사연계,"REQ-APP-023, REQ-APP-007, REQ-HQ-089, REQ-HQ-031, REQ-APP-017, REQ-HQ-149","동일 주제권이나 화면/도메인/운영 목적 차이 가능. 관련그룹=결제/수납/분할. 예: REQ-APP-023 상품 스토어·결제수단 관리, REQ-APP-007 결제 이력/영수증, REQ-HQ-089 - 온라인/모바일 간편결제 및 키오스크 결제, REQ-HQ-031 결제 전환율","Member App > 결제/재등록 > 결제 화면. 카드/계좌 등의 결제수단 선택 후, 앱 내에서 회원권·PT·패키지를 결제할 수 있다.. Input=회원ID, 선택 상품ID, 결제수단 정보, 결제 금액. Output=결제 승인/실패 결과, 주문ID, 이용기간/상품 정보. 대안=",,,스포짐 요구사항: lastspr/요구리스트관련자료/스포짐요구사항/스포짐FG_수정_공유 2025_1228.xlsx::4. (수정)VC 디스크립션!R53,1,스포짐 원천요구
REQ-PAY-017,매출·결제,결제 취소/부분환불,유사연계,"REQ-SET-020, REQ-HQ-031, REQ-MBR-056, REQ-PAY-073, REQ-PAY-057, REQ-PAY-058","동일 주제권이나 화면/도메인/운영 목적 차이 가능. 관련그룹=결제/수납/분할, 환불/취소. 예: REQ-SET-020 서비스 요금제(SaaS 구독), REQ-HQ-031 결제 전환율, REQ-MBR-056 출석 체크(참석/불참/취소), REQ-PAY-073 환불 처리","매출·결제 / 매출 고급(FG). 3사 비교: BroJ=△, OnFit=○, LessonBook=△, FitGenie=○. 핏지니 부분환불",,"BroJ=△, OnFit=○, LessonBook=△, FitGenie=○",3사앱 기능매트릭스: lastspr/요구리스트관련자료/3사앱 확인/판도/기능매트릭스 비교_v5.xlsx::기능매트릭스!R86,1,원천 기능행
REQ-PAY-018,매출·결제,결제(현금/카드/할부/마일리지),유사연계,"REQ-APP-017, REQ-PAY-013, REQ-PAY-031, REQ-APP-023, REQ-HQ-031, REQ-APP-007","동일 주제권이나 화면/도메인/운영 목적 차이 가능. 관련그룹=결제/수납/분할. 예: REQ-APP-017 매점 셀프 결제, REQ-PAY-013 결제링크 발송(자가 결제), REQ-PAY-031 미수금 관리, REQ-APP-023 상품 스토어·결제수단 관리","매출·결제 / 판매·결제. 3사 비교: BroJ=○, OnFit=○, LessonBook=△, FitGenie=○. 핏지니 결제 처리",,"BroJ=○, OnFit=○, LessonBook=△, FitGenie=○",3사앱 기능매트릭스: lastspr/요구리스트관련자료/3사앱 확인/판도/기능매트릭스 비교_v5.xlsx::기능매트릭스!R65,1,원천 기능행
REQ-PAY-019,매출·결제,결제 후 수기 정보 입력 UX,유사연계,"REQ-APP-007, REQ-APP-023, REQ-HQ-031, REQ-APP-017, REQ-MBR-038, REQ-HQ-150","동일 주제권이나 화면/도메인/운영 목적 차이 가능. 관련그룹=결제/수납/분할, 전자계약/서명. 예: REQ-APP-007 결제 이력/영수증, REQ-APP-023 상품 스토어·결제수단 관리, REQ-HQ-031 결제 전환율, REQ-APP-017 매점 셀프 결제","현재 온핏/브로제이에서는 결제 후 수기 입력, 영수증/승인번호 처리까지 2~3분 정도 소요. / 회원 상담 직후 현장에서 바로 결제/계약서 확인까지 끝내는 흐름이 이상적. / 개발 후 실제 사용해보고 클릭 수, depth, 중복 입력을 줄이는 방향으로 UX 개선 필요. / 기존 온핏/브로제이 사용자라면 30분 내 사용 가능할 것으로 보이나, 초보 직원을 위한 사용 가이드 필요.",,,회의록: lastspr/요구리스트관련자료/회의록/260519.md::L8,1,회의결정/논의
REQ-PAY-020,매출·결제,계좌이체/현금영수증,유사연계,"REQ-APP-007, REQ-MBR-008, REQ-HQ-114, REQ-PRD-007, REQ-APP-023, REQ-SET-020","동일 주제권이나 화면/도메인/운영 목적 차이 가능. 관련그룹=결제/수납/분할. 예: REQ-APP-007 결제 이력/영수증, REQ-MBR-008 LTV 변화 추이, REQ-HQ-114 전체 회원 LTV, REQ-PRD-007 이용권 업그레이드",카드/현금 외에 계좌이체 결제수단도 필요. / 계좌이체 시 입금자명이 회원명과 다를 수 있으므로 입금자명 입력 필드 필요. / 매장 직원이 입금자명과 결제 정보를 입력하는 방식. / 현금영수증 처리 여부와 입력 항목 확인 필요.,,,회의록: lastspr/요구리스트관련자료/회의록/260519.md::L36,1,회의결정/논의
REQ-PAY-021,매출·결제,기간 정지(휴회),유사연계,"REQ-PAY-009, REQ-PAY-050, REQ-APP-017, REQ-PAY-051, REQ-PAY-052, REQ-PAY-036","동일 주제권이나 화면/도메인/운영 목적 차이 가능. 관련그룹=결제/수납/분할. 예: REQ-PAY-009 가능 횟수 설정(일/주/월 제한), REQ-PAY-050 이용권 양도, REQ-APP-017 매점 셀프 결제, REQ-PAY-051 이용권 업그레이드·변경","매출·결제 / 이용권 사후관리. 3사 비교: BroJ=△, OnFit=○, LessonBook=○, FitGenie=○. 핏지니 정지",,"BroJ=△, OnFit=○, LessonBook=○, FitGenie=○",3사앱 기능매트릭스: lastspr/요구리스트관련자료/3사앱 확인/판도/기능매트릭스 비교_v5.xlsx::기능매트릭스!R76,1,원천 기능행
REQ-PAY-022,매출·결제,레슨기록 DB Migration,유사연계,"REQ-MBR-005, REQ-HQ-150, REQ-HQ-063, REQ-MBR-008, REQ-HQ-114, REQ-MBR-043","동일 주제권이나 화면/도메인/운영 목적 차이 가능. 관련그룹=결제/수납/분할. 예: REQ-MBR-005 AT-RISK 리스트, REQ-HQ-150 - 회원 정보 통합 관리
 (기본 정보, 회원권, PT/GX 내역, 상담 기록), REQ-HQ-063 손익 요약 보기, REQ-MBR-008 LTV 변화 추이","기존 온핏/브로제이/레슨북 등에서 CRM으로 필요한 데이터를 이전하는 작업. / 레슨만이 아니라 회원, 직원, 결제, 출석, 변경/수정 이력 등 연관 데이터 전체가 대상이 될 수 있음. / 범위가 과도하다고 판단되면 제로스트가 의견을 주기로 함.",,,회의록: lastspr/요구리스트관련자료/회의록/260518.md::L81,1,회의결정/논의
REQ-PAY-023,매출·결제,마일리지,유사연계,"REQ-MBR-005, REQ-MBR-007, REQ-OPS-005, REQ-PRD-009, REQ-APP-023, REQ-HQ-043","동일 주제권이나 화면/도메인/운영 목적 차이 가능. 관련그룹=결제/수납/분할. 예: REQ-MBR-005 AT-RISK 리스트, REQ-MBR-007 LOST 회원 리스트, REQ-OPS-005 개발 일정/API/알림, REQ-PRD-009 지점 다중 소속/홈&오피스","마일리지는 1.0에서 기본 구조를 둘 수 있음. / 현재는 결제 금액의 N% 또는 고정 금액을 적립/페이백처럼 사용하는 개념. / 사용은 결제 시 적용하는 방식. / 스포짐이 적립률, 사용 기준, 소멸 기준, 지점별 허용 범위를 정책으로 정의해 전달 필요.",,,회의록: lastspr/요구리스트관련자료/회의록/260519.md::L77,1,회의결정/논의
REQ-PAY-024,매출·결제,매출 관리,유사연계,"REQ-PAY-028, REQ-PAY-062, REQ-APP-017, REQ-SET-020, REQ-PAY-025, REQ-PAY-027","동일 주제권이나 화면/도메인/운영 목적 차이 가능. 관련그룹=결제/수납/분할. 예: REQ-PAY-028 매출 유형 탭(7종 분석), REQ-PAY-062 통합 매출 내역, REQ-APP-017 매점 셀프 결제, REQ-SET-020 서비스 요금제(SaaS 구독)","매출·결제 / 매출 분석. 3사 비교: BroJ=○, OnFit=○, LessonBook=○, FitGenie=○. 핏지니 매출 현황 허브",,"BroJ=○, OnFit=○, LessonBook=○, FitGenie=○",3사앱 기능매트릭스: lastspr/요구리스트관련자료/3사앱 확인/판도/기능매트릭스 비교_v5.xlsx::기능매트릭스!R78,1,원천 기능행
REQ-PAY-025,매출·결제,매출 관리 (상세),유사연계,"REQ-MBR-072, REQ-PAY-024, REQ-CLS-026, REQ-CLS-029, REQ-APP-023, REQ-HQ-150","동일 주제권이나 화면/도메인/운영 목적 차이 가능. 관련그룹=결제/수납/분할, 환불/취소. 예: REQ-MBR-072 회원 상세 탭, REQ-PAY-024 매출 관리, REQ-CLS-026 그룹수업 관리, REQ-CLS-029 노쇼·페널티 관리","매출·결제. 결제 내역, 취소·환불 처리. 출처=온핏",P1,,3사앱 통합기획 DOCX: lastspr/요구리스트관련자료/3사앱 확인/심프로/통합_헬스장_관리시스템_기획문서.docx::기능항목표 R20,1,3사 앱 기능요약
REQ-PAY-026,매출·결제,매출 구성 보기,유사연계,"REQ-HQ-063, REQ-MBR-043, REQ-APP-017, REQ-CLS-016, REQ-CLS-020, REQ-HQ-150","동일 주제권이나 화면/도메인/운영 목적 차이 가능. 관련그룹=결제/수납/분할. 예: REQ-HQ-063 손익 요약 보기, REQ-MBR-043 운동 요약 보여주기, REQ-APP-017 매점 셀프 결제, REQ-CLS-016 PT 재구매율 비교","Manager App > 지점 손익 > 매출 상세. 회원권/PT/GX/필라테스/부가서비스 등 카테고리별 매출을 분석해 보여준다.. Input=상품 카테고리, 매출 로그, 결제 기록. Output=카테고리별 매출 %, 구성 비율 차트. 대안=",,,스포짐 요구사항: lastspr/요구리스트관련자료/스포짐요구사항/스포짐FG_수정_공유 2025_1228.xlsx::4. (수정)VC 디스크립션!R101,1,스포짐 원천요구
REQ-PAY-027,매출·결제,매출 예측,유사연계,"REQ-SET-020, REQ-PAY-024, REQ-PAY-028, REQ-PAY-030, REQ-PAY-043, REQ-PAY-062","동일 주제권이나 화면/도메인/운영 목적 차이 가능. 관련그룹=결제/수납/분할. 예: REQ-SET-020 서비스 요금제(SaaS 구독), REQ-PAY-024 매출 관리, REQ-PAY-028 매출 유형 탭(7종 분석), REQ-PAY-030 매출 통계·차트 분석","매출·결제 / 매출 고급(FG). 3사 비교: BroJ=×, OnFit=×, LessonBook=×, FitGenie=○. 핏지니 매출 목표 + 예측 — 차별",,"BroJ=×, OnFit=×, LessonBook=×, FitGenie=○",3사앱 기능매트릭스: lastspr/요구리스트관련자료/3사앱 확인/판도/기능매트릭스 비교_v5.xlsx::기능매트릭스!R87,1,원천 기능행
REQ-PAY-028,매출·결제,매출 유형 탭(7종 분석),유사연계,"REQ-PAY-024, REQ-PAY-062, REQ-APP-017, REQ-SET-020, REQ-PAY-027, REQ-PAY-030","동일 주제권이나 화면/도메인/운영 목적 차이 가능. 관련그룹=결제/수납/분할. 예: REQ-PAY-024 매출 관리, REQ-PAY-062 통합 매출 내역, REQ-APP-017 매점 셀프 결제, REQ-SET-020 서비스 요금제(SaaS 구독)","매출·결제 / 매출 고급(FG). 3사 비교: BroJ=△, OnFit=○, LessonBook=△, FitGenie=○. 핏지니 매출 현황 분석 탭 7종",,"BroJ=△, OnFit=○, LessonBook=△, FitGenie=○",3사앱 기능매트릭스: lastspr/요구리스트관련자료/3사앱 확인/판도/기능매트릭스 비교_v5.xlsx::기능매트릭스!R82,1,원천 기능행
REQ-PAY-029,매출·결제,매출 통계,중복병합,"REQ-STF-009, REQ-PAY-030, REQ-CLS-050, REQ-SET-028, REQ-SET-029, REQ-HQ-025","동일 또는 사실상 같은 요구를 3개 출처에서 병합. 관련그룹=결제/수납/분할, 권한/역할","매출·결제. 일별·월별·지점별 매출 차트. 출처=온핏 / 2. 결제 · 매출. BroJ=★★ (통합 매출 내역 탭); OnFit=★★★ 매출 분석 차트·트레이너별 실적; FitPlat 결정=**OnFit** 통계 채택 / 상품별, 상품 타입별, 결제수단별 등 차트/그래프 7종 수준의 통계가 기획에 포함됨. / 기존 CRM 화면을 보며 기능 의도를 확인했고, 난이도/비용 이슈가 있으면 제로스트가 의견을 주기로 함.",P1,,3사앱 통합기획 DOCX: lastspr/요구리스트관련자료/3사앱 확인/심프로/통합_헬스장_관리시스템_기획문서.docx::기능항목표 R19 | BroJ vs OnFit 비교분석: lastspr/요구리스트관련자료/3사앱 확인/심프로/비교분석_BroJ_vs_OnFit.md::L56 | 회의록: lastspr/요구리스트관련자료/회의록/260518.md::L52,3,3사 앱 기능요약
REQ-PAY-030,매출·결제,매출 통계·차트 분석,유사연계,"REQ-SET-020, REQ-PAY-024, REQ-PAY-027, REQ-PAY-028, REQ-PAY-043, REQ-PAY-062","동일 주제권이나 화면/도메인/운영 목적 차이 가능. 관련그룹=결제/수납/분할. 예: REQ-SET-020 서비스 요금제(SaaS 구독), REQ-PAY-024 매출 관리, REQ-PAY-027 매출 예측, REQ-PAY-028 매출 유형 탭(7종 분석)","매출·결제 / 매출 분석. 3사 비교: BroJ=○, OnFit=○, LessonBook=○, FitGenie=○. 핏지니 매출 통계",,"BroJ=○, OnFit=○, LessonBook=○, FitGenie=○",3사앱 기능매트릭스: lastspr/요구리스트관련자료/3사앱 확인/판도/기능매트릭스 비교_v5.xlsx::기능매트릭스!R79,1,원천 기능행
REQ-PAY-031,매출·결제,미수금 관리,중복병합,"REQ-SET-020, REQ-APP-023, REQ-PAY-013, REQ-PAY-018, REQ-APP-017, REQ-MKT-030","동일 또는 사실상 같은 요구를 4개 출처에서 병합. 관련그룹=미수금/미납/잔액, 결제/수납/분할, 자동알림/메시지","매출·결제 / 매출 분석. 3사 비교: BroJ=○, OnFit=△, LessonBook=△, FitGenie=○. 핏지니 미수금 관리 / 매출·결제. 미납금 추적·알림·회수 처리. 출처=브로제이 / 온핏 기반=선수익금 조회; 브로제이 보완=미수금 관리 전용 메뉴 ✓; 레슨북 고도화=— / 2. 결제 · 매출. BroJ=★★★ 전용 화면, 회원별 미수금 추적, 수납 처리; OnFit=★★ (결제 시 미수 기록만); FitPlat 결정=**BroJ** 미수금 관리 채택",P2,"BroJ=○, OnFit=△, LessonBook=△, FitGenie=○",3사앱 기능매트릭스: lastspr/요구리스트관련자료/3사앱 확인/판도/기능매트릭스 비교_v5.xlsx::기능매트릭스!R81 | 3사앱 통합기획 DOCX: lastspr/요구리스트관련자료/3사앱 확인/심프로/통합_헬스장_관리시스템_기획문서.docx::기능항목표 R24 | 3사앱 역할비교 DOCX: lastspr/요구리스트관련자료/3사앱 확인/심프로/통합_헬스장_관리시스템_기획문서.docx::기능영역표 R10 | BroJ vs OnFit 비교분석: lastspr/요구리스트관련자료/3사앱 확인/심프로/비교분석_BroJ_vs_OnFit.md::L53,4,원천 기능행
REQ-PAY-032,매출·결제,배지·포인트 지급,유사연계,"REQ-MBR-064, REQ-CLS-021, REQ-FAC-023, REQ-APP-019, REQ-MBR-014, REQ-MBR-065","동일 주제권이나 화면/도메인/운영 목적 차이 가능. 관련그룹=회원등급/세그먼트. 예: REQ-MBR-064 회원 등급, REQ-CLS-021 PT 패키지 선택, REQ-FAC-023 민원 발생 트래킹, REQ-APP-019 멤버십 등급 조회","Member App > 오늘의 운동 루틴 > 루틴 완료. 루틴 완료 시 배지(연속일수, consistency 등)와 포인트를 자동 지급하고, 마일리지·혜택과 연결한다.. Input=회원ID, 루틴 완료 상태, 연속 수행일수, 기존 배지/포인트. Output=지급된 포인트/배지, 리워드 로그, LTV/Loyalty Score 업데이트. 대안=",,,스포짐 요구사항: lastspr/요구리스트관련자료/스포짐요구사항/스포짐FG_수정_공유 2025_1228.xlsx::4. (수정)VC 디스크립션!R23,1,스포짐 원천요구
REQ-PAY-033,매출·결제,부분 결제/부분 취소/미수금,유사연계,"REQ-APP-007, REQ-APP-023, REQ-HQ-031, REQ-CLS-006, REQ-CLS-039, REQ-APP-017","동일 주제권이나 화면/도메인/운영 목적 차이 가능. 관련그룹=미수금/미납/잔액, 결제/수납/분할, 환불/취소, 자동알림/메시지, 출입/키오스크/모바일. 예: REQ-APP-007 결제 이력/영수증, REQ-APP-023 상품 스토어·결제수단 관리, REQ-HQ-031 결제 전환율, REQ-CLS-006 GX 예약/취소","스포짐은 하나의 상품 또는 여러 상품을 카드 2~3개, 현금, 계좌이체 등으로 나눠 결제하는 케이스가 있음. / 한 화면에서 여러 결제수단/매입사별 결제를 등록하고, 취소/변경도 같은 화면에서 처리되면 좋다는 요구. / 카드 승인 건 자체는 기본적으로 승인금액 단위 전체 취소가 원칙으로 이해. / 상품 일부 취소나 결제수단 일부 취소 시 남은 금액은 미수금으로 잡혀야 함. / 1.0에서는 CRM에서 미수금을 관리하고, 회원앱/키오스크에서 반복 알림까지 띄우는 것은 제외하는 방향. / 미수금 알림은 추후 정책 결정 필요. 최소한 CRM에서 직원이 인지할 수 있어야 함.",,,회의록: lastspr/요구리스트관련자료/회의록/260519.md::L19,1,회의결정/논의
REQ-PAY-034,매출·결제,분할 결제,중복병합,"REQ-HQ-031, REQ-APP-017, REQ-APP-007, REQ-PAY-042, REQ-APP-023, REQ-HQ-089",동일 또는 사실상 같은 요구를 2개 출처에서 병합. 관련그룹=결제/수납/분할,매출·결제. 복합 결제 수단 분할 처리. 출처=브로제이 / 2. 결제 · 매출. BroJ=★★★ 결제수단 복수 선택 (현금+카드 혼합 등); OnFit=★★ (단일 수단); FitPlat 결정=**BroJ** 분할결제 채택,P1,,3사앱 통합기획 DOCX: lastspr/요구리스트관련자료/3사앱 확인/심프로/통합_헬스장_관리시스템_기획문서.docx::기능항목표 R23 | BroJ vs OnFit 비교분석: lastspr/요구리스트관련자료/3사앱 확인/심프로/비교분석_BroJ_vs_OnFit.md::L51,2,3사 앱 기능요약
REQ-PAY-035,매출·결제,비용 정산 승인,유사연계,"REQ-STF-018, REQ-STF-020, REQ-STF-036, REQ-STF-049, REQ-STF-015, REQ-STF-019","동일 주제권이나 화면/도메인/운영 목적 차이 가능. 관련그룹=급여/정산/지출. 예: REQ-STF-018 급여/정산/지출, REQ-STF-020 급여 정책·자동 계산, REQ-STF-036 지출 승인 내역 요약, REQ-STF-049 트레이너 실적 정산","Manager App > 전자결재 > 결재 리스트. 직원이 제출한 영수증 기반 정산 요청을 검토/승인한다.. Input=정산 요청서, 영수증, 금액. Output=정산 승인/반려 결과. 대안=",,,스포짐 요구사항: lastspr/요구리스트관련자료/스포짐요구사항/스포짐FG_수정_공유 2025_1228.xlsx::4. (수정)VC 디스크립션!R123,1,스포짐 원천요구
REQ-PAY-036,매출·결제,상품 목록(회원권/수강권/락커/대여),유사연계,"REQ-APP-017, REQ-PRD-014, REQ-FAC-021, REQ-PAY-009, REQ-PAY-021, REQ-PAY-037","동일 주제권이나 화면/도메인/운영 목적 차이 가능. 관련그룹=결제/수납/분할, 락커/사물함. 예: REQ-APP-017 매점 셀프 결제, REQ-PRD-014 회원권/락커 만료일, REQ-FAC-021 락커 현황(박스뷰/그리드), REQ-PAY-009 가능 횟수 설정(일/주/월 제한)","매출·결제 / 상품 관리. 3사 비교: BroJ=○, OnFit=○, LessonBook=○, FitGenie=○. 핏지니 상품 관리",,"BroJ=○, OnFit=○, LessonBook=○, FitGenie=○",3사앱 기능매트릭스: lastspr/요구리스트관련자료/3사앱 확인/판도/기능매트릭스 비교_v5.xlsx::기능매트릭스!R56,1,원천 기능행
REQ-PAY-037,매출·결제,상품 비교(최대 3개),유사연계,"REQ-PAY-009, REQ-PAY-021, REQ-PAY-036, REQ-PAY-041, REQ-PAY-046, REQ-PAY-050","동일 주제권이나 화면/도메인/운영 목적 차이 가능. 관련그룹=결제/수납/분할. 예: REQ-PAY-009 가능 횟수 설정(일/주/월 제한), REQ-PAY-021 기간 정지(휴회), REQ-PAY-036 상품 목록(회원권/수강권/락커/대여), REQ-PAY-041 상품 카탈로그(인쇄·공유)","매출·결제 / 상품 관리(FG). 3사 비교: BroJ=×, OnFit=×, LessonBook=×, FitGenie=○. 핏지니 비교",,"BroJ=×, OnFit=×, LessonBook=×, FitGenie=○",3사앱 기능매트릭스: lastspr/요구리스트관련자료/3사앱 확인/판도/기능매트릭스 비교_v5.xlsx::기능매트릭스!R61,1,원천 기능행
REQ-PAY-038,매출·결제,상품 상세 패널(가격 이력·판매 현황),유사연계,"REQ-SET-020, REQ-PAY-039, REQ-APP-017, REQ-PAY-009, REQ-PAY-021, REQ-PAY-050","동일 주제권이나 화면/도메인/운영 목적 차이 가능. 관련그룹=결제/수납/분할. 예: REQ-SET-020 서비스 요금제(SaaS 구독), REQ-PAY-039 상품 생성(유형별), REQ-APP-017 매점 셀프 결제, REQ-PAY-009 가능 횟수 설정(일/주/월 제한)","매출·결제 / 상품 관리(FG). 3사 비교: BroJ=△, OnFit=×, LessonBook=×, FitGenie=○. 산출물 D05-상품관리/PRD-EXT-02 — 상품 조회 + 가격 변경 이력 + 판매 현황 — (v5 추가)",,"BroJ=△, OnFit=×, LessonBook=×, FitGenie=○",3사앱 기능매트릭스: lastspr/요구리스트관련자료/3사앱 확인/판도/기능매트릭스 비교_v5.xlsx::기능매트릭스!R204,1,원천 기능행
REQ-PAY-039,매출·결제,상품 생성(유형별),유사연계,"REQ-SET-020, REQ-PAY-038, REQ-APP-017, REQ-PAY-036, REQ-APP-023, REQ-PAY-058","동일 주제권이나 화면/도메인/운영 목적 차이 가능. 관련그룹=결제/수납/분할. 예: REQ-SET-020 서비스 요금제(SaaS 구독), REQ-PAY-038 상품 상세 패널(가격 이력·판매 현황), REQ-APP-017 매점 셀프 결제, REQ-PAY-036 상품 목록(회원권/수강권/락커/대여)","매출·결제 / 상품 관리. 3사 비교: BroJ=○, OnFit=○, LessonBook=○, FitGenie=○. 핏지니 상품 등록/수정",,"BroJ=○, OnFit=○, LessonBook=○, FitGenie=○",3사앱 기능매트릭스: lastspr/요구리스트관련자료/3사앱 확인/판도/기능매트릭스 비교_v5.xlsx::기능매트릭스!R57,1,원천 기능행
REQ-PAY-040,매출·결제,상품 유형 구분,유사연계,"REQ-FAC-018, REQ-CLS-037, REQ-STF-033, REQ-APP-023, REQ-MBR-072, REQ-PAY-039","동일 주제권이나 화면/도메인/운영 목적 차이 가능. 관련그룹=결제/수납/분할, 락커/사물함. 예: REQ-FAC-018 락커 유형, REQ-CLS-037 수업 상품 등록, REQ-STF-033 전자계약서 유형, REQ-APP-023 상품 스토어·결제수단 관리",2. 결제 · 매출. BroJ=★★★ **회원권·수강권·락커·운동복·일반** 5종 명확히 구분; OnFit=★★ (헬스·PT·그룹 정도); FitPlat 결정=**BroJ** 상품 유형 체계 채택,,,BroJ vs OnFit 비교분석: lastspr/요구리스트관련자료/3사앱 확인/심프로/비교분석_BroJ_vs_OnFit.md::L57,1,경쟁사 비교/채택전략
REQ-PAY-041,매출·결제,상품 카탈로그(인쇄·공유),유사연계,"REQ-PAY-009, REQ-PAY-021, REQ-PAY-036, REQ-PAY-037, REQ-PAY-046, REQ-PAY-050","동일 주제권이나 화면/도메인/운영 목적 차이 가능. 관련그룹=결제/수납/분할. 예: REQ-PAY-009 가능 횟수 설정(일/주/월 제한), REQ-PAY-021 기간 정지(휴회), REQ-PAY-036 상품 목록(회원권/수강권/락커/대여), REQ-PAY-037 상품 비교(최대 3개)","매출·결제 / 상품 관리(FG). 3사 비교: BroJ=×, OnFit=×, LessonBook=×, FitGenie=○. 핏지니 카탈로그",,"BroJ=×, OnFit=×, LessonBook=×, FitGenie=○",3사앱 기능매트릭스: lastspr/요구리스트관련자료/3사앱 확인/판도/기능매트릭스 비교_v5.xlsx::기능매트릭스!R60,1,원천 기능행
REQ-PAY-042,매출·결제,선결제·분할 결제,유사연계,"REQ-SET-020, REQ-PAY-043, REQ-PAY-058, REQ-PAY-064, REQ-HQ-031, REQ-HQ-089","동일 주제권이나 화면/도메인/운영 목적 차이 가능. 관련그룹=결제/수납/분할. 예: REQ-SET-020 서비스 요금제(SaaS 구독), REQ-PAY-043 선수익금 관리(Deferred Revenue), REQ-PAY-058 정기 구독 결제, REQ-PAY-064 할부 결제 관리(회차별)","매출·결제 / 판매·결제. 3사 비교: BroJ=△, OnFit=○, LessonBook=×, FitGenie=○. 핏지니 선수익금 + 할부",,"BroJ=△, OnFit=○, LessonBook=×, FitGenie=○",3사앱 기능매트릭스: lastspr/요구리스트관련자료/3사앱 확인/판도/기능매트릭스 비교_v5.xlsx::기능매트릭스!R66,1,원천 기능행
REQ-PAY-043,매출·결제,선수익금 관리(Deferred Revenue),유사연계,"REQ-PAY-042, REQ-SET-020, REQ-PAY-024, REQ-PAY-027, REQ-PAY-028, REQ-PAY-030","동일 주제권이나 화면/도메인/운영 목적 차이 가능. 관련그룹=결제/수납/분할. 예: REQ-PAY-042 선결제·분할 결제, REQ-SET-020 서비스 요금제(SaaS 구독), REQ-PAY-024 매출 관리, REQ-PAY-027 매출 예측","매출·결제 / 매출 고급(FG). 3사 비교: BroJ=×, OnFit=×, LessonBook=×, FitGenie=○. 핏지니 회계 표준",,"BroJ=×, OnFit=×, LessonBook=×, FitGenie=○",3사앱 기능매트릭스: lastspr/요구리스트관련자료/3사앱 확인/판도/기능매트릭스 비교_v5.xlsx::기능매트릭스!R83,1,원천 기능행
REQ-PAY-044,매출·결제,선수익금 조회,유사연계,"REQ-GEN-062, REQ-MBR-064, REQ-MBR-072, REQ-HQ-063, REQ-HQ-114, REQ-APP-007","동일 주제권이나 화면/도메인/운영 목적 차이 가능. 관련그룹=미수금/미납/잔액, 결제/수납/분할. 예: REQ-GEN-062 포인트 내역 조회, REQ-MBR-064 회원 등급, REQ-MBR-072 회원 상세 탭, REQ-HQ-063 손익 요약 보기",매출·결제. 선납 잔액 현황. 출처=온핏,P1,,3사앱 통합기획 DOCX: lastspr/요구리스트관련자료/3사앱 확인/심프로/통합_헬스장_관리시스템_기획문서.docx::기능항목표 R21,1,3사 앱 기능요약
REQ-PAY-045,매출·결제,수강권 횟수 제한,유사연계,"REQ-HQ-031, REQ-APP-017, REQ-APP-007, REQ-PRD-007, REQ-APP-023, REQ-SET-020","동일 주제권이나 화면/도메인/운영 목적 차이 가능. 관련그룹=결제/수납/분할. 예: REQ-HQ-031 결제 전환율, REQ-APP-017 매점 셀프 결제, REQ-APP-007 결제 이력/영수증, REQ-PRD-007 이용권 업그레이드",2. 결제 · 매출. BroJ=★★★ 일일/주간/월간 횟수 제한 세부 설정; OnFit=★★ (총 횟수만); FitPlat 결정=**BroJ** 횟수 제한 채택,,,BroJ vs OnFit 비교분석: lastspr/요구리스트관련자료/3사앱 확인/심프로/비교분석_BroJ_vs_OnFit.md::L58,1,경쟁사 비교/채택전략
REQ-PAY-046,매출·결제,시즌 가격 관리,유사연계,"REQ-PAY-009, REQ-PAY-021, REQ-PAY-036, REQ-PAY-037, REQ-PAY-041, REQ-PAY-050","동일 주제권이나 화면/도메인/운영 목적 차이 가능. 관련그룹=결제/수납/분할. 예: REQ-PAY-009 가능 횟수 설정(일/주/월 제한), REQ-PAY-021 기간 정지(휴회), REQ-PAY-036 상품 목록(회원권/수강권/락커/대여), REQ-PAY-037 상품 비교(최대 3개)","매출·결제 / 상품 관리(FG). 3사 비교: BroJ=×, OnFit=×, LessonBook=×, FitGenie=○. 핏지니 달력 뷰 + 자동 적용",,"BroJ=×, OnFit=×, LessonBook=×, FitGenie=○",3사앱 기능매트릭스: lastspr/요구리스트관련자료/3사앱 확인/판도/기능매트릭스 비교_v5.xlsx::기능매트릭스!R63,1,원천 기능행
REQ-PAY-047,매출·결제,약관·서명 영역,유사연계,"REQ-MBR-038, REQ-STF-013, REQ-PAY-056, REQ-STF-034, REQ-SET-020, REQ-MBR-054","동일 주제권이나 화면/도메인/운영 목적 차이 가능. 관련그룹=결제/수납/분할, 전자계약/서명. 예: REQ-MBR-038 약관·개인정보 동의 처리, REQ-STF-013 근로계약서 관리, REQ-PAY-056 전자 계약서, REQ-STF-034 전자 계약 (전자서명)","매출·결제 / 계약 관리. 3사 비교: BroJ=○, OnFit=○, LessonBook=△, FitGenie=○. 핏지니 전자 서명",,"BroJ=○, OnFit=○, LessonBook=△, FitGenie=○",3사앱 기능매트릭스: lastspr/요구리스트관련자료/3사앱 확인/판도/기능매트릭스 비교_v5.xlsx::기능매트릭스!R72,1,원천 기능행
REQ-PAY-048,매출·결제,영수증 출력,유사연계,"REQ-APP-007, REQ-HQ-043, REQ-APP-023, REQ-HQ-149, REQ-HQ-141, REQ-MBR-005","동일 주제권이나 화면/도메인/운영 목적 차이 가능. 관련그룹=결제/수납/분할. 예: REQ-APP-007 결제 이력/영수증, REQ-HQ-043 - 디지털 회원증 (QR코드 기반 출입), REQ-APP-023 상품 스토어·결제수단 관리, REQ-HQ-149 회원 앱 결제
 : 언제 어디서나 간편 결제 가능
자동 정산
 : 모든 결제 데이터 실시간 회계 시스템 연동
미수금 자동 관리
 : 연체 시 자동 알림 및 결제 독촉
다양한 결제 수단
 : 카드, 계좌이체, 간편결제 등 선택권 확대",2. 결제 · 매출. BroJ=★★; OnFit=★★★ 출력 팝업 자동 표시; FitPlat 결정=**OnFit**,,,BroJ vs OnFit 비교분석: lastspr/요구리스트관련자료/3사앱 확인/심프로/비교분석_BroJ_vs_OnFit.md::L55,1,경쟁사 비교/채택전략
REQ-PAY-049,매출·결제,온라인 마켓 판매,유사연계,"REQ-APP-002, REQ-APP-007, REQ-APP-030, REQ-APP-031, REQ-APP-039, REQ-APP-023","동일 주제권이나 화면/도메인/운영 목적 차이 가능. 관련그룹=결제/수납/분할, 출입/키오스크/모바일. 예: REQ-APP-002 Golf 타석·강사 예약, REQ-APP-007 결제 이력/영수증, REQ-APP-030 이용권/잔여 회차, REQ-APP-031 체성분/FMS 조회","매출·결제 / 판매·결제. 3사 비교: BroJ=○, OnFit=×, LessonBook=×, FitGenie=△. 핏지니 회원앱 스토어로 일부 대응",,"BroJ=○, OnFit=×, LessonBook=×, FitGenie=△",3사앱 기능매트릭스: lastspr/요구리스트관련자료/3사앱 확인/판도/기능매트릭스 비교_v5.xlsx::기능매트릭스!R67,1,원천 기능행
REQ-PAY-050,매출·결제,이용권 양도,유사연계,"REQ-PAY-009, REQ-PAY-021, REQ-APP-017, REQ-PRD-007, REQ-PAY-051, REQ-PAY-052","동일 주제권이나 화면/도메인/운영 목적 차이 가능. 관련그룹=결제/수납/분할. 예: REQ-PAY-009 가능 횟수 설정(일/주/월 제한), REQ-PAY-021 기간 정지(휴회), REQ-APP-017 매점 셀프 결제, REQ-PRD-007 이용권 업그레이드","매출·결제 / 이용권 사후관리. 3사 비교: BroJ=△, OnFit=○, LessonBook=△, FitGenie=○. 핏지니 양도",,"BroJ=△, OnFit=○, LessonBook=△, FitGenie=○",3사앱 기능매트릭스: lastspr/요구리스트관련자료/3사앱 확인/판도/기능매트릭스 비교_v5.xlsx::기능매트릭스!R74,1,원천 기능행
REQ-PAY-051,매출·결제,이용권 업그레이드·변경,유사연계,"REQ-PRD-007, REQ-PAY-052, REQ-PAY-009, REQ-PAY-021, REQ-PAY-050, REQ-APP-017","동일 주제권이나 화면/도메인/운영 목적 차이 가능. 관련그룹=결제/수납/분할. 예: REQ-PRD-007 이용권 업그레이드, REQ-PAY-052 이용권 일괄 연장, REQ-PAY-009 가능 횟수 설정(일/주/월 제한), REQ-PAY-021 기간 정지(휴회)","매출·결제 / 이용권 사후관리. 3사 비교: BroJ=△, OnFit=○, LessonBook=○, FitGenie=△. 연장 등록 다이얼로그(DLG-M018)는 있으나 OnFit 'modal_55 업그레이드/이용권 변경' 동등 화면은 약함 (사용자 ONF-38 부분/검토)",,"BroJ=△, OnFit=○, LessonBook=○, FitGenie=△",3사앱 기능매트릭스: lastspr/요구리스트관련자료/3사앱 확인/판도/기능매트릭스 비교_v5.xlsx::기능매트릭스!R73,1,원천 기능행
REQ-PAY-052,매출·결제,이용권 일괄 연장,유사연계,"REQ-PAY-051, REQ-PAY-009, REQ-PAY-021, REQ-PAY-050, REQ-PRD-007, REQ-APP-017","동일 주제권이나 화면/도메인/운영 목적 차이 가능. 관련그룹=결제/수납/분할. 예: REQ-PAY-051 이용권 업그레이드·변경, REQ-PAY-009 가능 횟수 설정(일/주/월 제한), REQ-PAY-021 기간 정지(휴회), REQ-PAY-050 이용권 양도","매출·결제 / 이용권 사후관리. 3사 비교: BroJ=×, OnFit=○, LessonBook=○, FitGenie=△. 핏지니는 개별 연장만 명시. 일괄 연장은 약함 (사용자 ONF-20 부분/검토)",,"BroJ=×, OnFit=○, LessonBook=○, FitGenie=△",3사앱 기능매트릭스: lastspr/요구리스트관련자료/3사앱 확인/판도/기능매트릭스 비교_v5.xlsx::기능매트릭스!R77,1,원천 기능행
REQ-PAY-053,매출·결제,이용권 환불,유사연계,"REQ-APP-029, REQ-MBR-056, REQ-PAY-072, REQ-HQ-072, REQ-RSV-004, REQ-RSV-010","동일 주제권이나 화면/도메인/운영 목적 차이 가능. 관련그룹=환불/취소. 예: REQ-APP-029 예약 취소·이력, REQ-MBR-056 출석 체크(참석/불참/취소), REQ-PAY-072 환불, REQ-HQ-072 스마트 예약 시스템
 : AI 기반 최적 스케줄링 및 자동 대기열 관리
실시간 시설 현황판
 : 각 시설별 실시간 이용현황, 예약가능 시간표시
 자동 알림 시스템
 : 예약 확정, 취소, 대기 순번 변동 시 자동 알림
 모바일 앱 통합
 : 회원이 언제든 예약/취소 가능한 모바일 UI",1. 회원 관리. BroJ=✗ 없음; OnFit=★★★ 자동 환불금액 계산·사유·영수증; FitPlat 결정=**OnFit** 채택,,,BroJ vs OnFit 비교분석: lastspr/요구리스트관련자료/3사앱 확인/심프로/비교분석_BroJ_vs_OnFit.md::L38,1,경쟁사 비교/채택전략
REQ-PAY-054,매출·결제,일일 이용 계약서,유사연계,"REQ-STF-013, REQ-STF-033, REQ-HQ-131, REQ-STF-034, REQ-PRD-007, REQ-GEN-044","동일 주제권이나 화면/도메인/운영 목적 차이 가능. 관련그룹=결제/수납/분할, 전자계약/서명, 대시보드/KPI. 예: REQ-STF-013 근로계약서 관리, REQ-STF-033 전자계약서 유형, REQ-HQ-131 초기 7일 이용률, REQ-STF-034 전자 계약 (전자서명)","매출·결제 / 계약 관리. 3사 비교: BroJ=×, OnFit=○, LessonBook=○, FitGenie=×. 산출물 원문에서 일일이용 '계약서' 화면 없음. 일일입장 운영 지표만 존재. (사용자 ONF-16 누락 / v3은 △로 과대 평가)",,"BroJ=×, OnFit=○, LessonBook=○, FitGenie=×",3사앱 기능매트릭스: lastspr/요구리스트관련자료/3사앱 확인/판도/기능매트릭스 비교_v5.xlsx::기능매트릭스!R71,1,원천 기능행
REQ-PAY-055,매출·결제,재고 관리(실물 입출고),유사연계,"REQ-PAY-009, REQ-PAY-021, REQ-PAY-036, REQ-PAY-037, REQ-PAY-041, REQ-PAY-046","동일 주제권이나 화면/도메인/운영 목적 차이 가능. 관련그룹=결제/수납/분할. 예: REQ-PAY-009 가능 횟수 설정(일/주/월 제한), REQ-PAY-021 기간 정지(휴회), REQ-PAY-036 상품 목록(회원권/수강권/락커/대여), REQ-PAY-037 상품 비교(최대 3개)","매출·결제 / 상품 관리(FG). 3사 비교: BroJ=△, OnFit=×, LessonBook=×, FitGenie=○. 핏지니 재고 관리",,"BroJ=△, OnFit=×, LessonBook=×, FitGenie=○",3사앱 기능매트릭스: lastspr/요구리스트관련자료/3사앱 확인/판도/기능매트릭스 비교_v5.xlsx::기능매트릭스!R62,1,원천 기능행
REQ-PAY-056,매출·결제,전자 계약서,중복병합,"REQ-MBR-038, REQ-STF-013, REQ-STF-003, REQ-STF-033, REQ-STF-034, REQ-GEN-044","동일 또는 사실상 같은 요구를 2개 출처에서 병합. 관련그룹=결제/수납/분할, 전자계약/서명","매출·결제 / 계약 관리. 3사 비교: BroJ=○, OnFit=○, LessonBook=△, FitGenie=○. 핏지니 전자 계약 5단계 / 종합 요약. BroJ=유형별 계약서(4종), 즉시 서명; OnFit=전자계약서(기본); FitPlat 결정=BroJ 유형 체계 + OnFit 서명",,"BroJ=○, OnFit=○, LessonBook=△, FitGenie=○",3사앱 기능매트릭스: lastspr/요구리스트관련자료/3사앱 확인/판도/기능매트릭스 비교_v5.xlsx::기능매트릭스!R70 | BroJ vs OnFit 비교분석: lastspr/요구리스트관련자료/3사앱 확인/심프로/비교분석_BroJ_vs_OnFit.md::L15,2,원천 기능행
REQ-PAY-057,매출·결제,전자세금계산서 발행,유사연계,"REQ-SET-020, REQ-PAY-017, REQ-PAY-058, REQ-PAY-064, REQ-PAY-071, REQ-APP-017","동일 주제권이나 화면/도메인/운영 목적 차이 가능. 관련그룹=결제/수납/분할. 예: REQ-SET-020 서비스 요금제(SaaS 구독), REQ-PAY-017 결제 취소/부분환불, REQ-PAY-058 정기 구독 결제, REQ-PAY-064 할부 결제 관리(회차별)","매출·결제 / 매출 고급(FG). 3사 비교: BroJ=×, OnFit=×, LessonBook=×, FitGenie=○. 핏지니 법인·사업자 대상",,"BroJ=×, OnFit=×, LessonBook=×, FitGenie=○",3사앱 기능매트릭스: lastspr/요구리스트관련자료/3사앱 확인/판도/기능매트릭스 비교_v5.xlsx::기능매트릭스!R85,1,원천 기능행
REQ-PAY-058,매출·결제,정기 구독 결제,유사연계,"REQ-SET-020, REQ-PAY-064, REQ-PAY-042, REQ-PAY-017, REQ-PAY-057, REQ-PAY-071","동일 주제권이나 화면/도메인/운영 목적 차이 가능. 관련그룹=결제/수납/분할. 예: REQ-SET-020 서비스 요금제(SaaS 구독), REQ-PAY-064 할부 결제 관리(회차별), REQ-PAY-042 선결제·분할 결제, REQ-PAY-017 결제 취소/부분환불","매출·결제 / 판매·결제. 3사 비교: BroJ=○, OnFit=×, LessonBook=×, FitGenie=△. 핏지니 할부로 일부 대응",,"BroJ=○, OnFit=×, LessonBook=×, FitGenie=△",3사앱 기능매트릭스: lastspr/요구리스트관련자료/3사앱 확인/판도/기능매트릭스 비교_v5.xlsx::기능매트릭스!R68,1,원천 기능행
REQ-PAY-059,매출·결제,"제로스트는 CRM 내에서 결제 상태, 회원 정보, 결제 이력, 미수금, 부분 결제, 승인번호 등 계약 범위에 포함된 관리 기능을 처리",유사연계,"REQ-APP-023, REQ-HQ-150, REQ-APP-007, REQ-HQ-149, REQ-HQ-089, REQ-MBR-064","동일 주제권이나 화면/도메인/운영 목적 차이 가능. 관련그룹=미수금/미납/잔액, 결제/수납/분할. 예: REQ-APP-023 상품 스토어·결제수단 관리, REQ-HQ-150 - 회원 정보 통합 관리
 (기본 정보, 회원권, PT/GX 내역, 상담 기록), REQ-APP-007 결제 이력/영수증, REQ-HQ-149 회원 앱 결제
 : 언제 어디서나 간편 결제 가능
자동 정산
 : 모든 결제 데이터 실시간 회계 시스템 연동
미수금 자동 관리
 : 연체 시 자동 알림 및 결제 독촉
다양한 결제 수단
 : 카드, 계좌이체, 간편결제 등 선택권 확대","제로스트는 CRM 내에서 결제 상태, 회원 정보, 결제 이력, 미수금, 부분 결제, 승인번호 등 계약 범위에 포함된 관리 기능을 처리",,,회의록: lastspr/요구리스트관련자료/회의록/260428.md::L76,1,회의결정/논의
REQ-PAY-060,매출·결제,지점별 매출 귀속,유사연계,"REQ-HQ-120, REQ-PRD-009, REQ-STF-018, REQ-STF-035, REQ-STF-036, REQ-HQ-033","동일 주제권이나 화면/도메인/운영 목적 차이 가능. 관련그룹=결제/수납/분할, 급여/정산/지출. 예: REQ-HQ-120 지점별 지출 비교, REQ-PRD-009 지점 다중 소속/홈&오피스, REQ-STF-018 급여/정산/지출, REQ-STF-035 지출 구성 보기","기본적으로 결제/등록이 발생한 주센터 또는 해당 지점에 매출을 귀속. / 타 지점 이용이 많아지는 경우 지점 간 매출 쉐어 정책이 필요하지만, 1.0에서는 자동 정산까지는 제외. / 우선 현재 운영 방식과 동일하게 가고, 향후 정책 확정 후 확장하는 방향.",,,회의록: lastspr/요구리스트관련자료/회의록/260519.md::L46,1,회의결정/논의
REQ-PAY-061,매출·결제,"키오스크 결제는 현재 범위에서 제외하는 쪽으로 정리됐고, 결제는 FC 처리와 회원 휴대폰 결제 중심으로 보는 흐름이었습니다.",유사연계,"REQ-STF-007, REQ-FAC-007, REQ-SET-026, REQ-FAC-005, REQ-SET-033, REQ-FAC-003","동일 주제권이나 화면/도메인/운영 목적 차이 가능. 관련그룹=결제/수납/분할, 권한/역할, 출입/키오스크/모바일. 예: REQ-STF-007 FC와 스태프 기능은 모두 범위에 포함하는 쪽으로 정리됐고, 필요한 API는 기능 단위로 구체적으로 정의해서 요청해야 한다는 점이 강조됐습니다., REQ-FAC-007 개발팀은 우선 피그마와 현재 구현 결과물을 보면서 KPI, IoT 앱, 키오스크 관련 화면을 중심으로 파악하면 작업 속도가 빨라질 것이라는 의견이 나왔습니다., REQ-SET-026 역할 구분 자료에서는 한쪽은 Fit Genie 측 담당 영역, 다른 한쪽은 판도 측 진행 영역으로 나뉘어 있었고, 일부 구간은 협업이 필요한 영역으로 표시되어 있었습니다., REQ-FAC-005 IoT, 키오스크, 회원 앱, CRM, API가 연결되는 통합 테스트는 별도 고민이 필요함","키오스크 결제는 현재 범위에서 제외하는 쪽으로 정리됐고, 결제는 FC 처리와 회원 휴대폰 결제 중심으로 보는 흐름이었습니다.",,,회의록: lastspr/요구리스트관련자료/회의록/260428.md::L16,1,회의결정/논의
REQ-PAY-062,매출·결제,통합 매출 내역,유사연계,"REQ-PAY-024, REQ-PAY-028, REQ-APP-017, REQ-SET-020, REQ-PAY-027, REQ-PAY-030","동일 주제권이나 화면/도메인/운영 목적 차이 가능. 관련그룹=결제/수납/분할. 예: REQ-PAY-024 매출 관리, REQ-PAY-028 매출 유형 탭(7종 분석), REQ-APP-017 매점 셀프 결제, REQ-SET-020 서비스 요금제(SaaS 구독)","매출·결제 / 매출 분석. 3사 비교: BroJ=○, OnFit=○, LessonBook=△, FitGenie=○. 핏지니 매출 현황 허브",,"BroJ=○, OnFit=○, LessonBook=△, FitGenie=○",3사앱 기능매트릭스: lastspr/요구리스트관련자료/3사앱 확인/판도/기능매트릭스 비교_v5.xlsx::기능매트릭스!R80,1,원천 기능행
REQ-PAY-063,매출·결제,판도는 결제 처리와 관련 API를 제공,유사연계,"REQ-OPS-005, REQ-APP-023, REQ-HQ-031, REQ-HQ-089, REQ-APP-017, REQ-APP-007","동일 주제권이나 화면/도메인/운영 목적 차이 가능. 관련그룹=결제/수납/분할. 예: REQ-OPS-005 개발 일정/API/알림, REQ-APP-023 상품 스토어·결제수단 관리, REQ-HQ-031 결제 전환율, REQ-HQ-089 - 온라인/모바일 간편결제 및 키오스크 결제",판도는 결제 처리와 관련 API를 제공,,,회의록: lastspr/요구리스트관련자료/회의록/260428.md::L75,1,회의결정/논의
REQ-PAY-064,매출·결제,할부 결제 관리(회차별),유사연계,"REQ-SET-020, REQ-PAY-058, REQ-PAY-042, REQ-PAY-017, REQ-PAY-057, REQ-PAY-071","동일 주제권이나 화면/도메인/운영 목적 차이 가능. 관련그룹=결제/수납/분할. 예: REQ-SET-020 서비스 요금제(SaaS 구독), REQ-PAY-058 정기 구독 결제, REQ-PAY-042 선결제·분할 결제, REQ-PAY-017 결제 취소/부분환불","매출·결제 / 매출 고급(FG). 3사 비교: BroJ=×, OnFit=△, LessonBook=×, FitGenie=○. 핏지니 정기 분납 추적",,"BroJ=×, OnFit=△, LessonBook=×, FitGenie=○",3사앱 기능매트릭스: lastspr/요구리스트관련자료/3사앱 확인/판도/기능매트릭스 비교_v5.xlsx::기능매트릭스!R84,1,원천 기능행
REQ-PAY-065,매출·결제,할인 설정,유사연계,"REQ-PAY-066, REQ-CLS-020, REQ-OPS-005, REQ-HQ-089, REQ-HQ-150, REQ-HQ-051","동일 주제권이나 화면/도메인/운영 목적 차이 가능. 관련그룹=결제/수납/분할. 예: REQ-PAY-066 할인 설정(정률·정액), REQ-CLS-020 PT 캠페인 성과 분석, REQ-OPS-005 개발 일정/API/알림, REQ-HQ-089 - 온라인/모바일 간편결제 및 키오스크 결제",2. 결제 · 매출. BroJ=★★ (결제 시 직접 입력); OnFit=★★★ 할인 정책 별도 설정 메뉴; FitPlat 결정=**OnFit** 할인 설정 + BroJ 즉시 입력,,,BroJ vs OnFit 비교분석: lastspr/요구리스트관련자료/3사앱 확인/심프로/비교분석_BroJ_vs_OnFit.md::L54,1,경쟁사 비교/채택전략
REQ-PAY-066,매출·결제,할인 설정(정률·정액),유사연계,"REQ-PAY-009, REQ-PAY-021, REQ-PAY-036, REQ-PAY-037, REQ-PAY-041, REQ-PAY-046","동일 주제권이나 화면/도메인/운영 목적 차이 가능. 관련그룹=결제/수납/분할. 예: REQ-PAY-009 가능 횟수 설정(일/주/월 제한), REQ-PAY-021 기간 정지(휴회), REQ-PAY-036 상품 목록(회원권/수강권/락커/대여), REQ-PAY-037 상품 비교(최대 3개)","매출·결제 / 상품 관리. 3사 비교: BroJ=△, OnFit=○, LessonBook=△, FitGenie=○. 핏지니 할인 설정",,"BroJ=△, OnFit=○, LessonBook=△, FitGenie=○",3사앱 기능매트릭스: lastspr/요구리스트관련자료/3사앱 확인/판도/기능매트릭스 비교_v5.xlsx::기능매트릭스!R59,1,원천 기능행
REQ-PAY-067,매출·결제,해피아워,유사연계,"REQ-PRD-009, REQ-HQ-141, REQ-MBR-005, REQ-MBR-007, REQ-MBR-008, REQ-MBR-009","동일 주제권이나 화면/도메인/운영 목적 차이 가능. 관련그룹=결제/수납/분할. 예: REQ-PRD-009 지점 다중 소속/홈&오피스, REQ-HQ-141 프리미엄 클래스 예약 시스템
 : 유료 특별 클래스 전용 예약 및 결제
이벤트 관리 플랫폼
 : 워크샵, 세미나, 특별 프로그램 통합 관리
티어별 서비스
 : 기본/프리미엄/VIP 등급별 차별화된 클래스 제공
외부 강사 연동
 : 유명 강사 초청 특별 클래스 기획 및 운영, REQ-MBR-005 AT-RISK 리스트, REQ-MBR-007 LOST 회원 리스트",2. 결제 · 매출. BroJ=★★★ 시간대별 자동 할인율 적용; OnFit=✗ 없음; FitPlat 결정=**BroJ** 해피아워 채택,,,BroJ vs OnFit 비교분석: lastspr/요구리스트관련자료/3사앱 확인/심프로/비교분석_BroJ_vs_OnFit.md::L52,1,경쟁사 비교/채택전략
REQ-PAY-068,매출·결제,핵심 목적은 다음 3가지로 정리됨,유사연계,"REQ-APP-041, REQ-FAC-022, REQ-FAC-026, REQ-HQ-075, REQ-APP-013, REQ-APP-024","동일 주제권이나 화면/도메인/운영 목적 차이 가능. 관련그룹=출입/키오스크/모바일. 예: REQ-APP-041 프로필 조회·수정, REQ-FAC-022 모바일 앱 설정, REQ-FAC-026 밴드/카드 관리, REQ-HQ-075 시설 지표 비교","현재 기획 산출물의 형식과 완성도 확인 / 제로스트, 판도 개발팀, 기획 파트 간 **R&R 정리** / PG/VAN, IoT, 시설관리, 회원 앱, 테스트 범위 등 연동 이슈 사전 정리",,,회의록: lastspr/요구리스트관련자료/회의록/260428.md::L28,1,회의결정/논의
REQ-PAY-069,매출·결제,현장 결제 UX,유사연계,"REQ-HQ-031, REQ-APP-017, REQ-APP-007, REQ-APP-023, REQ-HQ-089, REQ-SET-020","동일 주제권이나 화면/도메인/운영 목적 차이 가능. 관련그룹=결제/수납/분할. 예: REQ-HQ-031 결제 전환율, REQ-APP-017 매점 셀프 결제, REQ-APP-007 결제 이력/영수증, REQ-APP-023 상품 스토어·결제수단 관리","2. 결제 · 매출. BroJ=★★★ **카드뷰 POS** — 상품을 카드로 표시, 우측 패널 즉시 결제; OnFit=★★ (리스트 선택 방식); FitPlat 결정=**BroJ** 카드뷰 POS 채택",,,BroJ vs OnFit 비교분석: lastspr/요구리스트관련자료/3사앱 확인/심프로/비교분석_BroJ_vs_OnFit.md::L50,1,경쟁사 비교/채택전략
REQ-PAY-070,매출·결제,현장 판매,유사연계,"REQ-PAY-071, REQ-APP-017, REQ-CLS-016, REQ-MBR-005, REQ-MBR-007, REQ-MBR-008","동일 주제권이나 화면/도메인/운영 목적 차이 가능. 관련그룹=결제/수납/분할. 예: REQ-PAY-071 현장 판매(POS), REQ-APP-017 매점 셀프 결제, REQ-CLS-016 PT 재구매율 비교, REQ-MBR-005 AT-RISK 리스트",매출·결제. 이용권·대여권·일반 상품 현장 즉시 결제. 출처=브로제이,P1,,3사앱 통합기획 DOCX: lastspr/요구리스트관련자료/3사앱 확인/심프로/통합_헬스장_관리시스템_기획문서.docx::기능항목표 R22,1,3사 앱 기능요약
REQ-PAY-071,매출·결제,현장 판매(POS),유사연계,"REQ-SET-020, REQ-PAY-017, REQ-PAY-057, REQ-PAY-058, REQ-PAY-064, REQ-PAY-070","동일 주제권이나 화면/도메인/운영 목적 차이 가능. 관련그룹=결제/수납/분할. 예: REQ-SET-020 서비스 요금제(SaaS 구독), REQ-PAY-017 결제 취소/부분환불, REQ-PAY-057 전자세금계산서 발행, REQ-PAY-058 정기 구독 결제","매출·결제 / 판매·결제. 3사 비교: BroJ=○, OnFit=○, LessonBook=△, FitGenie=○. 핏지니 POS 판매",,"BroJ=○, OnFit=○, LessonBook=△, FitGenie=○",3사앱 기능매트릭스: lastspr/요구리스트관련자료/3사앱 확인/판도/기능매트릭스 비교_v5.xlsx::기능매트릭스!R64,1,원천 기능행
REQ-PAY-072,매출·결제,환불,유사연계,"REQ-PAY-073, REQ-STF-025, REQ-MBR-056, REQ-PAY-053, REQ-RSV-004, REQ-RSV-010","동일 주제권이나 화면/도메인/운영 목적 차이 가능. 관련그룹=환불/취소, 급여/정산/지출. 예: REQ-PAY-073 환불 처리, REQ-STF-025 불필요 지출 패턴 탐지, REQ-MBR-056 출석 체크(참석/불참/취소), REQ-PAY-053 이용권 환불","위약금 계산식과 환불 계산기가 필요. / 위약금 %, 사용일수, 정상가/등록가 기준 등 환불 정책이 지점별 또는 상품별로 다를 수 있음. / 정산이 이미 끝난 카드 취소는 시스템 자동 처리보다 전화/수기/상계 처리에 가까운 운영 프로세스로 설명됨. / CRM에서는 환불/취소 내역을 기록하고, 매입 취소 자동화는 1.0 범위에서 신중하게 봐야 함.",,,회의록: lastspr/요구리스트관련자료/회의록/260519.md::L31,1,회의결정/논의
REQ-PAY-073,매출·결제,환불 처리,유사연계,"REQ-SET-020, REQ-PAY-017, REQ-APP-017, REQ-MBR-056, REQ-PAY-042, REQ-APP-023","동일 주제권이나 화면/도메인/운영 목적 차이 가능. 관련그룹=결제/수납/분할, 환불/취소. 예: REQ-SET-020 서비스 요금제(SaaS 구독), REQ-PAY-017 결제 취소/부분환불, REQ-APP-017 매점 셀프 결제, REQ-MBR-056 출석 체크(참석/불참/취소)","매출·결제 / 이용권 사후관리. 3사 비교: BroJ=△, OnFit=○, LessonBook=△, FitGenie=○. 핏지니 환불 + 부분환불",,"BroJ=△, OnFit=○, LessonBook=△, FitGenie=○",3사앱 기능매트릭스: lastspr/요구리스트관련자료/3사앱 확인/판도/기능매트릭스 비교_v5.xlsx::기능매트릭스!R75,1,원천 기능행
REQ-PAY-074,매출·결제,회의 중 14번 항목에 결제 상태 관리와 매출/결제 관리가 포함되어 있음을 확인,유사연계,"REQ-APP-023, REQ-HQ-089, REQ-HQ-149, REQ-MBR-072, REQ-HQ-031, REQ-HQ-141","동일 주제권이나 화면/도메인/운영 목적 차이 가능. 관련그룹=결제/수납/분할. 예: REQ-APP-023 상품 스토어·결제수단 관리, REQ-HQ-089 - 온라인/모바일 간편결제 및 키오스크 결제, REQ-HQ-149 회원 앱 결제
 : 언제 어디서나 간편 결제 가능
자동 정산
 : 모든 결제 데이터 실시간 회계 시스템 연동
미수금 자동 관리
 : 연체 시 자동 알림 및 결제 독촉
다양한 결제 수단
 : 카드, 계좌이체, 간편결제 등 선택권 확대, REQ-MBR-072 회원 상세 탭",회의 중 14번 항목에 결제 상태 관리와 매출/결제 관리가 포함되어 있음을 확인,,,회의록: lastspr/요구리스트관련자료/회의록/260428.md::L77,1,회의결정/논의
REQ-PRD-001,상품관리,BroJ 수강권 일일/주간/월간 횟수 제한 (MEM-004에 추가),독립,,현재 기준 독립 요구사항으로 판단,PRD_01 회원관리 — 추가 필요,,,BroJ vs OnFit PRD 보완: lastspr/요구리스트관련자료/3사앱 확인/심프로/비교분석_BroJ_vs_OnFit.md::L166,1,보완필요
REQ-PRD-002,상품관리,BroJ 해피아워 적용 (MEM-004에 추가),독립,,현재 기준 독립 요구사항으로 판단,PRD_01 회원관리 — 추가 필요,,,BroJ vs OnFit PRD 보완: lastspr/요구리스트관련자료/3사앱 확인/심프로/비교분석_BroJ_vs_OnFit.md::L167,1,보완필요
REQ-PRD-003,상품관리,PRD-EXT-02 상품 상세 패널,부분포함,,상위 화면의 탭/필터/목록/모달/입력항목으로 포함될 수 있어 화면 단위 검토 필요,계약코드와 기획코드는 직접 대응되는 코드가 아니며 기능 내용 기준으로 판단해야 함. / 판도는 상품 상세 패널을 상품 목록/등록/관리 기능의 상세 기능으로 보는 입장. / 제로스트가 계약 범위를 벗어난다고 판단하면 의견을 주기로 함.,,,회의록: lastspr/요구리스트관련자료/회의록/260518.md::L48,1,회의결정/논의
REQ-PRD-004,상품관리,상품 관리 (요일·시간 속성),독립,,현재 기준 독립 요구사항으로 판단,설정. 이용권 요일별·시간대별 제한 정밀 설정. 출처=레슨북,P1,,3사앱 통합기획 DOCX: lastspr/요구리스트관련자료/3사앱 확인/심프로/통합_헬스장_관리시스템_기획문서.docx::기능항목표 R38,1,3사 앱 기능요약
REQ-PRD-005,상품관리,이용권 기간정지,독립,,현재 기준 독립 요구사항으로 판단,1. 회원 관리. BroJ=✗ 없음; OnFit=★★★ 시작일·종료일·사유·정지제한포함·처리자; FitPlat 결정=**OnFit** 채택,,,BroJ vs OnFit 비교분석: lastspr/요구리스트관련자료/3사앱 확인/심프로/비교분석_BroJ_vs_OnFit.md::L36,1,경쟁사 비교/채택전략
REQ-PRD-006,상품관리,이용권 양도,부분포함,,상위 화면의 탭/필터/목록/모달/입력항목으로 포함될 수 있어 화면 단위 검토 필요,1. 회원 관리. BroJ=✗ 없음; OnFit=★★★ 양수인 검색·수수료·처리자; FitPlat 결정=**OnFit** 채택,,,BroJ vs OnFit 비교분석: lastspr/요구리스트관련자료/3사앱 확인/심프로/비교분석_BroJ_vs_OnFit.md::L37,1,경쟁사 비교/채택전략
REQ-PRD-007,상품관리,이용권 업그레이드,유사연계,"REQ-PAY-051, REQ-PAY-050, REQ-PAY-052, REQ-PAY-054, REQ-MBR-008, REQ-PAY-045","동일 주제권이나 화면/도메인/운영 목적 차이 가능. 관련그룹=결제/수납/분할. 예: REQ-PAY-051 이용권 업그레이드·변경, REQ-PAY-050 이용권 양도, REQ-PAY-052 이용권 일괄 연장, REQ-PAY-054 일일 이용 계약서",1. 회원 관리. BroJ=✗ 없음; OnFit=★★★ 잔여금액 자동 계산·차액 결제; FitPlat 결정=**OnFit** 채택,,,BroJ vs OnFit 비교분석: lastspr/요구리스트관련자료/3사앱 확인/심프로/비교분석_BroJ_vs_OnFit.md::L39,1,경쟁사 비교/채택전략
REQ-PRD-008,상품관리,이용권 일괄 연장,독립,,현재 기준 독립 요구사항으로 판단,1. 회원 관리. BroJ=✗ 없음; OnFit=★★★ 다수 회원 일괄 처리; FitPlat 결정=**OnFit** 채택,,,BroJ vs OnFit 비교분석: lastspr/요구리스트관련자료/3사앱 확인/심프로/비교분석_BroJ_vs_OnFit.md::L40,1,경쟁사 비교/채택전략
REQ-PRD-009,상품관리,지점 다중 소속/홈&오피스,유사연계,"REQ-PAY-060, REQ-FAC-052, REQ-FAC-053, REQ-APP-020, REQ-APP-012, REQ-HQ-089","동일 주제권이나 화면/도메인/운영 목적 차이 가능. 관련그룹=미수금/미납/잔액, 결제/수납/분할, 출입/키오스크/모바일. 예: REQ-PAY-060 지점별 매출 귀속, REQ-FAC-052 키오스크, REQ-FAC-053 키오스크 설정·운영, REQ-APP-020 배지 컬렉션·마일스톤","주센터/부센터 개념 필요. / 부센터는 출입/이용만 가능하고, 결제/매출 귀속은 주센터 중심으로 보는 방향. / 홈&오피스 상품은 전 지점 공통 가격 또는 본사 관리 상품으로 정리해야 단순해짐. / 지점별 가격이 다르면 차액 결제, 미수금, 이용 가능 지점 판단이 복잡해짐. / 1.0에서는 자동 가격 판단보다 매장 책임하에 선택/입력하고, CRM은 선택 가능한 구조를 제공하는 방향. / 프랜차이즈 단위 회원/상품 정책은 별도 정리 필요.",,,회의록: lastspr/요구리스트관련자료/회의록/260519.md::L50,1,회의결정/논의
REQ-PRD-010,상품관리,포인트 사용,부분포함,,상위 화면의 탭/필터/목록/모달/입력항목으로 포함될 수 있어 화면 단위 검토 필요,"Member App > 포인트/배지 > 리워드 센터. 포인트로 재등록 할인, 리커버리 할인, 굿즈 교환 등의 혜택을 선택·사용할 수 있다.. Input=회원ID, 사용 포인트, 선택한 리워드 상품ID. Output=포인트 차감 결과, 리워드 사용 내역. 대안=",,,스포짐 요구사항: lastspr/요구리스트관련자료/스포짐요구사항/스포짐FG_수정_공유 2025_1228.xlsx::4. (수정)VC 디스크립션!R49,1,스포짐 원천요구
REQ-PRD-011,상품관리,플랜 비교,독립,,현재 기준 독립 요구사항으로 판단,"단순히 여러 플랜의 설명/차이를 UI로 보여주는 수준이면 기존 범위로 이해. / 플랜 변경 시 가격 효율, 추천, 기능 차이 자동 판별까지 포함하면 추가 기능 성격으로 봄.",,,회의록: lastspr/요구리스트관련자료/회의록/260518.md::L10,1,회의결정/논의
REQ-PRD-012,상품관리,할인 설정,독립,,현재 기준 독립 요구사항으로 판단,설정. 상품별 할인율·금액 설정. 출처=온핏,P2,,3사앱 통합기획 DOCX: lastspr/요구리스트관련자료/3사앱 확인/심프로/통합_헬스장_관리시스템_기획문서.docx::기능항목표 R39,1,3사 앱 기능요약
REQ-PRD-013,상품관리,현장 판매 통합 기준,독립,,현재 기준 독립 요구사항으로 판단,온핏 기반=일일 입장 판매 등록; 브로제이 보완=현장판매(이용권·대여권·일반) ✓; 레슨북 고도화=—,,,3사앱 역할비교 DOCX: lastspr/요구리스트관련자료/3사앱 확인/심프로/통합_헬스장_관리시스템_기획문서.docx::기능영역표 R11,1,역할비교/중복보강
REQ-PRD-014,상품관리,회원권/락커 만료일,유사연계,"REQ-PAY-036, REQ-FAC-014, REQ-FAC-018, REQ-FAC-019, REQ-APP-021, REQ-FAC-008","동일 주제권이나 화면/도메인/운영 목적 차이 가능. 관련그룹=락커/사물함. 예: REQ-PAY-036 상품 목록(회원권/수강권/락커/대여), REQ-FAC-014 락커 관리, REQ-FAC-018 락커 유형, REQ-FAC-019 락커 현황 UI","Member App > 마이페이지 > 회원권 정보. 현재 회원권 종류와 만료일, 락커 사용 기간, 추가 옵션(운동복/수건)을 보여준다.. Input=회원ID, 회원권 계약 정보, 락커/옵션 사용 정보. Output=회원권/락커/옵션 상태 정보. 대안=",,,스포짐 요구사항: lastspr/요구리스트관련자료/스포짐요구사항/스포짐FG_수정_공유 2025_1228.xlsx::4. (수정)VC 디스크립션!R56,1,스포짐 원천요구
REQ-PRD-015,상품관리,회원권 일괄 연장,독립,,현재 기준 독립 요구사항으로 판단,설정. 기간 만료 회원권 일괄 처리. 출처=온핏,P2,,3사앱 통합기획 DOCX: lastspr/요구리스트관련자료/3사앱 확인/심프로/통합_헬스장_관리시스템_기획문서.docx::기능항목표 R44,1,3사 앱 기능요약
REQ-FAC-001,시설관리,BroJ 락커 박스뷰/리스트뷰 UI (FAC-002 보완),유사연계,"REQ-PRD-014, REQ-APP-021, REQ-PAY-036, REQ-CLS-037, REQ-PAY-040, REQ-STF-033","동일 주제권이나 화면/도메인/운영 목적 차이 가능. 관련그룹=락커/사물함. 예: REQ-PRD-014 회원권/락커 만료일, REQ-APP-021 본인 확인·이용권/예약/락커 조회, REQ-PAY-036 상품 목록(회원권/수강권/락커/대여), REQ-CLS-037 수업 상품 등록",PRD_05 시설관리 — 추가 필요,,,BroJ vs OnFit PRD 보완: lastspr/요구리스트관련자료/3사앱 확인/심프로/비교분석_BroJ_vs_OnFit.md::L186,1,보완필요
REQ-FAC-002,시설관리,BroJ 미배정 클릭 즉시 배정 패널 (FAC-002 보완),부분포함,,상위 화면의 탭/필터/목록/모달/입력항목으로 포함될 수 있어 화면 단위 검토 필요,PRD_05 시설관리 — 추가 필요,,,BroJ vs OnFit PRD 보완: lastspr/요구리스트관련자료/3사앱 확인/심프로/비교분석_BroJ_vs_OnFit.md::L187,1,보완필요
REQ-FAC-003,시설관리,"IoT 장비 제어, 키오스크, 장비 상태 조회 등은 기본적으로 판도 개발팀이 담당하는 방향으로 논의",유사연계,"REQ-PAY-061, REQ-HQ-089, REQ-APP-039, REQ-APP-037, REQ-APP-007, REQ-APP-019","동일 주제권이나 화면/도메인/운영 목적 차이 가능. 관련그룹=출입/키오스크/모바일. 예: REQ-PAY-061 키오스크 결제는 현재 범위에서 제외하는 쪽으로 정리됐고, 결제는 FC 처리와 회원 휴대폰 결제 중심으로 보는 흐름이었습니다., REQ-HQ-089 - 온라인/모바일 간편결제 및 키오스크 결제, REQ-APP-039 쿠폰 조회/등록, REQ-APP-037 출석 이력 조회","IoT 장비 제어, 키오스크, 장비 상태 조회 등은 기본적으로 판도 개발팀이 담당하는 방향으로 논의",,,회의록: lastspr/요구리스트관련자료/회의록/260428.md::L84,1,회의결정/논의
REQ-FAC-004,시설관리,IoT 출입 관리(게이트·기기·알림),유사연계,"REQ-MKT-026, REQ-MBR-004, REQ-APP-012, REQ-MBR-046, REQ-MKT-007, REQ-MKT-014","동일 주제권이나 화면/도메인/운영 목적 차이 가능. 관련그룹=자동알림/메시지, 출입/키오스크/모바일. 예: REQ-MKT-026 자동 알림 설정·트리거, REQ-MBR-004 AI 통합 분석(온핏 분석), REQ-APP-012 다중 인증 체크인(QR·안면·전화), REQ-MBR-046 체성분(InBody) 관리","시설관리 / IoT 연동(FG). 3사 비교: BroJ=×, OnFit=×, LessonBook=×, FitGenie=○. 핏지니 IoT 출입",,"BroJ=×, OnFit=×, LessonBook=×, FitGenie=○",3사앱 기능매트릭스: lastspr/요구리스트관련자료/3사앱 확인/판도/기능매트릭스 비교_v5.xlsx::기능매트릭스!R107,1,원천 기능행
REQ-FAC-005,시설관리,"IoT, 키오스크, 회원 앱, CRM, API가 연결되는 통합 테스트는 별도 고민이 필요함",유사연계,"REQ-PAY-061, REQ-HQ-089, REQ-CLS-051, REQ-APP-014, REQ-APP-028, REQ-OPS-005","동일 주제권이나 화면/도메인/운영 목적 차이 가능. 관련그룹=출입/키오스크/모바일. 예: REQ-PAY-061 키오스크 결제는 현재 범위에서 제외하는 쪽으로 정리됐고, 결제는 FC 처리와 회원 휴대폰 결제 중심으로 보는 흐름이었습니다., REQ-HQ-089 - 온라인/모바일 간편결제 및 키오스크 결제, REQ-CLS-051 출석 QR 체크인(회원 자가 출석), REQ-APP-014 로그인·앱 가입·연동","IoT, 키오스크, 회원 앱, CRM, API가 연결되는 통합 테스트는 별도 고민이 필요함",,,회의록: lastspr/요구리스트관련자료/회의록/260428.md::L126,1,회의결정/논의
REQ-FAC-006,시설관리,대기열 관리,유사연계,"REQ-RSV-009, REQ-HQ-072, REQ-RSV-010, REQ-CLS-029, REQ-RSV-040, REQ-MKT-026","동일 주제권이나 화면/도메인/운영 목적 차이 가능. 관련그룹=대기열/예약제한. 예: REQ-RSV-009 대기열 관리, REQ-HQ-072 스마트 예약 시스템
 : AI 기반 최적 스케줄링 및 자동 대기열 관리
실시간 시설 현황판
 : 각 시설별 실시간 이용현황, 예약가능 시간표시
 자동 알림 시스템
 : 예약 확정, 취소, 대기 순번 변동 시 자동 알림
 모바일 앱 통합
 : 회원이 언제든 예약/취소 가능한 모바일 UI, REQ-RSV-010 대기열/예약 제한, REQ-CLS-029 노쇼·페널티 관리","시설관리 / 골프 타석. 3사 비교: BroJ=×, OnFit=△, LessonBook=△, FitGenie=○. 핏지니 타석 대기열",,"BroJ=×, OnFit=△, LessonBook=△, FitGenie=○",3사앱 기능매트릭스: lastspr/요구리스트관련자료/3사앱 확인/판도/기능매트릭스 비교_v5.xlsx::기능매트릭스!R96,1,원천 기능행
REQ-FAC-007,시설관리,"개발팀은 우선 피그마와 현재 구현 결과물을 보면서 KPI, IoT 앱, 키오스크 관련 화면을 중심으로 파악하면 작업 속도가 빨라질 것이라는 의견이 나왔습니다.",유사연계,"REQ-RSV-018, REQ-HQ-039, REQ-HQ-006, REQ-PAY-061, REQ-HQ-142, REQ-HQ-089","동일 주제권이나 화면/도메인/운영 목적 차이 가능. 관련그룹=대시보드/KPI, 출입/키오스크/모바일. 예: REQ-RSV-018 대시보드는 이번 주 안에 우선 고정해서 스포짐 측이 화면을 보고 넣을 것과 뺄 것을 결정해야 다음 일정 지연을 막을 수 있다는 의견이 나왔습니다., REQ-HQ-039 대시보드 범위는 원래 KPI 중심으로 보는 흐름이었지만, 개발 과정에서 필요하면 판도 측이 대시보드 전체를 가져가는 방식으로도 유연하게 조정 가능하다고 했습니다., REQ-HQ-006 `Ctrl + /` 기능으로 대시보드, KPI 등 키워드를 검색해 관련 화면과 기능을 빠르게 찾을 수 있다고 설명했습니다., REQ-PAY-061 키오스크 결제는 현재 범위에서 제외하는 쪽으로 정리됐고, 결제는 FC 처리와 회원 휴대폰 결제 중심으로 보는 흐름이었습니다.","개발팀은 우선 피그마와 현재 구현 결과물을 보면서 KPI, IoT 앱, 키오스크 관련 화면을 중심으로 파악하면 작업 속도가 빨라질 것이라는 의견이 나왔습니다.",,,회의록: lastspr/요구리스트관련자료/회의록/260414.md::L14,1,회의결정/논의
REQ-FAC-008,시설관리,골프/고정 물품 락커,유사연계,"REQ-APP-012, REQ-APP-008, REQ-APP-009, REQ-APP-036, REQ-APP-021, REQ-APP-034","동일 주제권이나 화면/도메인/운영 목적 차이 가능. 관련그룹=락커/사물함, 출입/키오스크/모바일. 예: REQ-APP-012 다중 인증 체크인(QR·안면·전화), REQ-APP-008 골프 예약·확정·대기, REQ-APP-009 관리자 진입·기기 상태·운영 제어, REQ-APP-036 출석 결과 처리·후처리","시설관리 / 사물함·락커. 3사 비교: BroJ=×, OnFit=○, LessonBook=△, FitGenie=○. 핏지니 옷 락커/고정 물품 락커",,"BroJ=×, OnFit=○, LessonBook=△, FitGenie=○",3사앱 기능매트릭스: lastspr/요구리스트관련자료/3사앱 확인/판도/기능매트릭스 비교_v5.xlsx::기능매트릭스!R92,1,원천 기능행
REQ-FAC-009,시설관리,골프 시설,유사연계,"REQ-FAC-034, REQ-CLS-037, REQ-PAY-036, REQ-PAY-040, REQ-PRD-014, REQ-STF-033","동일 주제권이나 화면/도메인/운영 목적 차이 가능. 관련그룹=락커/사물함. 예: REQ-FAC-034 시설 관리, REQ-CLS-037 수업 상품 등록, REQ-PAY-036 상품 목록(회원권/수강권/락커/대여), REQ-PAY-040 상품 유형 구분",5. 시설 관리. BroJ=✗ 없음; OnFit=★★★ 타석 배정·골프 사물함·골프 이용권; FitPlat 결정=**OnFit** 채택,,,BroJ vs OnFit 비교분석: lastspr/요구리스트관련자료/3사앱 확인/심프로/비교분석_BroJ_vs_OnFit.md::L105,1,경쟁사 비교/채택전략
REQ-FAC-010,시설관리,"골프 타석 사전 예약은 스포짐에서는 우선순위가 낮지만, 다른 브랜드를 고려하면 매장별 on/off 설정이 가능해야 할 수 있다는 의견이 나왔습니다.",독립,,현재 기준 독립 요구사항으로 판단,"골프 타석 사전 예약은 스포짐에서는 우선순위가 낮지만, 다른 브랜드를 고려하면 매장별 on/off 설정이 가능해야 할 수 있다는 의견이 나왔습니다.",,,회의록: lastspr/요구리스트관련자료/회의록/260428.md::L19,1,회의결정/논의
REQ-FAC-011,시설관리,공간 자산 통합(룸·타석),독립,,현재 기준 독립 요구사항으로 판단,"시설관리 / 운영 도구(FG). 3사 비교: BroJ=×, OnFit=○, LessonBook=△, FitGenie=○. 핏지니 자산 + 예약 현황 통합",,"BroJ=×, OnFit=○, LessonBook=△, FitGenie=○",3사앱 기능매트릭스: lastspr/요구리스트관련자료/3사앱 확인/판도/기능매트릭스 비교_v5.xlsx::기능매트릭스!R106,1,원천 기능행
REQ-FAC-012,시설관리,기구 고장 관리,부분포함,,상위 화면의 탭/필터/목록/모달/입력항목으로 포함될 수 있어 화면 단위 검토 필요,"Manager App > 시설·청결 관리 > 기구 관리. 고장 신고 접수 목록과 처리 상태(대기/수리 중/완료)를 관리한다.. Input=고장 신고, 사진 업로드, 기구 ID. Output=고장 리스트, 처리 단계, 담당자 배정. 대안=",,,스포짐 요구사항: lastspr/요구리스트관련자료/스포짐요구사항/스포짐FG_수정_공유 2025_1228.xlsx::4. (수정)VC 디스크립션!R118,1,스포짐 원천요구
REQ-FAC-013,시설관리,기구 고장 패턴 분석,유사연계,"REQ-STF-014, REQ-STF-008, REQ-CLS-020, REQ-STF-025, REQ-CLS-009, REQ-MKT-006","동일 주제권이나 화면/도메인/운영 목적 차이 가능. 관련그룹=대시보드/KPI. 예: REQ-STF-014 금액 구간별 지출 패턴 분석, REQ-STF-008 One-Line 패턴 분석, REQ-CLS-020 PT 캠페인 성과 분석, REQ-STF-025 불필요 지출 패턴 탐지","HQ Dashboard > 시설·안전·리스크 대시보드 > 시설 리스크 메인. 기구 고장 신고 이력과 수리 이력을 분석해 특정 기구/브랜드/지점에서 고장이 반복되는 패턴을 찾는다.. Input=고장 신고 로그, 수리 로그, 기구 메타데이터. Output=고장 다발 기구/지점 리스트, 교체/정비 추천. 대안=",,,스포짐 요구사항: lastspr/요구리스트관련자료/스포짐요구사항/스포짐FG_수정_공유 2025_1228.xlsx::4. (수정)VC 디스크립션!R149,1,스포짐 원천요구
REQ-FAC-014,시설관리,락커 관리,유사연계,"REQ-PRD-014, REQ-APP-021, REQ-PAY-036, REQ-FAC-015, REQ-FAC-018, REQ-FAC-020","동일 주제권이나 화면/도메인/운영 목적 차이 가능. 관련그룹=락커/사물함. 예: REQ-PRD-014 회원권/락커 만료일, REQ-APP-021 본인 확인·이용권/예약/락커 조회, REQ-PAY-036 상품 목록(회원권/수강권/락커/대여), REQ-FAC-015 락커 관리 통합 기준",시설. 락커 배정·반납·현황. 출처=브로제이,P2,,3사앱 통합기획 DOCX: lastspr/요구리스트관련자료/3사앱 확인/심프로/통합_헬스장_관리시스템_기획문서.docx::기능항목표 R30,1,3사 앱 기능요약
REQ-FAC-015,시설관리,락커 관리 통합 기준,유사연계,"REQ-PRD-014, REQ-FAC-014, REQ-APP-021, REQ-PAY-036, REQ-CLS-037, REQ-PAY-040","동일 주제권이나 화면/도메인/운영 목적 차이 가능. 관련그룹=락커/사물함. 예: REQ-PRD-014 회원권/락커 만료일, REQ-FAC-014 락커 관리, REQ-APP-021 본인 확인·이용권/예약/락커 조회, REQ-PAY-036 상품 목록(회원권/수강권/락커/대여)",온핏 기반=개인·일일·골프 사물함; 브로제이 보완=락커 전용 메뉴 ✓; 레슨북 고도화=—,,,3사앱 역할비교 DOCX: lastspr/요구리스트관련자료/3사앱 확인/심프로/통합_헬스장_관리시스템_기획문서.docx::기능영역표 R14,1,역할비교/중복보강
REQ-FAC-016,시설관리,락커 배정·회수·이동,유사연계,"REQ-FAC-021, REQ-APP-021, REQ-PAY-036, REQ-PRD-014, REQ-FAC-020, REQ-CLS-037","동일 주제권이나 화면/도메인/운영 목적 차이 가능. 관련그룹=락커/사물함. 예: REQ-FAC-021 락커 현황(박스뷰/그리드), REQ-APP-021 본인 확인·이용권/예약/락커 조회, REQ-PAY-036 상품 목록(회원권/수강권/락커/대여), REQ-PRD-014 회원권/락커 만료일","시설관리 / 사물함·락커. 3사 비교: BroJ=○, OnFit=○, LessonBook=○, FitGenie=○. 핏지니 개별·일괄 배정",,"BroJ=○, OnFit=○, LessonBook=○, FitGenie=○",3사앱 기능매트릭스: lastspr/요구리스트관련자료/3사앱 확인/판도/기능매트릭스 비교_v5.xlsx::기능매트릭스!R90,1,원천 기능행
REQ-FAC-017,시설관리,"락커, 사물함, RFID 밴드, 운동복, 골프 타석, 운동룸 등은 회원 정보와 CRM 데이터에 연결되어야 하므로, CRM 화면과 백엔드 로직은 제로스트가 담당하는 것이 적절하다는 방향으로 정리",유사연계,"REQ-APP-021, REQ-PRD-014, REQ-PAY-036, REQ-CLS-037, REQ-PAY-040, REQ-STF-033","동일 주제권이나 화면/도메인/운영 목적 차이 가능. 관련그룹=락커/사물함. 예: REQ-APP-021 본인 확인·이용권/예약/락커 조회, REQ-PRD-014 회원권/락커 만료일, REQ-PAY-036 상품 목록(회원권/수강권/락커/대여), REQ-CLS-037 수업 상품 등록","락커, 사물함, RFID 밴드, 운동복, 골프 타석, 운동룸 등은 회원 정보와 CRM 데이터에 연결되어야 하므로, CRM 화면과 백엔드 로직은 제로스트가 담당하는 것이 적절하다는 방향으로 정리",,,회의록: lastspr/요구리스트관련자료/회의록/260428.md::L95,1,회의결정/논의
REQ-FAC-018,시설관리,락커 유형,유사연계,"REQ-PAY-040, REQ-STF-033, REQ-PRD-014, REQ-APP-021, REQ-PAY-036, REQ-FAC-014","동일 주제권이나 화면/도메인/운영 목적 차이 가능. 관련그룹=락커/사물함. 예: REQ-PAY-040 상품 유형 구분, REQ-STF-033 전자계약서 유형, REQ-PRD-014 회원권/락커 만료일, REQ-APP-021 본인 확인·이용권/예약/락커 조회",5. 시설 관리. BroJ=★★ (일반 락커); OnFit=★★★ 헬스 사물함·골프 사물함·일일 사물함 분리; FitPlat 결정=**OnFit** 유형 분리 채택,,,BroJ vs OnFit 비교분석: lastspr/요구리스트관련자료/3사앱 확인/심프로/비교분석_BroJ_vs_OnFit.md::L104,1,경쟁사 비교/채택전략
REQ-FAC-019,시설관리,락커 현황 UI,유사연계,"REQ-PRD-014, REQ-APP-021, REQ-PAY-036, REQ-FAC-020, REQ-FAC-021, REQ-CLS-037","동일 주제권이나 화면/도메인/운영 목적 차이 가능. 관련그룹=락커/사물함. 예: REQ-PRD-014 회원권/락커 만료일, REQ-APP-021 본인 확인·이용권/예약/락커 조회, REQ-PAY-036 상품 목록(회원권/수강권/락커/대여), REQ-FAC-020 락커 현황(리스트뷰)","5. 시설 관리. BroJ=★★★ **박스뷰·리스트뷰** 전환, 상태별 색상 시각화, 미배정 클릭 시 즉시 배정 패널; OnFit=★★ (리스트 방식); FitPlat 결정=**BroJ** 락커 UI 채택",,,BroJ vs OnFit 비교분석: lastspr/요구리스트관련자료/3사앱 확인/심프로/비교분석_BroJ_vs_OnFit.md::L103,1,경쟁사 비교/채택전략
REQ-FAC-020,시설관리,락커 현황(리스트뷰),유사연계,"REQ-APP-021, REQ-FAC-021, REQ-PAY-036, REQ-PRD-014, REQ-FAC-016, REQ-FAC-044","동일 주제권이나 화면/도메인/운영 목적 차이 가능. 관련그룹=락커/사물함. 예: REQ-APP-021 본인 확인·이용권/예약/락커 조회, REQ-FAC-021 락커 현황(박스뷰/그리드), REQ-PAY-036 상품 목록(회원권/수강권/락커/대여), REQ-PRD-014 회원권/락커 만료일","시설관리 / 사물함·락커. 3사 비교: BroJ=○, OnFit=○, LessonBook=△, FitGenie=○. 핏지니 그리드 뷰",,"BroJ=○, OnFit=○, LessonBook=△, FitGenie=○",3사앱 기능매트릭스: lastspr/요구리스트관련자료/3사앱 확인/판도/기능매트릭스 비교_v5.xlsx::기능매트릭스!R89,1,원천 기능행
REQ-FAC-021,시설관리,락커 현황(박스뷰/그리드),유사연계,"REQ-APP-021, REQ-FAC-016, REQ-FAC-020, REQ-PAY-036, REQ-FAC-044, REQ-PRD-014","동일 주제권이나 화면/도메인/운영 목적 차이 가능. 관련그룹=락커/사물함. 예: REQ-APP-021 본인 확인·이용권/예약/락커 조회, REQ-FAC-016 락커 배정·회수·이동, REQ-FAC-020 락커 현황(리스트뷰), REQ-PAY-036 상품 목록(회원권/수강권/락커/대여)","시설관리 / 사물함·락커. 3사 비교: BroJ=○, OnFit=○, LessonBook=○, FitGenie=○. 핏지니 락커 관리",,"BroJ=○, OnFit=○, LessonBook=○, FitGenie=○",3사앱 기능매트릭스: lastspr/요구리스트관련자료/3사앱 확인/판도/기능매트릭스 비교_v5.xlsx::기능매트릭스!R88,1,원천 기능행
REQ-FAC-022,시설관리,모바일 앱 설정,유사연계,"REQ-OPS-010, REQ-MKT-017, REQ-MBR-056, REQ-APP-034, REQ-RSV-019, REQ-CLS-051","동일 주제권이나 화면/도메인/운영 목적 차이 가능. 관련그룹=출입/키오스크/모바일. 예: REQ-OPS-010 모바일 앱 연동, REQ-MKT-017 모바일앱 배너 관리, REQ-MBR-056 출석 체크(참석/불참/취소), REQ-APP-034 정책 설정 연동","시설관리 / 키오스크·디바이스. 3사 비교: BroJ=△, OnFit=○, LessonBook=△, FitGenie=△. 회원앱 채널은 있으나 관리자가 모바일앱 화면을 설정하는 별도 화면은 명세 약함 (사용자 ONF-33 부분/검토)",,"BroJ=△, OnFit=○, LessonBook=△, FitGenie=△",3사앱 기능매트릭스: lastspr/요구리스트관련자료/3사앱 확인/판도/기능매트릭스 비교_v5.xlsx::기능매트릭스!R98,1,원천 기능행
REQ-FAC-023,시설관리,민원 발생 트래킹,유사연계,"REQ-MBR-014, REQ-MBR-007, REQ-HQ-102, REQ-MBR-064, REQ-HQ-147, REQ-MBR-073","동일 주제권이나 화면/도메인/운영 목적 차이 가능. 관련그룹=회원등급/세그먼트, 대시보드/KPI. 예: REQ-MBR-014 내 담당 회원 리스트, REQ-MBR-007 LOST 회원 리스트, REQ-HQ-102 자동 생성 Task 리스트, REQ-MBR-064 회원 등급","HQ Dashboard > 시설·안전·리스크 대시보드 > 리스크 분석. 민원 발생 데이터를 AT-RISK/이탈 데이터와 연결하여 리스크 요인을 분석한다.. Input=민원 접수 로그, 처리 상태, AT-RISK/LOST 변환 이력. Output=민원 유형별 빈도, 이탈과의 상관 지표, 리스크 높은 지점/시간대. 대안=",,,스포짐 요구사항: lastspr/요구리스트관련자료/스포짐요구사항/스포짐FG_수정_공유 2025_1228.xlsx::4. (수정)VC 디스크립션!R151,1,스포짐 원천요구
REQ-FAC-024,시설관리,밴드카드,부분포함,,상위 화면의 탭/필터/목록/모달/입력항목으로 포함될 수 있어 화면 단위 검토 필요,5. 시설 관리. BroJ=✗ 없음; OnFit=★★★ 밴드카드 발급·관리; FitPlat 결정=**OnFit** 채택,,,BroJ vs OnFit 비교분석: lastspr/요구리스트관련자료/3사앱 확인/심프로/비교분석_BroJ_vs_OnFit.md::L107,1,경쟁사 비교/채택전략
REQ-FAC-025,시설관리,밴드카드(RFID),유사연계,"REQ-APP-037, REQ-APP-036, REQ-APP-005, REQ-APP-018, REQ-APP-024, REQ-APP-025","동일 주제권이나 화면/도메인/운영 목적 차이 가능. 관련그룹=출입/키오스크/모바일. 예: REQ-APP-037 출석 이력 조회, REQ-APP-036 출석 결과 처리·후처리, REQ-APP-005 강사 검색·즐겨찾기·상세, REQ-APP-018 메신저 허브·1:1 대화","시설관리 / 키오스크·디바이스. 3사 비교: BroJ=×, OnFit=○, LessonBook=×, FitGenie=○. 핏지니 카드 등록·수정·분실",,"BroJ=×, OnFit=○, LessonBook=×, FitGenie=○",3사앱 기능매트릭스: lastspr/요구리스트관련자료/3사앱 확인/판도/기능매트릭스 비교_v5.xlsx::기능매트릭스!R99,1,원천 기능행
REQ-FAC-026,시설관리,밴드/카드 관리,유사연계,"REQ-APP-013, REQ-MKT-017, REQ-MBR-010, REQ-MBR-046, REQ-APP-023, REQ-APP-009","동일 주제권이나 화면/도메인/운영 목적 차이 가능. 관련그룹=출입/키오스크/모바일. 예: REQ-APP-013 대기 예약 관리, REQ-MKT-017 모바일앱 배너 관리, REQ-MBR-010 QR 출입 관리 시스템, REQ-MBR-046 체성분(InBody) 관리",시설. 출입 밴드·카드 발급·관리. 출처=온핏,P1,,3사앱 통합기획 DOCX: lastspr/요구리스트관련자료/3사앱 확인/심프로/통합_헬스장_관리시스템_기획문서.docx::기능항목표 R26,1,3사 앱 기능요약
REQ-FAC-027,시설관리,사물함 관리 (일일·개인·골프),유사연계,"REQ-PRD-014, REQ-APP-021, REQ-CLS-037, REQ-PAY-036, REQ-PAY-040, REQ-STF-033","동일 주제권이나 화면/도메인/운영 목적 차이 가능. 관련그룹=락커/사물함. 예: REQ-PRD-014 회원권/락커 만료일, REQ-APP-021 본인 확인·이용권/예약/락커 조회, REQ-CLS-037 수업 상품 등록, REQ-PAY-036 상품 목록(회원권/수강권/락커/대여)",시설. 지점별 사물함 타입 활성화·배정. 출처=온핏,P1,,3사앱 통합기획 DOCX: lastspr/요구리스트관련자료/3사앱 확인/심프로/통합_헬스장_관리시스템_기획문서.docx::기능항목표 R25,1,3사 앱 기능요약
REQ-FAC-028,시설관리,사우나 온도 체크,유사연계,"REQ-APP-022, REQ-RSV-043, REQ-APP-004, REQ-MBR-056, REQ-CLS-051, REQ-APP-012","동일 주제권이나 화면/도메인/운영 목적 차이 가능. 관련그룹=자동알림/메시지, 출입/키오스크/모바일. 예: REQ-APP-022 사우나 이용 기록, REQ-RSV-043 출석 QR 체크인, REQ-APP-004 QR 체크인(자가 출석), REQ-MBR-056 출석 체크(참석/불참/취소)","Manager App > 시설·청결 관리 > 시설 모니터링. IoT 또는 수동 입력 데이터 기반으로 사우나 온도/습도를 모니터링한다.. Input=사우나 온도/습도 데이터, 시간 기록. Output=정상/비정상 상태, 경고 알림. 대안=",,,스포짐 요구사항: lastspr/요구리스트관련자료/스포짐요구사항/스포짐FG_수정_공유 2025_1228.xlsx::4. (수정)VC 디스크립션!R117,1,스포짐 원천요구
REQ-FAC-029,시설관리,사우나 온도 트렌드 모니터링,유사연계,"REQ-STF-028, REQ-HQ-116, REQ-HQ-085, REQ-MBR-016, REQ-HQ-091, REQ-SET-024","동일 주제권이나 화면/도메인/운영 목적 차이 가능. 관련그룹=대시보드/KPI. 예: REQ-STF-028 실시간 업무 부하 모니터링, REQ-HQ-116 주간/월간 KPI 트렌드, REQ-HQ-085 실시간 재무 대시보드
 : 일일/월별 손익 현황을 실시간으로 모니터링, REQ-MBR-016 데이터 인사이트","HQ Dashboard > 시설·안전·리스크 대시보드 > 시설 리스크 메인. 지점별 사우나 온도·습도 로그를 모아 이상 패턴(너무 높음/낮음)을 탐지한다.. Input=사우나 온도/습도 로그, 시간, 지점 코드. Output=온도 트렌드 그래프, 이상 구간 경고. 대안=",,,스포짐 요구사항: lastspr/요구리스트관련자료/스포짐요구사항/스포짐FG_수정_공유 2025_1228.xlsx::4. (수정)VC 디스크립션!R148,1,스포짐 원천요구
REQ-FAC-030,시설관리,사진 업로드 기록 보기,부분포함,,상위 화면의 탭/필터/목록/모달/입력항목으로 포함될 수 있어 화면 단위 검토 필요,"Manager App > 시설·청결 관리 > 사진 관리. 시설 점검/청결 인증 시 업로드된 사진을 날짜별/구역별로 조회한다.. Input=사진, 촬영 직원ID, 구역 ID. Output=사진 리스트, 점검 히스토리. 대안=",,,스포짐 요구사항: lastspr/요구리스트관련자료/스포짐요구사항/스포짐FG_수정_공유 2025_1228.xlsx::4. (수정)VC 디스크립션!R119,1,스포짐 원천요구
REQ-FAC-031,시설관리,센터 웹사이트 관리,독립,,현재 기준 독립 요구사항으로 판단,"시설관리 / 웹사이트. 3사 비교: BroJ=×, OnFit=×, LessonBook=○, FitGenie=×. 레슨북 차별 / 핏지니 미명시 (사용자 LSB-14 누락 일치)",,"BroJ=×, OnFit=×, LessonBook=○, FitGenie=×",3사앱 기능매트릭스: lastspr/요구리스트관련자료/3사앱 확인/판도/기능매트릭스 비교_v5.xlsx::기능매트릭스!R101,1,원천 기능행
REQ-FAC-032,시설관리,소모품 재고 관리(입출고·발주),독립,,현재 기준 독립 요구사항으로 판단,"시설관리 / 운영 도구(FG). 3사 비교: BroJ=×, OnFit=×, LessonBook=×, FitGenie=○. 핏지니 재고·발주",,"BroJ=×, OnFit=×, LessonBook=×, FitGenie=○",3사앱 기능매트릭스: lastspr/요구리스트관련자료/3사앱 확인/판도/기능매트릭스 비교_v5.xlsx::기능매트릭스!R104,1,원천 기능행
REQ-FAC-033,시설관리,수리 요청 승인,독립,,현재 기준 독립 요구사항으로 판단,"Manager App > 전자결재 > 결재 리스트. 기구/시설 수리 요청서를 확인하고 결재한다.. Input=수리 요청서, 견적, 금액, 사진. Output=수리 승인/반려 기록, 처리 히스토리. 대안=",,,스포짐 요구사항: lastspr/요구리스트관련자료/스포짐요구사항/스포짐FG_수정_공유 2025_1228.xlsx::4. (수정)VC 디스크립션!R122,1,스포짐 원천요구
REQ-FAC-034,시설관리,시설 관리,유사연계,"REQ-FAC-009, REQ-FAC-014, REQ-CLS-037, REQ-PAY-036, REQ-PAY-040, REQ-PRD-014","동일 주제권이나 화면/도메인/운영 목적 차이 가능. 관련그룹=락커/사물함. 예: REQ-FAC-009 골프 시설, REQ-FAC-014 락커 관리, REQ-CLS-037 수업 상품 등록, REQ-PAY-036 상품 목록(회원권/수강권/락커/대여)",종합 요약. BroJ=락커 박스뷰/리스트뷰 시각화; OnFit=골프타석·운동룸·일일사물함 복합; FitPlat 결정=OnFit 시설 + BroJ 락커 UI,,,BroJ vs OnFit 비교분석: lastspr/요구리스트관련자료/3사앱 확인/심프로/비교분석_BroJ_vs_OnFit.md::L18,1,경쟁사 비교/채택전략
REQ-FAC-035,시설관리,시설 관리는 회의에서 가장 많이 논의된 영역,독립,,현재 기준 독립 요구사항으로 판단,시설 관리는 회의에서 가장 많이 논의된 영역,,,회의록: lastspr/요구리스트관련자료/회의록/260428.md::L94,1,회의결정/논의
REQ-FAC-036,시설관리,시설 이슈 보고/처리,독립,,현재 기준 독립 요구사항으로 판단,"Manager App > 시설·청결 관리 > 이슈 보고. 직원이 등록한 시설 문제를 보고서 형태로 확인하고 처리/반려할 수 있다.. Input=이슈 내용, 사진, 직원ID, 구역 정보. Output=이슈 상태(신규/처리/완료), 처리 로그. 대안=",,,스포짐 요구사항: lastspr/요구리스트관련자료/스포짐요구사항/스포짐FG_수정_공유 2025_1228.xlsx::4. (수정)VC 디스크립션!R120,1,스포짐 원천요구
REQ-FAC-037,시설관리,시설 점검 체크리스트 자동화,유사연계,"REQ-HQ-074, REQ-STF-026, REQ-HQ-102, REQ-HQ-008, REQ-HQ-001, REQ-HQ-075","동일 주제권이나 화면/도메인/운영 목적 차이 가능. 관련그룹=대시보드/KPI. 예: REQ-HQ-074 시설 점검률, REQ-STF-026 스케줄 자동 최적화, REQ-HQ-102 자동 생성 Task 리스트, REQ-HQ-008 GX 수업 예약 및 출석 자동화","시스템=3) 시설·리커버리·오프라인 운영

장비 고장 자동감지는 
별도 장비가 필요함; KPI=시설 청결도 점수 (Branch Manager); 효과=일일 시설 점검 체크리스트 자동 생성 및 완료 추적. 누락 없는 관리로 청결도 4.5/5.0+ 달성; 흐름=점검 항목 자동 생성 → 직원 체크 → 완료 추적 → 청결도 평가",,,대시보드/KPI 요구사항: lastspr/요구리스트관련자료/스포짐요구사항/DashBoard_단계별_KPI_Structure_2026_0127 - 복사본.xlsx::3. 시스템 & 운영_비용관리!R21,1,대시보드/KPI
REQ-FAC-038,시설관리,시설 현황 대시보드,유사연계,"REQ-HQ-037, REQ-HQ-143, REQ-SET-016, REQ-HQ-069, REQ-HQ-091, REQ-APP-042","동일 주제권이나 화면/도메인/운영 목적 차이 가능. 관련그룹=대시보드/KPI. 예: REQ-HQ-037 대시보드, REQ-HQ-143 홈 대시보드, REQ-SET-016 메인 대시보드, REQ-HQ-069 슈퍼 대시보드",5. 시설 관리. BroJ=★★; OnFit=★★★ 실시간 현황판; FitPlat 결정=**OnFit** 채택,,,BroJ vs OnFit 비교분석: lastspr/요구리스트관련자료/3사앱 확인/심프로/비교분석_BroJ_vs_OnFit.md::L109,1,경쟁사 비교/채택전략
REQ-FAC-039,시설관리,오프라인 운영 데이터 통합,유사연계,"REQ-MBR-016, REQ-HQ-087, REQ-HQ-136, REQ-STF-016, REQ-STF-024, REQ-MBR-031","동일 주제권이나 화면/도메인/운영 목적 차이 가능. 관련그룹=대시보드/KPI, 급여/정산/지출. 예: REQ-MBR-016 데이터 인사이트, REQ-HQ-087 영업이익률, REQ-HQ-136 통합 ROI, REQ-STF-016 급여 관리 통합 기준",시스템=; KPI=영업이익률 (Branch Manager); 효과=시설 운영 비용(전기/수도/수리) 실시간 추적 및 최적화. 불필요한 지출 30% 절감으로 영업이익률 30%+ 달성; 흐름=운영 비용 데이터 → 실시간 추적 → 최적화 제안 → 비용 절감 → 이익률 측정,,,대시보드/KPI 요구사항: lastspr/요구리스트관련자료/스포짐요구사항/DashBoard_단계별_KPI_Structure_2026_0127 - 복사본.xlsx::3. 시스템 & 운영_비용관리!R25,1,대시보드/KPI
REQ-FAC-040,시설관리,운동룸 관리,중복병합,,동일 또는 사실상 같은 요구를 3개 출처에서 병합. 관련그룹=-,"시설관리 / 운동룸. 3사 비교: BroJ=×, OnFit=○, LessonBook=△, FitGenie=○. 핏지니 운동룸 관리 / 시설. 룸별 예약·사용 현황. 출처=온핏 / 5. 시설 관리. BroJ=✗ 없음; OnFit=★★★ 룸별 패턴·좌석 배치 설정; FitPlat 결정=**OnFit** 채택",P1,"BroJ=×, OnFit=○, LessonBook=△, FitGenie=○",3사앱 기능매트릭스: lastspr/요구리스트관련자료/3사앱 확인/판도/기능매트릭스 비교_v5.xlsx::기능매트릭스!R93 | 3사앱 통합기획 DOCX: lastspr/요구리스트관련자료/3사앱 확인/심프로/통합_헬스장_관리시스템_기획문서.docx::기능항목표 R28 | BroJ vs OnFit 비교분석: lastspr/요구리스트관련자료/3사앱 확인/심프로/비교분석_BroJ_vs_OnFit.md::L106,3,원천 기능행
REQ-FAC-041,시설관리,운동룸 예약 슬롯/패턴,독립,,현재 기준 독립 요구사항으로 판단,"시설관리 / 운동룸. 3사 비교: BroJ=×, OnFit=○, LessonBook=×, FitGenie=○. 핏지니 예약 슬롯 바 + 공간 자산",,"BroJ=×, OnFit=○, LessonBook=×, FitGenie=○",3사앱 기능매트릭스: lastspr/요구리스트관련자료/3사앱 확인/판도/기능매트릭스 비교_v5.xlsx::기능매트릭스!R94,1,원천 기능행
REQ-FAC-042,시설관리,운동복 관리(대여·반납 + QR),유사연계,"REQ-RSV-011, REQ-APP-003, REQ-APP-029, REQ-APP-028, REQ-APP-004, REQ-APP-006","동일 주제권이나 화면/도메인/운영 목적 차이 가능. 관련그룹=출입/키오스크/모바일. 예: REQ-RSV-011 골프 타석 예약·배정, REQ-APP-003 Q&A/FAQ/신고, REQ-APP-029 예약 취소·이력, REQ-APP-028 실시간 입장·회원 식별","시설관리 / 운영 도구(FG). 3사 비교: BroJ=×, OnFit=×, LessonBook=×, FitGenie=○. 핏지니 운동복 QR — 신규",,"BroJ=×, OnFit=×, LessonBook=×, FitGenie=○",3사앱 기능매트릭스: lastspr/요구리스트관련자료/3사앱 확인/판도/기능매트릭스 비교_v5.xlsx::기능매트릭스!R102,1,원천 기능행
REQ-FAC-043,시설관리,원격 제어 센터(IoT 기기),유사연계,"REQ-MBR-004, REQ-APP-036, REQ-APP-012, REQ-MBR-046, REQ-MBR-056, REQ-APP-028","동일 주제권이나 화면/도메인/운영 목적 차이 가능. 관련그룹=출입/키오스크/모바일. 예: REQ-MBR-004 AI 통합 분석(온핏 분석), REQ-APP-036 출석 결과 처리·후처리, REQ-APP-012 다중 인증 체크인(QR·안면·전화), REQ-MBR-046 체성분(InBody) 관리","시설관리 / 키오스크·디바이스. 3사 비교: BroJ=○, OnFit=×, LessonBook=×, FitGenie=○. 핏지니 IoT 연동 관리",,"BroJ=○, OnFit=×, LessonBook=×, FitGenie=○",3사앱 기능매트릭스: lastspr/요구리스트관련자료/3사앱 확인/판도/기능매트릭스 비교_v5.xlsx::기능매트릭스!R100,1,원천 기능행
REQ-FAC-044,시설관리,일일 사물함(단기 배정),유사연계,"REQ-FAC-021, REQ-APP-021, REQ-FAC-020, REQ-PAY-036, REQ-PRD-014, REQ-FAC-016","동일 주제권이나 화면/도메인/운영 목적 차이 가능. 관련그룹=락커/사물함. 예: REQ-FAC-021 락커 현황(박스뷰/그리드), REQ-APP-021 본인 확인·이용권/예약/락커 조회, REQ-FAC-020 락커 현황(리스트뷰), REQ-PAY-036 상품 목록(회원권/수강권/락커/대여)","시설관리 / 사물함·락커. 3사 비교: BroJ=×, OnFit=○, LessonBook=△, FitGenie=○. 핏지니 사물함 배정 관리",,"BroJ=×, OnFit=○, LessonBook=△, FitGenie=○",3사앱 기능매트릭스: lastspr/요구리스트관련자료/3사앱 확인/판도/기능매트릭스 비교_v5.xlsx::기능매트릭스!R91,1,원천 기능행
REQ-FAC-045,시설관리,장비 고장 자동 감지 및 신고,유사연계,"REQ-RSV-014, REQ-CLS-017, REQ-MBR-027, REQ-MKT-027, REQ-HQ-086, REQ-STF-026","동일 주제권이나 화면/도메인/운영 목적 차이 가능. 관련그룹=대시보드/KPI. 예: REQ-RSV-014 노쇼 15분 자동 감지 및 알림, REQ-CLS-017 PT 종료 자동 감지 및 재구매 상담 리스트 생성, REQ-MBR-027 상담 자동 녹음 및 요약, REQ-MKT-027 자동알림(신규) 트리거",시스템=; KPI=NPS (Branch Manager); 효과=운동 장비 고장 자동 감지 및 즉각 수리 요청. 시설 다운타임 최소화로 NPS 40+ 달성; 흐름=장비 센서 → 고장 감지 → 자동 신고 → 즉각 수리 → NPS 측정,,,대시보드/KPI 요구사항: lastspr/요구리스트관련자료/스포짐요구사항/DashBoard_단계별_KPI_Structure_2026_0127 - 복사본.xlsx::3. 시스템 & 운영_비용관리!R24,1,대시보드/KPI
REQ-FAC-046,시설관리,장비 점검 일정,독립,,현재 기준 독립 요구사항으로 판단,"시설관리 / 운영 도구(FG). 3사 비교: BroJ=×, OnFit=×, LessonBook=×, FitGenie=○. 핏지니 장비·점검·수리",,"BroJ=×, OnFit=×, LessonBook=×, FitGenie=○",3사앱 기능매트릭스: lastspr/요구리스트관련자료/3사앱 확인/판도/기능매트릭스 비교_v5.xlsx::기능매트릭스!R103,1,원천 기능행
REQ-FAC-047,시설관리,"제로스트는 시설 관리 화면, 데이터 저장, 조회, 수정, 상태 관리 등 CRM 내 기능을 담당하는 방향",부분포함,,상위 화면의 탭/필터/목록/모달/입력항목으로 포함될 수 있어 화면 단위 검토 필요,"제로스트는 시설 관리 화면, 데이터 저장, 조회, 수정, 상태 관리 등 CRM 내 기능을 담당하는 방향",,,회의록: lastspr/요구리스트관련자료/회의록/260428.md::L97,1,회의결정/논의
REQ-FAC-048,시설관리,청결 인증률 보기,유사연계,"REQ-MKT-016, REQ-APP-040, REQ-APP-007, REQ-APP-012, REQ-HQ-043, REQ-MBR-022","동일 주제권이나 화면/도메인/운영 목적 차이 가능. 관련그룹=자동알림/메시지, 출입/키오스크/모바일. 예: REQ-MKT-016 모든 알림 보기, REQ-APP-040 통증 기록 입력, REQ-APP-007 결제 이력/영수증, REQ-APP-012 다중 인증 체크인(QR·안면·전화)","Manager App > 시설·청결 관리 > 시설 점검. 직원 청결 체크리스트 인증률을 확인하고 문제 구역을 표시한다.. Input=QR 체크 기록, 체크리스트 항목 수행 로그. Output=구역별 점검률 %, 미수행 항목 알림. 대안=",,,스포짐 요구사항: lastspr/요구리스트관련자료/스포짐요구사항/스포짐FG_수정_공유 2025_1228.xlsx::4. (수정)VC 디스크립션!R116,1,스포짐 원천요구
REQ-FAC-049,시설관리,청소 스케줄(구역별),독립,,현재 기준 독립 요구사항으로 판단,"시설관리 / 운영 도구(FG). 3사 비교: BroJ=×, OnFit=×, LessonBook=×, FitGenie=○. 핏지니 체크리스트",,"BroJ=×, OnFit=×, LessonBook=×, FitGenie=○",3사앱 기능매트릭스: lastspr/요구리스트관련자료/3사앱 확인/판도/기능매트릭스 비교_v5.xlsx::기능매트릭스!R105,1,원천 기능행
REQ-FAC-050,시설관리,청소 인증률 분석,유사연계,"REQ-CLS-020, REQ-MBR-020, REQ-APP-004, REQ-MBR-004, REQ-CLS-009, REQ-MKT-006","동일 주제권이나 화면/도메인/운영 목적 차이 가능. 관련그룹=대시보드/KPI, 출입/키오스크/모바일. 예: REQ-CLS-020 PT 캠페인 성과 분석, REQ-MBR-020 방문율 분석, REQ-APP-004 QR 체크인(자가 출석), REQ-MBR-004 AI 통합 분석(온핏 분석)","HQ Dashboard > 시설·안전·리스크 대시보드 > 청결 모니터링. 구역별 청소 인증률과 지연/누락 현황을 종합해 청결 리스크를 평가한다.. Input=QR 청소 인증 로그, 체크리스트, 시간 데이터. Output=지점·구역별 청소 인증률, 지연 건수, 위험 구역 표시. 대안=",,,스포짐 요구사항: lastspr/요구리스트관련자료/스포짐요구사항/스포짐FG_수정_공유 2025_1228.xlsx::4. (수정)VC 디스크립션!R150,1,스포짐 원천요구
REQ-FAC-051,시설관리,출입 제한 통합 기준,유사연계,"REQ-MBR-010, REQ-MBR-004, REQ-APP-009, REQ-HQ-043, REQ-APP-010, REQ-APP-013","동일 주제권이나 화면/도메인/운영 목적 차이 가능. 관련그룹=출입/키오스크/모바일. 예: REQ-MBR-010 QR 출입 관리 시스템, REQ-MBR-004 AI 통합 분석(온핏 분석), REQ-APP-009 관리자 진입·기기 상태·운영 제어, REQ-HQ-043 - 디지털 회원증 (QR코드 기반 출입)",온핏 기반=없음; 브로제이 보완=해피아워(시간대별 출입제한) ✓; 레슨북 고도화=—,,,3사앱 역할비교 DOCX: lastspr/요구리스트관련자료/3사앱 확인/심프로/통합_헬스장_관리시스템_기획문서.docx::기능영역표 R12,1,역할비교/중복보강
REQ-FAC-052,시설관리,키오스크,유사연계,"REQ-HQ-089, REQ-PRD-009, REQ-FAC-053, REQ-RSV-043, REQ-MBR-010, REQ-APP-004","동일 주제권이나 화면/도메인/운영 목적 차이 가능. 관련그룹=출입/키오스크/모바일. 예: REQ-HQ-089 - 온라인/모바일 간편결제 및 키오스크 결제, REQ-PRD-009 지점 다중 소속/홈&오피스, REQ-FAC-053 키오스크 설정·운영, REQ-RSV-043 출석 QR 체크인",5. 시설 관리. BroJ=✗ 없음; OnFit=★★★ 키오스크 배너·설정 관리; FitPlat 결정=**OnFit** 채택,,,BroJ vs OnFit 비교분석: lastspr/요구리스트관련자료/3사앱 확인/심프로/비교분석_BroJ_vs_OnFit.md::L108,1,경쟁사 비교/채택전략
REQ-FAC-053,시설관리,키오스크 설정·운영,유사연계,"REQ-APP-034, REQ-APP-012, REQ-APP-021, REQ-MBR-004, REQ-APP-028, REQ-APP-008","동일 주제권이나 화면/도메인/운영 목적 차이 가능. 관련그룹=출입/키오스크/모바일. 예: REQ-APP-034 정책 설정 연동, REQ-APP-012 다중 인증 체크인(QR·안면·전화), REQ-APP-021 본인 확인·이용권/예약/락커 조회, REQ-MBR-004 AI 통합 분석(온핏 분석)","시설관리 / 키오스크·디바이스. 3사 비교: BroJ=×, OnFit=○, LessonBook=×, FitGenie=○. 핏지니 키오스크 설정 + 운영 현황",,"BroJ=×, OnFit=○, LessonBook=×, FitGenie=○",3사앱 기능매트릭스: lastspr/요구리스트관련자료/3사앱 확인/판도/기능매트릭스 비교_v5.xlsx::기능매트릭스!R97,1,원천 기능행
REQ-FAC-054,시설관리,타석 관리,독립,,현재 기준 독립 요구사항으로 판단,시설. 골프 타석 예약·현황. 출처=온핏,P2,,3사앱 통합기획 DOCX: lastspr/요구리스트관련자료/3사앱 확인/심프로/통합_헬스장_관리시스템_기획문서.docx::기능항목표 R27,1,3사 앱 기능요약
REQ-FAC-055,시설관리,타석 관리(실시간 이용),독립,,현재 기준 독립 요구사항으로 판단,"시설관리 / 골프 타석. 3사 비교: BroJ=×, OnFit=○, LessonBook=○, FitGenie=○. 핏지니 골프 타석 관리",,"BroJ=×, OnFit=○, LessonBook=○, FitGenie=○",3사앱 기능매트릭스: lastspr/요구리스트관련자료/3사앱 확인/판도/기능매트릭스 비교_v5.xlsx::기능매트릭스!R95,1,원천 기능행
REQ-FAC-056,시설관리,해피아워 (시간대별 출입제한),유사연계,"REQ-APP-028, REQ-MBR-010, REQ-APP-009, REQ-HQ-043, REQ-HQ-089, REQ-HQ-074","동일 주제권이나 화면/도메인/운영 목적 차이 가능. 관련그룹=출입/키오스크/모바일. 예: REQ-APP-028 실시간 입장·회원 식별, REQ-MBR-010 QR 출입 관리 시스템, REQ-APP-009 관리자 진입·기기 상태·운영 제어, REQ-HQ-043 - 디지털 회원증 (QR코드 기반 출입)",시설. 요일·시간대별 출입 허용 구간 설정. 출처=브로제이,P2,,3사앱 통합기획 DOCX: lastspr/요구리스트관련자료/3사앱 확인/심프로/통합_헬스장_관리시스템_기획문서.docx::기능항목표 R29,1,3사 앱 기능요약
REQ-FAC-057,시설관리,회원 건강 연동(Health Connect),유사연계,"REQ-MBR-004, REQ-MBR-046, REQ-APP-006, REQ-APP-012, REQ-APP-028, REQ-FAC-004","동일 주제권이나 화면/도메인/운영 목적 차이 가능. 관련그룹=체성분/인바디, 출입/키오스크/모바일. 예: REQ-MBR-004 AI 통합 분석(온핏 분석), REQ-MBR-046 체성분(InBody) 관리, REQ-APP-006 건강 데이터 연동(Health Connect), REQ-APP-012 다중 인증 체크인(QR·안면·전화)","시설관리 / IoT 연동(FG). 3사 비교: BroJ=×, OnFit=×, LessonBook=×, FitGenie=○. 핏지니 체성분·운동 + Health Connect",,"BroJ=×, OnFit=×, LessonBook=×, FitGenie=○",3사앱 기능매트릭스: lastspr/요구리스트관련자료/3사앱 확인/판도/기능매트릭스 비교_v5.xlsx::기능매트릭스!R108,1,원천 기능행
REQ-STF-001,직원관리,AI 기반 Today Tasks 자동 생성,유사연계,"REQ-HQ-030, REQ-HQ-014, REQ-HQ-028, REQ-HQ-002, REQ-HQ-086, REQ-HQ-102","동일 주제권이나 화면/도메인/운영 목적 차이 가능. 관련그룹=대시보드/KPI, 권한/역할, 자동알림/메시지. 예: REQ-HQ-030 Today Tasks, REQ-HQ-014 KPI/Today’s Work, REQ-HQ-028 Task 필터/정렬, REQ-HQ-002 AT-RISK 회수율",시스템=2) 직원 스케줄·업무일지·미션; KPI=TM 완료율 (FC); 효과=CRM 데이터 기반으로 FC별 Today Tasks를 우선순위와 함께 자동 생성. 누락 방지 및 효율적 업무 배분으로 TM 완료율 90%+ 달성; 흐름=CRM 데이터 → AI 분석 → Today Tasks 생성 → FC 앱 알림 → 완료율 측정,,,대시보드/KPI 요구사항: lastspr/요구리스트관련자료/스포짐요구사항/DashBoard_단계별_KPI_Structure_2026_0127 - 복사본.xlsx::3. 시스템 & 운영_비용관리!R14,1,대시보드/KPI
REQ-STF-002,직원관리,AI 트레이너 매칭 TOP3,유사연계,"REQ-CLS-053, REQ-MBR-015, REQ-HQ-138, REQ-MBR-001, REQ-MBR-002, REQ-MBR-003","동일 주제권이나 화면/도메인/운영 목적 차이 가능. 관련그룹=권한/역할. 예: REQ-CLS-053 트레이너 실적, REQ-MBR-015 담당 트레이너 지정, REQ-HQ-138 트레이너 실적 리포트, REQ-MBR-001 AI 기반 재등록 타이밍 최적화","Member App > PT/OT 예약 > 트레이너 추천. 성별 선호, 운동 목적, 성향, 시간대, 스타일 등을 기반으로 회원에게 가장 잘 맞는 트레이너 TOP3를 점수와 함께 보여준다.. Input=회원 선호(성별/시간대), 목적, 성향, 기존 PT 데이터, 트레이너 프로필. Output=DB 트레이너별 매칭 점수, TOP3 리스트. 대안=",,,스포짐 요구사항: lastspr/요구리스트관련자료/스포짐요구사항/스포짐FG_수정_공유 2025_1228.xlsx::4. (수정)VC 디스크립션!R35,1,스포짐 원천요구
REQ-STF-003,직원관리,BroJ 전자계약서 4종 유형 (MEM-004에 유형 추가),유사연계,"REQ-PAY-056, REQ-GEN-044, REQ-MBR-054, REQ-PAY-054, REQ-PAY-047, REQ-OPS-002","동일 주제권이나 화면/도메인/운영 목적 차이 가능. 관련그룹=전자계약/서명. 예: REQ-PAY-056 전자 계약서, REQ-GEN-044 전자 계약 통합 기준, REQ-MBR-054 즉시 전자서명, REQ-PAY-054 일일 이용 계약서",PRD_01 회원관리 — 추가 필요,,,BroJ vs OnFit PRD 보완: lastspr/요구리스트관련자료/3사앱 확인/심프로/비교분석_BroJ_vs_OnFit.md::L165,1,보완필요
REQ-STF-004,직원관리,BroJ 트레이너별 자동 정산 (HR-006 보완),유사연계,"REQ-CLS-003, REQ-MBR-015, REQ-SET-002, REQ-CLS-053, REQ-SET-001, REQ-HQ-138","동일 주제권이나 화면/도메인/운영 목적 차이 가능. 관련그룹=권한/역할, 급여/정산/지출. 예: REQ-CLS-003 BroJ 급여정책 3요소 공식(기본급+수업단가+수업료%) (HR-005 보완), REQ-MBR-015 담당 트레이너 지정, REQ-SET-002 BroJ 해피아워 시간대 설정 (SET-001/005에 추가), REQ-CLS-053 트레이너 실적",PRD_06 인사·급여 — 추가 필요,,,BroJ vs OnFit PRD 보완: lastspr/요구리스트관련자료/3사앱 확인/심프로/비교분석_BroJ_vs_OnFit.md::L191,1,보완필요
REQ-STF-005,직원관리,"CRM을 향후 태블릿, 스마트폰 등에서도 대응할 수 있도록 반응형 또는 확장 가능성을 고려해야 한다는 내용도 계약서에 반영되어 있는 것으로 언급됨",유사연계,"REQ-OPS-002, REQ-PAY-054, REQ-PAY-056, REQ-PAY-047, REQ-GEN-044, REQ-PAY-019","동일 주제권이나 화면/도메인/운영 목적 차이 가능. 관련그룹=전자계약/서명. 예: REQ-OPS-002 AWS 기준 구성 여부, API 연동 포인트 설계 등 세부 질문은 판도 개발팀이 계약서를 다시 확인한 뒤 문서로 정리하기로 함, REQ-PAY-054 일일 이용 계약서, REQ-PAY-056 전자 계약서, REQ-PAY-047 약관·서명 영역","CRM을 향후 태블릿, 스마트폰 등에서도 대응할 수 있도록 반응형 또는 확장 가능성을 고려해야 한다는 내용도 계약서에 반영되어 있는 것으로 언급됨",,,회의록: lastspr/요구리스트관련자료/회의록/260428.md::L137,1,회의결정/논의
REQ-STF-006,직원관리,"FastAPI 사용은 계약서에 포함되어 있고, 제로스트 측도 내부 개발팀에 공유되어 있음",유사연계,"REQ-OPS-002, REQ-PAY-054, REQ-PAY-056, REQ-PAY-047, REQ-GEN-044, REQ-MBR-038","동일 주제권이나 화면/도메인/운영 목적 차이 가능. 관련그룹=전자계약/서명. 예: REQ-OPS-002 AWS 기준 구성 여부, API 연동 포인트 설계 등 세부 질문은 판도 개발팀이 계약서를 다시 확인한 뒤 문서로 정리하기로 함, REQ-PAY-054 일일 이용 계약서, REQ-PAY-056 전자 계약서, REQ-PAY-047 약관·서명 영역","FastAPI 사용은 계약서에 포함되어 있고, 제로스트 측도 내부 개발팀에 공유되어 있음",,,회의록: lastspr/요구리스트관련자료/회의록/260428.md::L134,1,회의결정/논의
REQ-STF-007,직원관리,"FC와 스태프 기능은 모두 범위에 포함하는 쪽으로 정리됐고, 필요한 API는 기능 단위로 구체적으로 정의해서 요청해야 한다는 점이 강조됐습니다.",유사연계,"REQ-PAY-061, REQ-SET-033, REQ-SET-026, REQ-SET-030, REQ-RSV-046, REQ-HQ-073","동일 주제권이나 화면/도메인/운영 목적 차이 가능. 관련그룹=권한/역할. 예: REQ-PAY-061 키오스크 결제는 현재 범위에서 제외하는 쪽으로 정리됐고, 결제는 FC 처리와 회원 휴대폰 결제 중심으로 보는 흐름이었습니다., REQ-SET-033 현재 화면만으로는 구조 이해가 어려워서, 역할 정의·정책·히어라키·관리 구조를 문서로 받아야 한다는 요구가 분명하게 나왔습니다., REQ-SET-026 역할 구분 자료에서는 한쪽은 Fit Genie 측 담당 영역, 다른 한쪽은 판도 측 진행 영역으로 나뉘어 있었고, 일부 구간은 협업이 필요한 영역으로 표시되어 있었습니다., REQ-SET-030 커뮤니티 기능은 필요성이 높게 언급됐고, 특히 CRM 안에서 게시판·모임장·관리자 권한 구조를 어떻게 둘지 추가 설계가 필요하다고 정리됐습니다.","FC와 스태프 기능은 모두 범위에 포함하는 쪽으로 정리됐고, 필요한 API는 기능 단위로 구체적으로 정의해서 요청해야 한다는 점이 강조됐습니다.",,,회의록: lastspr/요구리스트관련자료/회의록/260428.md::L4,1,회의결정/논의
REQ-STF-008,직원관리,One-Line 패턴 분석,유사연계,"REQ-HQ-021, REQ-HQ-001, REQ-GEN-036, REQ-GEN-060, REQ-HQ-020, REQ-FAC-013","동일 주제권이나 화면/도메인/운영 목적 차이 가능. 관련그룹=회원등급/세그먼트, 대시보드/KPI, 권한/역할. 예: REQ-HQ-021 One-Line 목표 달성률, REQ-HQ-001 AI One-Line 추천 리스트, REQ-GEN-036 오늘의 One-Line 목표 입력, REQ-GEN-060 퇴근 전 One-Line 리플렉션","HQ Dashboard > 직원·트레이너 KPI 대시보드 > One-Line 분석. 직원들이 남긴 One-Line 문장을 NLP로 분석해 키워드/초점(재등록/AT-RISK/운영 등) 분포를 보여준다.. Input=One-Line 텍스트, 직원/지점 정보. Output=주요 키워드 클라우드, 초점 분야 비율, 지점별 차이. 대안=",,,스포짐 요구사항: lastspr/요구리스트관련자료/스포짐요구사항/스포짐FG_수정_공유 2025_1228.xlsx::4. (수정)VC 디스크립션!R146,1,스포짐 원천요구
REQ-STF-009,직원관리,PT 매출 상위 10명,유사연계,"REQ-HQ-025, REQ-CLS-016, REQ-RSV-004, REQ-PAY-029, REQ-CLS-017, REQ-HQ-022","동일 주제권이나 화면/도메인/운영 목적 차이 가능. 관련그룹=대시보드/KPI, 권한/역할. 예: REQ-HQ-025 PT 재구매율, REQ-CLS-016 PT 재구매율 비교, REQ-RSV-004 PT/OT1/OT2 예약, REQ-PAY-029 매출 통계","HQ Dashboard > 직원·트레이너 KPI 대시보드 > 직원 KPI 메인. 전 지점 기준 PT 매출 상위 10명의 트레이너를 보여준다.. Input=트레이너별 PT 매출, 지점 코드. Output=상위 10명 리스트, 매출 금액, 지점 정보. 대안=",,,스포짐 요구사항: lastspr/요구리스트관련자료/스포짐요구사항/스포짐FG_수정_공유 2025_1228.xlsx::4. (수정)VC 디스크립션!R143,1,스포짐 원천요구
REQ-STF-010,직원관리,Today’s Work 완료율,유사연계,"REQ-HQ-014, REQ-HQ-030, REQ-HQ-027, REQ-HQ-029, REQ-HQ-028, REQ-HQ-002","동일 주제권이나 화면/도메인/운영 목적 차이 가능. 관련그룹=대시보드/KPI. 예: REQ-HQ-014 KPI/Today’s Work, REQ-HQ-030 Today Tasks, REQ-HQ-027 Task 상태 변경(완료/보류), REQ-HQ-029 TM 완료율","Manager App > 직원 KPI > 직원 KPI 메인. 직원별 Task 수행 완료율을 비교해 보여준다.. Input=직원 Task 로그, Today’s Work 데이터. Output=직원별 완료률 %, 랭킹, 문제 직원 자동 태깅. 대안=",,,스포짐 요구사항: lastspr/요구리스트관련자료/스포짐요구사항/스포짐FG_수정_공유 2025_1228.xlsx::4. (수정)VC 디스크립션!R104,1,스포짐 원천요구
REQ-STF-011,직원관리,강사 근무 현황,독립,,현재 기준 독립 요구사항으로 판단,수업. 강사 일정·근무 통계. 출처=온핏,P1,,3사앱 통합기획 DOCX: lastspr/요구리스트관련자료/3사앱 확인/심프로/통합_헬스장_관리시스템_기획문서.docx::기능항목표 R17,1,3사 앱 기능요약
REQ-STF-012,직원관리,권한·역할 관리,유사연계,"REQ-SET-003, REQ-SET-031, REQ-SET-008, REQ-SET-013, REQ-SET-027, REQ-SET-029","동일 주제권이나 화면/도메인/운영 목적 차이 가능. 관련그룹=권한/역할, 급여/정산/지출. 예: REQ-SET-003 RBAC 권한 매트릭스, REQ-SET-031 커스텀 역할 생성, REQ-SET-008 권한 관리, REQ-SET-013 데이터 백업/복원(시점 복원)","인사·급여 / 직원 관리. 3사 비교: BroJ=○, OnFit=○, LessonBook=△, FitGenie=○. 핏지니 RBAC 매트릭스",,"BroJ=○, OnFit=○, LessonBook=△, FitGenie=○",3사앱 기능매트릭스: lastspr/요구리스트관련자료/3사앱 확인/판도/기능매트릭스 비교_v5.xlsx::기능매트릭스!R111,1,원천 기능행
REQ-STF-013,직원관리,근로계약서 관리,유사연계,"REQ-MBR-038, REQ-PAY-047, REQ-PAY-056, REQ-PAY-054, REQ-GEN-044, REQ-MBR-054","동일 주제권이나 화면/도메인/운영 목적 차이 가능. 관련그룹=전자계약/서명, 급여/정산/지출. 예: REQ-MBR-038 약관·개인정보 동의 처리, REQ-PAY-047 약관·서명 영역, REQ-PAY-056 전자 계약서, REQ-PAY-054 일일 이용 계약서","인사·급여 / 고급 인사(FG). 3사 비교: BroJ=△, OnFit=△, LessonBook=×, FitGenie=○. 핏지니 전자 계약(직원 포함)",,"BroJ=△, OnFit=△, LessonBook=×, FitGenie=○",3사앱 기능매트릭스: lastspr/요구리스트관련자료/3사앱 확인/판도/기능매트릭스 비교_v5.xlsx::기능매트릭스!R116,1,원천 기능행
REQ-STF-014,직원관리,금액 구간별 지출 패턴 분석,유사연계,"REQ-FAC-013, REQ-HQ-120, REQ-HQ-086, REQ-HQ-012, REQ-CLS-008, REQ-PAY-060","동일 주제권이나 화면/도메인/운영 목적 차이 가능. 관련그룹=대시보드/KPI, 급여/정산/지출. 예: REQ-FAC-013 기구 고장 패턴 분석, REQ-HQ-120 지점별 지출 비교, REQ-HQ-086 업무일지 자동 생성 및 분석, REQ-HQ-012 GX 출석률","HQ Dashboard > 전자결재 대시보드 > 지출 패턴. 5만/30만/150만 원 등 금액 구간별로 지출 빈도와 총액을 분석한다.. Input=지출 금액, 계정 코드, 결재 문서. Output=구간별 지출 히스토그램, 이상 지출 패턴 식별. 대안=",,,스포짐 요구사항: lastspr/요구리스트관련자료/스포짐요구사항/스포짐FG_수정_공유 2025_1228.xlsx::4. (수정)VC 디스크립션!R154,1,스포짐 원천요구
REQ-STF-015,직원관리,급여 관리 (명세서·정산),유사연계,"REQ-MKT-010, REQ-PAY-035, REQ-OPS-012, REQ-STF-017, REQ-HQ-150, REQ-CLS-003","동일 주제권이나 화면/도메인/운영 목적 차이 가능. 관련그룹=급여/정산/지출. 예: REQ-MKT-010 급여명세서 PDF 및 알림, REQ-PAY-035 비용 정산 승인, REQ-OPS-012 시스템 아키텍처·ERD·API 명세서, REQ-STF-017 급여 명세서 출력",인사·급여. 급여 계산·명세서 발행·정산. 출처=브로제이,P2,,3사앱 통합기획 DOCX: lastspr/요구리스트관련자료/3사앱 확인/심프로/통합_헬스장_관리시스템_기획문서.docx::기능항목표 R36,1,3사 앱 기능요약
REQ-STF-016,직원관리,급여 관리 통합 기준,유사연계,"REQ-FAC-039, REQ-MKT-010, REQ-HQ-150, REQ-CLS-003, REQ-HQ-052, REQ-HQ-063","동일 주제권이나 화면/도메인/운영 목적 차이 가능. 관련그룹=급여/정산/지출. 예: REQ-FAC-039 오프라인 운영 데이터 통합, REQ-MKT-010 급여명세서 PDF 및 알림, REQ-HQ-150 - 회원 정보 통합 관리
 (기본 정보, 회원권, PT/GX 내역, 상담 기록), REQ-CLS-003 BroJ 급여정책 3요소 공식(기본급+수업단가+수업료%) (HR-005 보완)",온핏 기반=직원근태 관리 (기본); 브로제이 보완=급여 관리 전용 (일부 지점); 레슨북 고도화=—,,,3사앱 역할비교 DOCX: lastspr/요구리스트관련자료/3사앱 확인/심프로/통합_헬스장_관리시스템_기획문서.docx::기능영역표 R15,1,역할비교/중복보강
REQ-STF-017,직원관리,급여 명세서 출력,중복병합,"REQ-MKT-010, REQ-STF-020, REQ-STF-046, REQ-OPS-012, REQ-STF-015, REQ-STF-043",동일 또는 사실상 같은 요구를 2개 출처에서 병합. 관련그룹=급여/정산/지출,"인사·급여 / 급여 관리. 3사 비교: BroJ=△, OnFit=○, LessonBook=△, FitGenie=○. 핏지니 급여 명세서 PDF / 6. 직원 · 급여 관리. BroJ=★★; OnFit=★★★ 월별 명세서·정산 자동 계산; FitPlat 결정=**OnFit** 명세서 채택",,"BroJ=△, OnFit=○, LessonBook=△, FitGenie=○",3사앱 기능매트릭스: lastspr/요구리스트관련자료/3사앱 확인/판도/기능매트릭스 비교_v5.xlsx::기능매트릭스!R114 | BroJ vs OnFit 비교분석: lastspr/요구리스트관련자료/3사앱 확인/심프로/비교분석_BroJ_vs_OnFit.md::L122,2,원천 기능행
REQ-STF-018,직원관리,급여/정산/지출,유사연계,"REQ-HQ-033, REQ-PAY-035, REQ-PAY-060, REQ-HQ-120, REQ-MKT-010, REQ-HQ-043","동일 주제권이나 화면/도메인/운영 목적 차이 가능. 관련그룹=전자계약/서명, 급여/정산/지출. 예: REQ-HQ-033 고정/변동 지출 비율, REQ-PAY-035 비용 정산 승인, REQ-PAY-060 지점별 매출 귀속, REQ-HQ-120 지점별 지출 비교","급여 정산은 수기로 입력하고, 계약서/서식 업로드 방식으로 가는 것으로 이해. / 급여액 계산은 가능하나 자동 송금/완전 자동 급여 처리와는 분리. / 1.0에서는 지출 탭을 수기로 입력할 수 있게 하는 수준. / 지출 항목은 스포짐이 전달하고, 시스템은 항목별 숫자 입력 중심으로 구성. / 손익 구조/회계는 1.5에서 다루는 방향.",,,회의록: lastspr/요구리스트관련자료/회의록/260519.md::L68,1,회의결정/논의
REQ-STF-019,직원관리,급여 정책,유사연계,"REQ-MKT-010, REQ-CLS-003, REQ-STF-020, REQ-PAY-035, REQ-HQ-033, REQ-STF-018","동일 주제권이나 화면/도메인/운영 목적 차이 가능. 관련그룹=급여/정산/지출. 예: REQ-MKT-010 급여명세서 PDF 및 알림, REQ-CLS-003 BroJ 급여정책 3요소 공식(기본급+수업단가+수업료%) (HR-005 보완), REQ-STF-020 급여 정책·자동 계산, REQ-PAY-035 비용 정산 승인",6. 직원 · 급여 관리. BroJ=★★★ **직급별 기본급 + 수업단가 + 수업료%** 조합 설정; OnFit=★★ (급여 템플릿 기본); FitPlat 결정=**BroJ** 급여정책 세분화 채택,,,BroJ vs OnFit 비교분석: lastspr/요구리스트관련자료/3사앱 확인/심프로/비교분석_BroJ_vs_OnFit.md::L121,1,경쟁사 비교/채택전략
REQ-STF-020,직원관리,급여 정책·자동 계산,유사연계,"REQ-STF-045, REQ-STF-017, REQ-STF-046, REQ-PAY-035, REQ-HQ-033, REQ-STF-019","동일 주제권이나 화면/도메인/운영 목적 차이 가능. 관련그룹=급여/정산/지출. 예: REQ-STF-045 직원 상세 패널(KPI·실적·일정), REQ-STF-017 급여 명세서 출력, REQ-STF-046 직원 출근·근태 관리, REQ-PAY-035 비용 정산 승인","인사·급여 / 급여 관리. 3사 비교: BroJ=○, OnFit=○, LessonBook=△, FitGenie=○. 핏지니 급여 관리",,"BroJ=○, OnFit=○, LessonBook=△, FitGenie=○",3사앱 기능매트릭스: lastspr/요구리스트관련자료/3사앱 확인/판도/기능매트릭스 비교_v5.xlsx::기능매트릭스!R113,1,원천 기능행
REQ-STF-021,직원관리,담당자별 성과,유사연계,"REQ-HQ-119, REQ-MBR-015, REQ-MBR-027, REQ-CLS-020, REQ-HQ-086, REQ-HQ-102","동일 주제권이나 화면/도메인/운영 목적 차이 가능. 관련그룹=대시보드/KPI, 권한/역할. 예: REQ-HQ-119 지점별 성과 편차, REQ-MBR-015 담당 트레이너 지정, REQ-MBR-027 상담 자동 녹음 및 요약, REQ-CLS-020 PT 캠페인 성과 분석","FC, 트레이너, 상담 담당, 등록 담당 등이 역할별로 나뉘므로 성과 귀속/배분 로직 정의가 필요. / 상담자와 등록자가 다른 경우, 퇴사/인수인계 시 KPI 배분도 확인 필요.",,,회의록: lastspr/요구리스트관련자료/회의록/260518.md::L32,1,회의결정/논의
REQ-STF-022,직원관리,로그 기록,유사연계,"REQ-HQ-063, REQ-HQ-096, REQ-HQ-150, REQ-HQ-043, REQ-HQ-052, REQ-CLS-003","동일 주제권이나 화면/도메인/운영 목적 차이 가능. 관련그룹=급여/정산/지출. 예: REQ-HQ-063 손익 요약 보기, REQ-HQ-096 월손익(전체) 보기, REQ-HQ-150 - 회원 정보 통합 관리
 (기본 정보, 회원권, PT/GX 내역, 상담 기록), REQ-HQ-043 - 디지털 회원증 (QR코드 기반 출입)",인사·급여. 시스템 주요 작업 감사 로그. 출처=브로제이,P3,,3사앱 통합기획 DOCX: lastspr/요구리스트관련자료/3사앱 확인/심프로/통합_헬스장_관리시스템_기획문서.docx::기능항목표 R37,1,3사 앱 기능요약
REQ-STF-023,직원관리,미션 기반 성과 측정,유사연계,"REQ-HQ-119, REQ-CLS-020, REQ-MBR-001, REQ-HQ-063, REQ-HQ-079, REQ-HQ-096","동일 주제권이나 화면/도메인/운영 목적 차이 가능. 관련그룹=대시보드/KPI. 예: REQ-HQ-119 지점별 성과 편차, REQ-CLS-020 PT 캠페인 성과 분석, REQ-MBR-001 AI 기반 재등록 타이밍 최적화, REQ-HQ-063 손익 요약 보기",시스템=; KPI=직원 생산성 지수 (HQ); 효과=직원별 미션 완료도 및 성과를 자동 측정. 데이터 기반 평가로 생산성 +150% 달성 및 인센티브 최적화; 흐름=미션 할당 → 완료 추적 → 성과 측정 → 생산성 지수 산출,,,대시보드/KPI 요구사항: lastspr/요구리스트관련자료/스포짐요구사항/DashBoard_단계별_KPI_Structure_2026_0127 - 복사본.xlsx::3. 시스템 & 운영_비용관리!R19,1,대시보드/KPI
REQ-STF-024,직원관리,부서별 운영력 비교,유사연계,"REQ-HQ-118, REQ-HQ-120, REQ-HQ-123, REQ-HQ-066, REQ-HQ-075, REQ-HQ-107","동일 주제권이나 화면/도메인/운영 목적 차이 가능. 관련그룹=대시보드/KPI, 권한/역할. 예: REQ-HQ-118 지점별 매출 비교, REQ-HQ-120 지점별 지출 비교, REQ-HQ-123 지점 타입별 평균 비교, REQ-HQ-066 순이익 비교","HQ Dashboard > 직원·트레이너 KPI 대시보드 > 부서별 운영력. FC/PT/GX/운영 등 부서별 KPI를 집계해 부서 운영력을 비교한다.. Input=부서 정보, KPI 지표(재등록, PT, GX, 시설 등). Output=부서별 점수, 레이더 차트, 개선 대상 부서 표시. 대안=",,,스포짐 요구사항: lastspr/요구리스트관련자료/스포짐요구사항/스포짐FG_수정_공유 2025_1228.xlsx::4. (수정)VC 디스크립션!R147,1,스포짐 원천요구
REQ-STF-025,직원관리,불필요 지출 패턴 탐지,유사연계,"REQ-PAY-060, REQ-HQ-118, REQ-HQ-120, REQ-FAC-013, REQ-HQ-033, REQ-PAY-072","동일 주제권이나 화면/도메인/운영 목적 차이 가능. 관련그룹=대시보드/KPI, 급여/정산/지출. 예: REQ-PAY-060 지점별 매출 귀속, REQ-HQ-118 지점별 매출 비교, REQ-HQ-120 지점별 지출 비교, REQ-FAC-013 기구 고장 패턴 분석","HQ Dashboard > 전자결재 대시보드 > 리스크 탐지. 반복/중복/비정상적 패턴의 지출을 규칙/AI 기반으로 탐지하여 리스트업한다.. Input=지출 내역, 계정 코드, 지점·직원 정보, 과거 패턴. Output=잠재 불필요 지출 리스트, 리스크 점수, 검토 필요 플래그. 대안=",,,스포짐 요구사항: lastspr/요구리스트관련자료/스포짐요구사항/스포짐FG_수정_공유 2025_1228.xlsx::4. (수정)VC 디스크립션!R155,1,스포짐 원천요구
REQ-STF-026,직원관리,스케줄 자동 최적화,유사연계,"REQ-FAC-037, REQ-MKT-006, REQ-HQ-008, REQ-MBR-001, REQ-MBR-027, REQ-MKT-027","동일 주제권이나 화면/도메인/운영 목적 차이 가능. 관련그룹=대시보드/KPI. 예: REQ-FAC-037 시설 점검 체크리스트 자동화, REQ-MKT-006 CAC 최적화 AI 분석, REQ-HQ-008 GX 수업 예약 및 출석 자동화, REQ-MBR-001 AI 기반 재등록 타이밍 최적화",시스템=; KPI=직원 평균 KPI 달성률 (Branch Manager); 효과=직원별 능력/업무량 고려한 AI 스케줄 최적화. 과부하 방지 및 효율적 인력 배치로 직원 평균 KPI 85%+ 달성; 흐름=직원 능력 데이터 → 업무량 분석 → AI 스케줄 생성 → 배치 최적화 → KPI 달성률 측정,,,대시보드/KPI 요구사항: lastspr/요구리스트관련자료/스포짐요구사항/DashBoard_단계별_KPI_Structure_2026_0127 - 복사본.xlsx::3. 시스템 & 운영_비용관리!R16,1,대시보드/KPI
REQ-STF-027,직원관리,"시스템 구조는 본사, 지점장, 스텝(FC, 트레이너, 골프 강사, 필라테스 강사 등) 권한 기반으로 나뉘며, 권한에 따라 보이는 화면과 기능이 달라지는 형태입니다.",유사연계,"REQ-PAY-061, REQ-HQ-026, REQ-SET-026, REQ-MBR-015, REQ-HQ-034, REQ-CLS-053","동일 주제권이나 화면/도메인/운영 목적 차이 가능. 관련그룹=권한/역할. 예: REQ-PAY-061 키오스크 결제는 현재 범위에서 제외하는 쪽으로 정리됐고, 결제는 FC 처리와 회원 휴대폰 결제 중심으로 보는 흐름이었습니다., REQ-HQ-026 QR코드 기반 출석 시스템
 : 회원과 트레이너 모두 QR코드로 세션 시작/종료
실시간 세션 모니터링
 : 진행 중인 PT 세션을 실시간으로 관제 
권한 기반 세션 관리
 : 회원권 상태에 따른 PT 진행 권한 자동 제어
트레이너 대시보드
 : 개별 트레이너의 세션 현황 및 수익 실시간 확인, REQ-SET-026 역할 구분 자료에서는 한쪽은 Fit Genie 측 담당 영역, 다른 한쪽은 판도 측 진행 영역으로 나뉘어 있었고, 일부 구간은 협업이 필요한 영역으로 표시되어 있었습니다., REQ-MBR-015 담당 트레이너 지정","시스템 구조는 본사, 지점장, 스텝(FC, 트레이너, 골프 강사, 필라테스 강사 등) 권한 기반으로 나뉘며, 권한에 따라 보이는 화면과 기능이 달라지는 형태입니다.",,,회의록: lastspr/요구리스트관련자료/회의록/260414.md::L5,1,회의결정/논의
REQ-STF-028,직원관리,실시간 업무 부하 모니터링,유사연계,"REQ-HQ-085, REQ-FAC-029, REQ-MKT-022, REQ-MBR-002, REQ-HQ-045, REQ-HQ-121","동일 주제권이나 화면/도메인/운영 목적 차이 가능. 관련그룹=대시보드/KPI. 예: REQ-HQ-085 실시간 재무 대시보드
 : 일일/월별 손익 현황을 실시간으로 모니터링, REQ-FAC-029 사우나 온도 트렌드 모니터링, REQ-MKT-022 실시간 경고/알림 노출, REQ-MBR-002 AI 상담 스크립트 실시간 추천",시스템=; KPI=평균 출석률 (Branch Manager); 효과=직원 업무 부하 실시간 모니터링으로 과부하 시 즉각 인력 재배치. 회원 응대 품질 유지로 출석률 3회/주+ 달성; 흐름=업무 부하 데이터 → 실시간 모니터링 → 인력 재배치 → 응대 품질 → 출석률 측정,,,대시보드/KPI 요구사항: lastspr/요구리스트관련자료/스포짐요구사항/DashBoard_단계별_KPI_Structure_2026_0127 - 복사본.xlsx::3. 시스템 & 운영_비용관리!R20,1,대시보드/KPI
REQ-STF-029,직원관리,운동 프로그램 관리,독립,,현재 기준 독립 요구사항으로 판단,설정. 프로그램 분류·강사 매핑. 출처=온핏,P1,,3사앱 통합기획 DOCX: lastspr/요구리스트관련자료/3사앱 확인/심프로/통합_헬스장_관리시스템_기획문서.docx::기능항목표 R40,1,3사 앱 기능요약
REQ-STF-030,직원관리,인센티브 산출 현황,유사연계,"REQ-HQ-100, REQ-STF-031, REQ-FAC-038, REQ-PAY-029, REQ-SET-021, REQ-SET-024","동일 주제권이나 화면/도메인/운영 목적 차이 가능. 관련그룹=회원등급/세그먼트, 대시보드/KPI, 권한/역할. 예: REQ-HQ-100 인센티브/피드백 힌트, REQ-STF-031 인센티브 자동 산출, REQ-FAC-038 시설 현황 대시보드, REQ-PAY-029 매출 통계","HQ Dashboard > 직원·트레이너 KPI 대시보드 > 직원 KPI 메인. 인센티브 정책에 따라 직원별 예상 인센티브/지급 인센티브를 집계한다.. Input=직원 KPI, 인센티브 정책, 매출/기타 기여 데이터. Output=직원별 인센티브 금액/등급 요약. 대안=",,,스포짐 요구사항: lastspr/요구리스트관련자료/스포짐요구사항/스포짐FG_수정_공유 2025_1228.xlsx::4. (수정)VC 디스크립션!R144,1,스포짐 원천요구
REQ-STF-031,직원관리,인센티브 자동 산출,유사연계,"REQ-HQ-100, REQ-MBR-049, REQ-STF-030, REQ-MBR-027, REQ-MKT-027, REQ-MBR-031","동일 주제권이나 화면/도메인/운영 목적 차이 가능. 관련그룹=회원등급/세그먼트, 대시보드/KPI. 예: REQ-HQ-100 인센티브/피드백 힌트, REQ-MBR-049 재등록 대상 자동 추출, REQ-STF-030 인센티브 산출 현황, REQ-MBR-027 상담 자동 녹음 및 요약","Manager App > 직원 KPI > 인센티브. 직원 KPI 기반으로 인센티브 금액 및 등급을 자동 계산해 보여준다.. Input=인센티브 정책, KPI 점수, 근무 기록. Output=직원별 예상 인센티브 금액/등급. 대안=",,,스포짐 요구사항: lastspr/요구리스트관련자료/스포짐요구사항/스포짐FG_수정_공유 2025_1228.xlsx::4. (수정)VC 디스크립션!R107,1,스포짐 원천요구
REQ-STF-032,직원관리,재등록,유사연계,"REQ-HQ-106, REQ-HQ-108, REQ-RSV-006, REQ-MBR-001, REQ-CLS-014, REQ-HQ-025","동일 주제권이나 화면/도메인/운영 목적 차이 가능. 관련그룹=권한/역할, 자동알림/메시지. 예: REQ-HQ-106 재등록률, REQ-HQ-108 재등록 전환율, REQ-RSV-006 PT 예약 등록, REQ-MBR-001 AI 기반 재등록 타이밍 최적화",만료일 정책 설정에 따라 만료 임박 회원을 표시하고 FC/인포데스크 직원이 관리하기 쉽게 보여주는 기능으로 이해. / 모바일 알림 등 별도 후속 액션이 있는지는 현재 기획과 다를 수 있어 확인 필요.,,,회의록: lastspr/요구리스트관련자료/회의록/260518.md::L29,1,회의결정/논의
REQ-STF-033,직원관리,전자계약서 유형,유사연계,"REQ-PAY-056, REQ-GEN-044, REQ-MBR-054, REQ-PAY-054, REQ-FAC-018, REQ-PAY-040","동일 주제권이나 화면/도메인/운영 목적 차이 가능. 관련그룹=전자계약/서명, 락커/사물함. 예: REQ-PAY-056 전자 계약서, REQ-GEN-044 전자 계약 통합 기준, REQ-MBR-054 즉시 전자서명, REQ-PAY-054 일일 이용 계약서",1. 회원 관리. BroJ=★★★ **4종** (강습/개인락커/양도/회원권); OnFit=★★ (기본 1종); FitPlat 결정=**BroJ** 4종 유형 채택,,,BroJ vs OnFit 비교분석: lastspr/요구리스트관련자료/3사앱 확인/심프로/비교분석_BroJ_vs_OnFit.md::L34,1,경쟁사 비교/채택전략
REQ-STF-034,직원관리,전자 계약 (전자서명),유사연계,"REQ-PAY-056, REQ-MBR-054, REQ-GEN-044, REQ-PAY-047, REQ-PAY-054, REQ-STF-033","동일 주제권이나 화면/도메인/운영 목적 차이 가능. 관련그룹=전자계약/서명. 예: REQ-PAY-056 전자 계약서, REQ-MBR-054 즉시 전자서명, REQ-GEN-044 전자 계약 통합 기준, REQ-PAY-047 약관·서명 영역","회원. 모바일/태블릿 전자서명, 계약서 저장·조회. 출처=온핏",P1,,3사앱 통합기획 DOCX: lastspr/요구리스트관련자료/3사앱 확인/심프로/통합_헬스장_관리시스템_기획문서.docx::기능항목표 R5,1,3사 앱 기능요약
REQ-STF-035,직원관리,지출 구성 보기,유사연계,"REQ-HQ-063, REQ-PAY-060, REQ-HQ-096, REQ-HQ-120, REQ-HQ-033, REQ-HQ-043","동일 주제권이나 화면/도메인/운영 목적 차이 가능. 관련그룹=급여/정산/지출. 예: REQ-HQ-063 손익 요약 보기, REQ-PAY-060 지점별 매출 귀속, REQ-HQ-096 월손익(전체) 보기, REQ-HQ-120 지점별 지출 비교","Manager App > 지점 손익 > 지출 상세. 인건비/운영비/임대료/세금 등 지출 항목별 구성 비율을 보여준다.. Input=지출 코드, 결재 승인 데이터. Output=지출 카테고리 차트, 항목별 지출 비율. 대안=",,,스포짐 요구사항: lastspr/요구리스트관련자료/스포짐요구사항/스포짐FG_수정_공유 2025_1228.xlsx::4. (수정)VC 디스크립션!R102,1,스포짐 원천요구
REQ-STF-036,직원관리,지출 승인 내역 요약,유사연계,"REQ-PAY-035, REQ-HQ-063, REQ-PAY-060, REQ-HQ-118, REQ-HQ-120, REQ-HQ-033","동일 주제권이나 화면/도메인/운영 목적 차이 가능. 관련그룹=대시보드/KPI, 급여/정산/지출. 예: REQ-PAY-035 비용 정산 승인, REQ-HQ-063 손익 요약 보기, REQ-PAY-060 지점별 매출 귀속, REQ-HQ-118 지점별 매출 비교","HQ Dashboard > 전자결재 대시보드 > 결재 통계. 전 지점의 지출 승인 내역(구매/수리/정산)을 집계해 현황을 보여준다.. Input=전자결재 문서, 계정 코드, 금액, 승인일. Output=지출 합계, 문서 유형별 비율, 기간별 승인 추이. 대안=",,,스포짐 요구사항: lastspr/요구리스트관련자료/스포짐요구사항/스포짐FG_수정_공유 2025_1228.xlsx::4. (수정)VC 디스크립션!R152,1,스포짐 원천요구
REQ-STF-037,직원관리,직군 구분,유사연계,"REQ-CLS-050, REQ-SET-028, REQ-HQ-025, REQ-HQ-067, REQ-RSV-042, REQ-HQ-126","동일 주제권이나 화면/도메인/운영 목적 차이 가능. 관련그룹=권한/역할, 급여/정산/지출. 예: REQ-CLS-050 직원 인수인계, REQ-SET-028 직원 매핑/권한, REQ-HQ-025 PT 재구매율, REQ-HQ-067 순이익 추이 분석",6. 직원 · 급여 관리. BroJ=★★ (트레이너·FC 정도); OnFit=★★★ **관리직·트레이너·FC·안내데스크·GX강사·골프** 6직군; FitPlat 결정=**OnFit** 직군 구분 채택,,,BroJ vs OnFit 비교분석: lastspr/요구리스트관련자료/3사앱 확인/심프로/비교분석_BroJ_vs_OnFit.md::L119,1,경쟁사 비교/채택전략
REQ-STF-038,직원관리,직원 관리,유사연계,"REQ-SET-008, REQ-CLS-050, REQ-SET-028, REQ-SET-029, REQ-STF-039, REQ-SET-032","동일 주제권이나 화면/도메인/운영 목적 차이 가능. 관련그룹=권한/역할, 급여/정산/지출. 예: REQ-SET-008 권한 관리, REQ-CLS-050 직원 인수인계, REQ-SET-028 직원 매핑/권한, REQ-SET-029 출석 관리 설정",인사·급여. 직원 정보·권한·역할 설정. 출처=온핏,P1,,3사앱 통합기획 DOCX: lastspr/요구리스트관련자료/3사앱 확인/심프로/통합_헬스장_관리시스템_기획문서.docx::기능항목표 R34,1,3사 앱 기능요약
REQ-STF-039,직원관리,직원 근태 관리,유사연계,"REQ-STF-046, REQ-STF-038, REQ-HQ-150, REQ-STF-055, REQ-HQ-043, REQ-HQ-149","동일 주제권이나 화면/도메인/운영 목적 차이 가능. 관련그룹=급여/정산/지출. 예: REQ-STF-046 직원 출근·근태 관리, REQ-STF-038 직원 관리, REQ-HQ-150 - 회원 정보 통합 관리
 (기본 정보, 회원권, PT/GX 내역, 상담 기록), REQ-STF-055 휴직/퇴사 상태 관리",인사·급여. 출퇴근 기록·근무 통계. 출처=온핏,P1,,3사앱 통합기획 DOCX: lastspr/요구리스트관련자료/3사앱 확인/심프로/통합_헬스장_관리시스템_기획문서.docx::기능항목표 R35,1,3사 앱 기능요약
REQ-STF-040,직원관리,직원/급여,유사연계,"REQ-CLS-050, REQ-SET-028, REQ-RSV-042, REQ-HQ-126, REQ-MKT-010, REQ-SET-006","동일 주제권이나 화면/도메인/운영 목적 차이 가능. 관련그룹=권한/역할, 급여/정산/지출. 예: REQ-CLS-050 직원 인수인계, REQ-SET-028 직원 매핑/권한, REQ-RSV-042 직원 일간 스케줄 보기, REQ-HQ-126 직원 평균 KPI 달성률","종합 요약. BroJ=급여정책 세분화(기본급+단가+%); OnFit=직군별 관리, 트레이너 실적; FitPlat 결정=양쪽 통합",,,BroJ vs OnFit 비교분석: lastspr/요구리스트관련자료/3사앱 확인/심프로/비교분석_BroJ_vs_OnFit.md::L19,1,경쟁사 비교/채택전략
REQ-STF-041,직원관리,직원 등록·수정,유사연계,"REQ-STF-043, REQ-STF-042, REQ-OPS-012, REQ-STF-046, REQ-STF-045, REQ-STF-055","동일 주제권이나 화면/도메인/운영 목적 차이 가능. 관련그룹=급여/정산/지출. 예: REQ-STF-043 직원 목록, REQ-STF-042 직원 등록 폼, REQ-OPS-012 시스템 아키텍처·ERD·API 명세서, REQ-STF-046 직원 출근·근태 관리","인사·급여 / 직원 관리. 3사 비교: BroJ=○, OnFit=○, LessonBook=△, FitGenie=○. 핏지니 직원 등록/수정",,"BroJ=○, OnFit=○, LessonBook=△, FitGenie=○",3사앱 기능매트릭스: lastspr/요구리스트관련자료/3사앱 확인/판도/기능매트릭스 비교_v5.xlsx::기능매트릭스!R110,1,원천 기능행
REQ-STF-042,직원관리,직원 등록 폼,유사연계,"REQ-STF-041, REQ-STF-043, REQ-HQ-150, REQ-HQ-043, REQ-HQ-149, REQ-HQ-061","동일 주제권이나 화면/도메인/운영 목적 차이 가능. 관련그룹=급여/정산/지출. 예: REQ-STF-041 직원 등록·수정, REQ-STF-043 직원 목록, REQ-HQ-150 - 회원 정보 통합 관리
 (기본 정보, 회원권, PT/GX 내역, 상담 기록), REQ-HQ-043 - 디지털 회원증 (QR코드 기반 출입)",6. 직원 · 급여 관리. BroJ=★★; OnFit=★★★ 사용자명·ID·비밀번호·소속센터·직군·직급·팀·성별·계정상태; FitPlat 결정=**OnFit** 등록 폼 채택,,,BroJ vs OnFit 비교분석: lastspr/요구리스트관련자료/3사앱 확인/심프로/비교분석_BroJ_vs_OnFit.md::L120,1,경쟁사 비교/채택전략
REQ-STF-043,직원관리,직원 목록,유사연계,"REQ-SET-027, REQ-SET-003, REQ-SET-011, REQ-SET-012, REQ-SET-020, REQ-SET-031","동일 주제권이나 화면/도메인/운영 목적 차이 가능. 관련그룹=권한/역할, 급여/정산/지출. 예: REQ-SET-027 지점 자동화 적용(본사 정책 세트), REQ-SET-003 RBAC 권한 매트릭스, REQ-SET-011 다국어 설정, REQ-SET-012 다지점/소속센터 관리","인사·급여 / 직원 관리. 3사 비교: BroJ=○, OnFit=○, LessonBook=○, FitGenie=○. 핏지니 직원/트레이너 목록",,"BroJ=○, OnFit=○, LessonBook=○, FitGenie=○",3사앱 기능매트릭스: lastspr/요구리스트관련자료/3사앱 확인/판도/기능매트릭스 비교_v5.xlsx::기능매트릭스!R109,1,원천 기능행
REQ-STF-044,직원관리,직원별 실행력 지표,유사연계,"REQ-CLS-050, REQ-SET-028, REQ-HQ-075, REQ-HQ-120, REQ-RSV-042, REQ-HQ-062","동일 주제권이나 화면/도메인/운영 목적 차이 가능. 관련그룹=대시보드/KPI, 권한/역할. 예: REQ-CLS-050 직원 인수인계, REQ-SET-028 직원 매핑/권한, REQ-HQ-075 시설 지표 비교, REQ-HQ-120 지점별 지출 비교","HQ Dashboard > 직원·트레이너 KPI 대시보드 > 실행력 분석. Today’s Work 완료율, One-Line 달성률, 시설 점검 수행률 등 실행 지표를 통합해 직원 실행력을 평가한다.. Input=직원 Task 로그, One-Line 기록, 점검 로그. Output=직원별 실행력 점수(0~100), 상/하위 그룹. 대안=",,,스포짐 요구사항: lastspr/요구리스트관련자료/스포짐요구사항/스포짐FG_수정_공유 2025_1228.xlsx::4. (수정)VC 디스크립션!R145,1,스포짐 원천요구
REQ-STF-045,직원관리,직원 상세 패널(KPI·실적·일정),유사연계,"REQ-HQ-015, REQ-STF-020, REQ-HQ-126, REQ-HQ-062, REQ-SET-016, REQ-APP-042","동일 주제권이나 화면/도메인/운영 목적 차이 가능. 관련그룹=대시보드/KPI, 급여/정산/지출. 예: REQ-HQ-015 KPI 대시보드(24종), REQ-STF-020 급여 정책·자동 계산, REQ-HQ-126 직원 평균 KPI 달성률, REQ-HQ-062 센터별 KPI 목표값","인사·급여 / 직원 관리. 3사 비교: BroJ=△, OnFit=○, LessonBook=×, FitGenie=○. 산출물 D07-직원관리/STF-02 — 직원 KPI·담당 회원·스케줄·실적 조회 — (v5 추가)",,"BroJ=△, OnFit=○, LessonBook=×, FitGenie=○",3사앱 기능매트릭스: lastspr/요구리스트관련자료/3사앱 확인/판도/기능매트릭스 비교_v5.xlsx::기능매트릭스!R205,1,원천 기능행
REQ-STF-046,직원관리,직원 출근·근태 관리,유사연계,"REQ-STF-043, REQ-STF-017, REQ-STF-020, REQ-STF-039, REQ-OPS-012, REQ-STF-038","동일 주제권이나 화면/도메인/운영 목적 차이 가능. 관련그룹=급여/정산/지출. 예: REQ-STF-043 직원 목록, REQ-STF-017 급여 명세서 출력, REQ-STF-020 급여 정책·자동 계산, REQ-STF-039 직원 근태 관리","인사·급여 / 근태 관리. 3사 비교: BroJ=△, OnFit=○, LessonBook=△, FitGenie=○. 핏지니 근태 관리",,"BroJ=△, OnFit=○, LessonBook=△, FitGenie=○",3사앱 기능매트릭스: lastspr/요구리스트관련자료/3사앱 확인/판도/기능매트릭스 비교_v5.xlsx::기능매트릭스!R112,1,원천 기능행
REQ-STF-047,직원관리,출퇴근 기록,유사연계,"REQ-HQ-063, REQ-PAY-060, REQ-HQ-096, REQ-HQ-120, REQ-HQ-033, REQ-HQ-150","동일 주제권이나 화면/도메인/운영 목적 차이 가능. 관련그룹=급여/정산/지출. 예: REQ-HQ-063 손익 요약 보기, REQ-PAY-060 지점별 매출 귀속, REQ-HQ-096 월손익(전체) 보기, REQ-HQ-120 지점별 지출 비교","6. 직원 · 급여 관리. BroJ=★★; OnFit=★★★ 출근·퇴근 시각 기록, 강사 출근 관리; FitPlat 결정=**OnFit** 출퇴근 채택",,,BroJ vs OnFit 비교분석: lastspr/요구리스트관련자료/3사앱 확인/심프로/비교분석_BroJ_vs_OnFit.md::L123,1,경쟁사 비교/채택전략
REQ-STF-048,직원관리,트레이너 OT,유사연계,"REQ-CLS-053, REQ-MBR-015, REQ-HQ-138, REQ-RSV-004, REQ-CLS-010, REQ-CLS-011","동일 주제권이나 화면/도메인/운영 목적 차이 가능. 관련그룹=대시보드/KPI, 권한/역할. 예: REQ-CLS-053 트레이너 실적, REQ-MBR-015 담당 트레이너 지정, REQ-HQ-138 트레이너 실적 리포트, REQ-RSV-004 PT/OT1/OT2 예약","MD 문서와 피드백 답변의 구성 설명이 달라 제로스트가 혼란을 느낌. / OT 보드는 진행 여부, 결과, 미등록 후속 조치 여부 등이 KPI로 이어지는 구조로 설명됨. / 제로스트가 질의를 글로 남기면 기획 측에서 더 정확히 답변하기로 함.",,,회의록: lastspr/요구리스트관련자료/회의록/260518.md::L35,1,회의결정/논의
REQ-STF-049,직원관리,트레이너 실적 정산,유사연계,"REQ-CLS-053, REQ-HQ-138, REQ-MBR-015, REQ-STF-050, REQ-PAY-035, REQ-MBR-001","동일 주제권이나 화면/도메인/운영 목적 차이 가능. 관련그룹=권한/역할, 급여/정산/지출. 예: REQ-CLS-053 트레이너 실적, REQ-HQ-138 트레이너 실적 리포트, REQ-MBR-015 담당 트레이너 지정, REQ-STF-050 트레이너 실적 현황",6. 직원 · 급여 관리. BroJ=★★★ 수업단가·수업료% 기반 자동 정산; OnFit=★★ (실적 집계); FitPlat 결정=**BroJ** 정산 공식 + **OnFit** 집계 화면,,,BroJ vs OnFit 비교분석: lastspr/요구리스트관련자료/3사앱 확인/심프로/비교분석_BroJ_vs_OnFit.md::L124,1,경쟁사 비교/채택전략
REQ-STF-050,직원관리,트레이너 실적 현황,유사연계,"REQ-CLS-053, REQ-HQ-138, REQ-MBR-015, REQ-STF-049, REQ-MBR-001, REQ-MBR-002","동일 주제권이나 화면/도메인/운영 목적 차이 가능. 관련그룹=권한/역할, 급여/정산/지출. 예: REQ-CLS-053 트레이너 실적, REQ-HQ-138 트레이너 실적 리포트, REQ-MBR-015 담당 트레이너 지정, REQ-STF-049 트레이너 실적 정산",6. 직원 · 급여 관리. BroJ=★★; OnFit=★★★ 강사별 수업·회원·매출 통합 현황; FitPlat 결정=**OnFit** 채택,,,BroJ vs OnFit 비교분석: lastspr/요구리스트관련자료/3사앱 확인/심프로/비교분석_BroJ_vs_OnFit.md::L125,1,경쟁사 비교/채택전략
REQ-STF-051,직원관리,트레이너 태그,유사연계,"REQ-CLS-053, REQ-MBR-015, REQ-HQ-138, REQ-SET-019, REQ-STF-048, REQ-SET-017","동일 주제권이나 화면/도메인/운영 목적 차이 가능. 관련그룹=권한/역할, 자동알림/메시지. 예: REQ-CLS-053 트레이너 실적, REQ-MBR-015 담당 트레이너 지정, REQ-HQ-138 트레이너 실적 리포트, REQ-SET-019 삭제 확인 다이얼로그","Member App > UGC/영상 > 내 영상 업로드. 특정 트레이너를 태그해 해당 트레이너가 영상을 확인하고 피드백을 줄 수 있도록 연결한다.. Input=회원ID, 영상ID, 트레이너ID 태그. Output=트레이너 알림, 영상-트레이너 매핑 데이터. 대안=",,,스포짐 요구사항: lastspr/요구리스트관련자료/스포짐요구사항/스포짐FG_수정_공유 2025_1228.xlsx::4. (수정)VC 디스크립션!R45,1,스포짐 원천요구
REQ-STF-052,직원관리,트레이너 프로필/전문분야,유사연계,"REQ-CLS-053, REQ-MBR-015, REQ-HQ-138, REQ-SET-007, REQ-SET-019, REQ-HQ-058","동일 주제권이나 화면/도메인/운영 목적 차이 가능. 관련그룹=권한/역할. 예: REQ-CLS-053 트레이너 실적, REQ-MBR-015 담당 트레이너 지정, REQ-HQ-138 트레이너 실적 리포트, REQ-SET-007 관리자 프로필·계정 설정","Member App > PT/OT 예약 > 트레이너 상세. 트레이너의 프로필, 전문분야(다이어트/체형교정/통증 등), 경력, 리뷰·평점을 보여준다.. Input=트레이너ID, 트레이너 프로필, 전문분야 태그, 리뷰/평점. Output=트레이너 상세 정보 화면. 대안=",,,스포짐 요구사항: lastspr/요구리스트관련자료/스포짐요구사항/스포짐FG_수정_공유 2025_1228.xlsx::4. (수정)VC 디스크립션!R36,1,스포짐 원천요구
REQ-STF-053,직원관리,트레이너 피드백 확인,유사연계,"REQ-CLS-053, REQ-MBR-015, REQ-HQ-138, REQ-HQ-100, REQ-GEN-040, REQ-SET-019","동일 주제권이나 화면/도메인/운영 목적 차이 가능. 관련그룹=권한/역할. 예: REQ-CLS-053 트레이너 실적, REQ-MBR-015 담당 트레이너 지정, REQ-HQ-138 트레이너 실적 리포트, REQ-HQ-100 인센티브/피드백 힌트","Member App > UGC/영상 > 피드백 보기. 트레이너가 남긴 자세 교정 코멘트, 추천 운동 및 주의사항를 영상과 함께 확인한다.. Input=영상ID, 트레이너 피드백 텍스트/메타데이터. Output=피드백 상세 내용, 피드백 읽음 여부. 대안=",,,스포짐 요구사항: lastspr/요구리스트관련자료/스포짐요구사항/스포짐FG_수정_공유 2025_1228.xlsx::4. (수정)VC 디스크립션!R46,1,스포짐 원천요구
REQ-STF-054,직원관리,"회원 앱에는 회원뿐 아니라 트레이너, FC, 스태프 등 여러 역할별 화면과 기능이 존재",유사연계,"REQ-SET-009, REQ-HQ-150, REQ-CLS-053, REQ-MBR-015, REQ-HQ-138, REQ-HQ-034","동일 주제권이나 화면/도메인/운영 목적 차이 가능. 관련그룹=권한/역할. 예: REQ-SET-009 권한/역할별 화면, REQ-HQ-150 - 회원 정보 통합 관리
 (기본 정보, 회원권, PT/GX 내역, 상담 기록), REQ-CLS-053 트레이너 실적, REQ-MBR-015 담당 트레이너 지정","회원 앱에는 회원뿐 아니라 트레이너, FC, 스태프 등 여러 역할별 화면과 기능이 존재",,,회의록: lastspr/요구리스트관련자료/회의록/260428.md::L107,1,회의결정/논의
REQ-STF-055,직원관리,휴직/퇴사 상태 관리,유사연계,"REQ-STF-043, REQ-STF-045, REQ-OPS-012, REQ-STF-017, REQ-STF-020, REQ-STF-041","동일 주제권이나 화면/도메인/운영 목적 차이 가능. 관련그룹=급여/정산/지출. 예: REQ-STF-043 직원 목록, REQ-STF-045 직원 상세 패널(KPI·실적·일정), REQ-OPS-012 시스템 아키텍처·ERD·API 명세서, REQ-STF-017 급여 명세서 출력","인사·급여 / 고급 인사(FG). 3사 비교: BroJ=△, OnFit=△, LessonBook=×, FitGenie=○. 핏지니 직원 퇴사 처리",,"BroJ=△, OnFit=△, LessonBook=×, FitGenie=○",3사앱 기능매트릭스: lastspr/요구리스트관련자료/3사앱 확인/판도/기능매트릭스 비교_v5.xlsx::기능매트릭스!R115,1,원천 기능행
REQ-MKT-001,마케팅·소통,A/B 테스트,독립,,현재 기준 독립 요구사항으로 판단,"마케팅·소통 / 고급 마케팅(FG). 3사 비교: BroJ=×, OnFit=×, LessonBook=×, FitGenie=○. 핏지니 결과 비교",,"BroJ=×, OnFit=×, LessonBook=×, FitGenie=○",3사앱 기능매트릭스: lastspr/요구리스트관련자료/3사앱 확인/판도/기능매트릭스 비교_v5.xlsx::기능매트릭스!R126,1,원천 기능행
REQ-MKT-002,마케팅·소통,BroJ POTENTIAL 회원 CRM (MKT-004 보완),유사연계,"REQ-MBR-007, REQ-HQ-124, REQ-HQ-114, REQ-HQ-028, REQ-MBR-005, REQ-HQ-002","동일 주제권이나 화면/도메인/운영 목적 차이 가능. 관련그룹=회원등급/세그먼트. 예: REQ-MBR-007 LOST 회원 리스트, REQ-HQ-124 지표별 상세 Breakdown, REQ-HQ-114 전체 회원 LTV, REQ-HQ-028 Task 필터/정렬",PRD_07 마케팅·소통 — 추가 필요,,,BroJ vs OnFit PRD 보완: lastspr/요구리스트관련자료/3사앱 확인/심프로/비교분석_BroJ_vs_OnFit.md::L197,1,보완필요
REQ-MKT-003,마케팅·소통,BroJ URL/이미지 쿠폰 (MKT-005 보완),독립,,현재 기준 독립 요구사항으로 판단,PRD_07 마케팅·소통 — 추가 필요,,,BroJ vs OnFit PRD 보완: lastspr/요구리스트관련자료/3사앱 확인/심프로/비교분석_BroJ_vs_OnFit.md::L196,1,보완필요
REQ-MKT-004,마케팅·소통,BroJ 카카오 알림톡 채널 (MKT-001/002 보완),유사연계,"REQ-RSV-004, REQ-MKT-005, REQ-FAC-004, REQ-SET-023, REQ-SET-024, REQ-OPS-005","동일 주제권이나 화면/도메인/운영 목적 차이 가능. 관련그룹=자동알림/메시지. 예: REQ-RSV-004 PT/OT1/OT2 예약, REQ-MKT-005 BroJ 자동알림 트리거 전체 목록 (MKT-002 보완), REQ-FAC-004 IoT 출입 관리(게이트·기기·알림), REQ-SET-023 알림 설정",PRD_07 마케팅·소통 — 추가 필요,,,BroJ vs OnFit PRD 보완: lastspr/요구리스트관련자료/3사앱 확인/심프로/비교분석_BroJ_vs_OnFit.md::L195,1,보완필요
REQ-MKT-005,마케팅·소통,BroJ 자동알림 트리거 전체 목록 (MKT-002 보완),유사연계,"REQ-RSV-014, REQ-OPS-017, REQ-MKT-004, REQ-RSV-004, REQ-FAC-004, REQ-SET-023","동일 주제권이나 화면/도메인/운영 목적 차이 가능. 관련그룹=자동알림/메시지. 예: REQ-RSV-014 노쇼 15분 자동 감지 및 알림, REQ-OPS-017 일일 만료 처리·자동 알림 배치, REQ-MKT-004 BroJ 카카오 알림톡 채널 (MKT-001/002 보완), REQ-RSV-004 PT/OT1/OT2 예약",PRD_07 마케팅·소통 — 추가 필요,,,BroJ vs OnFit PRD 보완: lastspr/요구리스트관련자료/3사앱 확인/심프로/비교분석_BroJ_vs_OnFit.md::L194,1,보완필요
REQ-MKT-006,마케팅·소통,CAC 최적화 AI 분석,유사연계,"REQ-MBR-001, REQ-STF-026, REQ-STF-008, REQ-FAC-050, REQ-FAC-013, REQ-CLS-020","동일 주제권이나 화면/도메인/운영 목적 차이 가능. 관련그룹=대시보드/KPI. 예: REQ-MBR-001 AI 기반 재등록 타이밍 최적화, REQ-STF-026 스케줄 자동 최적화, REQ-STF-008 One-Line 패턴 분석, REQ-FAC-050 청소 인증률 분석",시스템=; KPI=신규 회원 획득 비용 (HQ); 효과=채널별 전환율 AI 분석으로 마케팅 예산 최적 배분. 고효율 채널 집중으로 CAC -30% 달성; 흐름=채널별 데이터 → AI ROI 분석 → 예산 재배분 제안 → 실행 → CAC 측정,,,대시보드/KPI 요구사항: lastspr/요구리스트관련자료/스포짐요구사항/DashBoard_단계별_KPI_Structure_2026_0127 - 복사본.xlsx::3. 시스템 & 운영_비용관리!R31,1,대시보드/KPI
REQ-MKT-007,마케팅·소통,SMS/카카오 대량 발송·단가,유사연계,"REQ-MKT-014, REQ-FAC-004, REQ-MKT-021, REQ-MKT-026, REQ-SET-024, REQ-PAY-031","동일 주제권이나 화면/도메인/운영 목적 차이 가능. 관련그룹=자동알림/메시지. 예: REQ-MKT-014 메시지 발송 내역, REQ-FAC-004 IoT 출입 관리(게이트·기기·알림), REQ-MKT-021 수동 메시지 발송, REQ-MKT-026 자동 알림 설정·트리거","마케팅·소통 / 고급 마케팅(FG). 3사 비교: BroJ=×, OnFit=×, LessonBook=×, FitGenie=○. 핏지니 채널 통합 + 단가",,"BroJ=×, OnFit=×, LessonBook=×, FitGenie=○",3사앱 기능매트릭스: lastspr/요구리스트관련자료/3사앱 확인/판도/기능매트릭스 비교_v5.xlsx::기능매트릭스!R123,1,원천 기능행
REQ-MKT-008,마케팅·소통,공지/이벤트 배너,부분포함,,상위 화면의 탭/필터/목록/모달/입력항목으로 포함될 수 있어 화면 단위 검토 필요,"Member App > 홈 > 홈 메인. 지점 이벤트, 프로모션, GX 특강 등의 공지를 배너로 노출하고 상세 페이지로 연결한다.. Input=지점ID, 진행 중 공지/이벤트 데이터. Output=공지/이벤트 배너 리스트, 상세 페이지 진입 로그. 대안=",,,스포짐 요구사항: lastspr/요구리스트관련자료/스포짐요구사항/스포짐FG_수정_공유 2025_1228.xlsx::4. (수정)VC 디스크립션!R8,1,스포짐 원천요구
REQ-MKT-009,마케팅·소통,그룹 메시지 발송,유사연계,"REQ-MKT-014, REQ-MKT-021, REQ-STF-051, REQ-MBR-010, REQ-CLS-047, REQ-OPS-005","동일 주제권이나 화면/도메인/운영 목적 차이 가능. 관련그룹=자동알림/메시지. 예: REQ-MKT-014 메시지 발송 내역, REQ-MKT-021 수동 메시지 발송, REQ-STF-051 트레이너 태그, REQ-MBR-010 QR 출입 관리 시스템",7. 마케팅 · 소통. BroJ=★★★ 회원 조건 필터 후 일괄 발송; OnFit=★★; FitPlat 결정=**BroJ** 발송 방식 채택,,,BroJ vs OnFit 비교분석: lastspr/요구리스트관련자료/3사앱 확인/심프로/비교분석_BroJ_vs_OnFit.md::L138,1,경쟁사 비교/채택전략
REQ-MKT-010,마케팅·소통,급여명세서 PDF 및 알림,유사연계,"REQ-STF-017, REQ-STF-015, REQ-HQ-009, REQ-OPS-005, REQ-STF-019, REQ-STF-040","동일 주제권이나 화면/도메인/운영 목적 차이 가능. 관련그룹=전자계약/서명, 급여/정산/지출, 자동알림/메시지. 예: REQ-STF-017 급여 명세서 출력, REQ-STF-015 급여 관리 (명세서·정산), REQ-HQ-009 GX 재참여율 추적 및 알림, REQ-OPS-005 개발 일정/API/알림","계약서에는 PDF 생성 및 이메일 발송 중심으로 보이나, 기획에는 이메일+앱 알림 동시 전송 및 수신/확인 트래킹이 포함됨. / 이메일 수신 여부, 앱 알림 확인 여부까지 필요한지는 판도에서 최종 확인해 피드백하기로 함.",,,회의록: lastspr/요구리스트관련자료/회의록/260518.md::L65,1,회의결정/논의
REQ-MKT-011,마케팅·소통,리퍼럴 프로그램,독립,,현재 기준 독립 요구사항으로 판단,"마케팅·소통 / 고급 마케팅(FG). 3사 비교: BroJ=×, OnFit=×, LessonBook=×, FitGenie=○. 핏지니 추천 + 양방향 혜택",,"BroJ=×, OnFit=×, LessonBook=×, FitGenie=○",3사앱 기능매트릭스: lastspr/요구리스트관련자료/3사앱 확인/판도/기능매트릭스 비교_v5.xlsx::기능매트릭스!R125,1,원천 기능행
REQ-MKT-012,마케팅·소통,마일리지 관리,독립,,현재 기준 독립 요구사항으로 판단,"마케팅·소통 / 고급 마케팅(FG). 3사 비교: BroJ=×, OnFit=×, LessonBook=×, FitGenie=○. 핏지니 자동 적립 규칙",,"BroJ=×, OnFit=×, LessonBook=×, FitGenie=○",3사앱 기능매트릭스: lastspr/요구리스트관련자료/3사앱 확인/판도/기능매트릭스 비교_v5.xlsx::기능매트릭스!R122,1,원천 기능행
REQ-MKT-013,마케팅·소통,마케팅/소통,유사연계,"REQ-CLS-039, REQ-MKT-033, REQ-PAY-033, REQ-HQ-072, REQ-HQ-048, REQ-HQ-104","동일 주제권이나 화면/도메인/운영 목적 차이 가능. 관련그룹=자동알림/메시지. 예: REQ-CLS-039 수업 취소/변경, REQ-MKT-033 쿠폰·마케팅 통합 기준, REQ-PAY-033 부분 결제/부분 취소/미수금, REQ-HQ-072 스마트 예약 시스템
 : AI 기반 최적 스케줄링 및 자동 대기열 관리
실시간 시설 현황판
 : 각 시설별 실시간 이용현황, 예약가능 시간표시
 자동 알림 시스템
 : 예약 확정, 취소, 대기 순번 변동 시 자동 알림
 모바일 앱 통합
 : 회원이 언제든 예약/취소 가능한 모바일 UI","종합 요약. BroJ=자동알림 다양한 트리거, 쿠폰 URL; OnFit=SMS·이벤트 기본; FitPlat 결정=BroJ 자동화 + OnFit 이벤트",,,BroJ vs OnFit 비교분석: lastspr/요구리스트관련자료/3사앱 확인/심프로/비교분석_BroJ_vs_OnFit.md::L20,1,경쟁사 비교/채택전략
REQ-MKT-014,마케팅·소통,메시지 발송 내역,유사연계,"REQ-MKT-007, REQ-FAC-004, REQ-MKT-021, REQ-MKT-026, REQ-SET-024, REQ-MKT-009","동일 주제권이나 화면/도메인/운영 목적 차이 가능. 관련그룹=자동알림/메시지. 예: REQ-MKT-007 SMS/카카오 대량 발송·단가, REQ-FAC-004 IoT 출입 관리(게이트·기기·알림), REQ-MKT-021 수동 메시지 발송, REQ-MKT-026 자동 알림 설정·트리거","마케팅·소통 / 메시지. 3사 비교: BroJ=○, OnFit=△, LessonBook=△, FitGenie=○. 핏지니 발송 이력",,"BroJ=○, OnFit=△, LessonBook=△, FitGenie=○",3사앱 기능매트릭스: lastspr/요구리스트관련자료/3사앱 확인/판도/기능매트릭스 비교_v5.xlsx::기능매트릭스!R119,1,원천 기능행
REQ-MKT-015,마케팅·소통,메시지 템플릿,유사연계,"REQ-MBR-010, REQ-CLS-047, REQ-RSV-014, REQ-HQ-048, REQ-HQ-149, REQ-HQ-104","동일 주제권이나 화면/도메인/운영 목적 차이 가능. 관련그룹=자동알림/메시지. 예: REQ-MBR-010 QR 출입 관리 시스템, REQ-CLS-047 완강/재구매 추천 표시, REQ-RSV-014 노쇼 15분 자동 감지 및 알림, REQ-HQ-048 마케팅 자동화 플랫폼
 : 고객 세그먼트별 자동 캠페인 실행
A/B 테스트 시스템
 : 프로모션 메시지 및 채널별 효과 자동 비교
개인화 엔진
 : 회원 활동 패턴 기반 맞춤형 상품 추천
리타겟팅 시스템
 : 이탈 고객 대상 자동 재방문 유도 캠페인",7. 마케팅 · 소통. BroJ=★★★ 트리거별 템플릿 저장·재사용; OnFit=★★; FitPlat 결정=**BroJ** 템플릿 체계 채택,,,BroJ vs OnFit 비교분석: lastspr/요구리스트관련자료/3사앱 확인/심프로/비교분석_BroJ_vs_OnFit.md::L139,1,경쟁사 비교/채택전략
REQ-MKT-016,마케팅·소통,모든 알림 보기,유사연계,"REQ-SET-023, REQ-SET-024, REQ-FAC-048, REQ-HQ-096, REQ-HQ-101, REQ-OPS-005","동일 주제권이나 화면/도메인/운영 목적 차이 가능. 관련그룹=회원등급/세그먼트, 자동알림/메시지. 예: REQ-SET-023 알림 설정, REQ-SET-024 알림 센터, REQ-FAC-048 청결 인증률 보기, REQ-HQ-096 월손익(전체) 보기","Member App > 알림센터 > 알림 리스트. 재등록 알림, PT/GX 예약, AT-RISK 케어 메시지, 이벤트, 시스템 안내 등 모든 알림을 시간순으로 보여준다.. Input=회원ID, 알림 로그(발송 이력, 읽음 여부). Output=알림 리스트, 읽음/안읽음 상태. 대안=",,,스포짐 요구사항: lastspr/요구리스트관련자료/스포짐요구사항/스포짐FG_수정_공유 2025_1228.xlsx::4. (수정)VC 디스크립션!R61,1,스포짐 원천요구
REQ-MKT-017,마케팅·소통,모바일앱 배너 관리,유사연계,"REQ-FAC-022, REQ-OPS-010, REQ-MBR-046, REQ-FAC-026, REQ-APP-013, REQ-APP-016","동일 주제권이나 화면/도메인/운영 목적 차이 가능. 관련그룹=출입/키오스크/모바일. 예: REQ-FAC-022 모바일 앱 설정, REQ-OPS-010 모바일 앱 연동, REQ-MBR-046 체성분(InBody) 관리, REQ-FAC-026 밴드/카드 관리",마케팅·소통. 앱 메인 배너 등록·순서 관리. 출처=온핏,P2,,3사앱 통합기획 DOCX: lastspr/요구리스트관련자료/3사앱 확인/심프로/통합_헬스장_관리시스템_기획문서.docx::기능항목표 R33,1,3사 앱 기능요약
REQ-MKT-018,마케팅·소통,발송 이력,독립,,현재 기준 독립 요구사항으로 판단,7. 마케팅 · 소통. BroJ=★★★ 발송 내역·성공/실패 상태 추적; OnFit=★★; FitPlat 결정=**BroJ** 채택,,,BroJ vs OnFit 비교분석: lastspr/요구리스트관련자료/3사앱 확인/심프로/비교분석_BroJ_vs_OnFit.md::L140,1,경쟁사 비교/채택전략
REQ-MKT-019,마케팅·소통,상담 관리 (CRM),유사연계,"REQ-MBR-014, REQ-MBR-065, REQ-MBR-033, REQ-HQ-124, REQ-MBR-005, REQ-MBR-007","동일 주제권이나 화면/도메인/운영 목적 차이 가능. 관련그룹=회원등급/세그먼트. 예: REQ-MBR-014 내 담당 회원 리스트, REQ-MBR-065 회원 등급 체계 관리, REQ-MBR-033 신규 등록(잠재) 회원 풀 관리, REQ-HQ-124 지표별 상세 Breakdown",7. 마케팅 · 소통. BroJ=★★★ POTENTIAL 등급·상담 이력·미가입자 추적; OnFit=★★ (상담이력 탭); FitPlat 결정=**BroJ** POTENTIAL CRM 채택,,,BroJ vs OnFit 비교분석: lastspr/요구리스트관련자료/3사앱 확인/심프로/비교분석_BroJ_vs_OnFit.md::L141,1,경쟁사 비교/채택전략
REQ-MKT-020,마케팅·소통,센터 공지 등록·게시,독립,,현재 기준 독립 요구사항으로 판단,"마케팅·소통 / 공지. 3사 비교: BroJ=△, OnFit=△, LessonBook=○, FitGenie=○. 핏지니 공지사항 관리",,"BroJ=△, OnFit=△, LessonBook=○, FitGenie=○",3사앱 기능매트릭스: lastspr/요구리스트관련자료/3사앱 확인/판도/기능매트릭스 비교_v5.xlsx::기능매트릭스!R121,1,원천 기능행
REQ-MKT-021,마케팅·소통,수동 메시지 발송,중복병합,"REQ-FAC-004, REQ-MKT-007, REQ-MKT-014, REQ-MKT-026, REQ-SET-024, REQ-MKT-009",동일 또는 사실상 같은 요구를 2개 출처에서 병합. 관련그룹=자동알림/메시지,"마케팅·소통 / 메시지. 3사 비교: BroJ=○, OnFit=△, LessonBook=○, FitGenie=○. 핏지니 SMS/카카오/푸시 / 마케팅·소통. SMS·앱 푸시 개별·단체 발송. 출처=브로제이",P2,"BroJ=○, OnFit=△, LessonBook=○, FitGenie=○",3사앱 기능매트릭스: lastspr/요구리스트관련자료/3사앱 확인/판도/기능매트릭스 비교_v5.xlsx::기능매트릭스!R117 | 3사앱 통합기획 DOCX: lastspr/요구리스트관련자료/3사앱 확인/심프로/통합_헬스장_관리시스템_기획문서.docx::기능항목표 R31,2,원천 기능행
REQ-MKT-022,마케팅·소통,실시간 경고/알림 노출,유사연계,"REQ-SET-023, REQ-SET-024, REQ-STF-028, REQ-MBR-002, REQ-HQ-045, REQ-HQ-121","동일 주제권이나 화면/도메인/운영 목적 차이 가능. 관련그룹=회원등급/세그먼트, 대시보드/KPI, 자동알림/메시지. 예: REQ-SET-023 알림 설정, REQ-SET-024 알림 센터, REQ-STF-028 실시간 업무 부하 모니터링, REQ-MBR-002 AI 상담 스크립트 실시간 추천","Staff App > Today’s Work > 알림/배너. 사우나 온도 이상, 기구 고장, 민원 발생, 신규 AT-RISK 발생 등 실시간 경고를 Today’s Work 상단 배너로 노출한다.. Input=시설 모니터링 데이터, 민원 등록, AT-RISK 전환 이벤트, 지점ID. Output=알림 배너 내용, 클릭 시 이동할 상세 화면 정보, 알림 읽음 상태. 대안=",,,스포짐 요구사항: lastspr/요구리스트관련자료/스포짐요구사항/스포짐FG_수정_공유 2025_1228.xlsx::4. (수정)VC 디스크립션!R70,1,스포짐 원천요구
REQ-MKT-023,마케팅·소통,알림 상세 액션,유사연계,"REQ-SET-023, REQ-SET-024, REQ-OPS-005, REQ-HQ-009, REQ-RSV-014, REQ-OPS-017","동일 주제권이나 화면/도메인/운영 목적 차이 가능. 관련그룹=자동알림/메시지. 예: REQ-SET-023 알림 설정, REQ-SET-024 알림 센터, REQ-OPS-005 개발 일정/API/알림, REQ-HQ-009 GX 재참여율 추적 및 알림","Member App > 알림센터 > 알림 상세. 각 알림에서 바로 관련 화면(재등록, 예약 변경, 루틴 시작 등)으로 이동할 수 있는 버튼을 제공한다.. Input=알림ID, 알림 타입, 관련 리소스ID(예약ID, 루틴ID 등). Output=딥링크 목적지 정보, 알림 상세 화면 데이터. 대안=",,,스포짐 요구사항: lastspr/요구리스트관련자료/스포짐요구사항/스포짐FG_수정_공유 2025_1228.xlsx::4. (수정)VC 디스크립션!R62,1,스포짐 원천요구
REQ-MKT-024,마케팅·소통,위험 분석 및 경고,유사연계,"REQ-MBR-055, REQ-MBR-004, REQ-RSV-014, REQ-CLS-039, REQ-PAY-033, REQ-HQ-009","동일 주제권이나 화면/도메인/운영 목적 차이 가능. 관련그룹=체성분/인바디, 자동알림/메시지. 예: REQ-MBR-055 차트북(시계열 분석), REQ-MBR-004 AI 통합 분석(온핏 분석), REQ-RSV-014 노쇼 15분 자동 감지 및 알림, REQ-CLS-039 수업 취소/변경","Member App > AI 진단 리포트 > 리포트 상세. 과체중, 근육 불균형, 통증 악화 등 위험 요소를 자동 분석해 주의 알림과 권장 조치를 제시한다.. Input=인바디, FMS, 통증 추이, 운동 기록. Output=위험 항목 리스트, 경고 메시지, 권장 행동 가이드. 대안=",,,스포짐 요구사항: lastspr/요구리스트관련자료/스포짐요구사항/스포짐FG_수정_공유 2025_1228.xlsx::4. (수정)VC 디스크립션!R28,1,스포짐 원천요구
REQ-MKT-025,마케팅·소통,이벤트/공지,독립,,현재 기준 독립 요구사항으로 판단,7. 마케팅 · 소통. BroJ=★★; OnFit=★★★ 이벤트 관리·공지사항 별도 관리; FitPlat 결정=**OnFit** 이벤트 채택,,,BroJ vs OnFit 비교분석: lastspr/요구리스트관련자료/3사앱 확인/심프로/비교분석_BroJ_vs_OnFit.md::L142,1,경쟁사 비교/채택전략
REQ-MKT-026,마케팅·소통,자동 알림 설정·트리거,중복병합,"REQ-SET-023, REQ-FAC-004, REQ-RSV-014, REQ-OPS-017, REQ-MKT-007, REQ-MKT-014","동일 또는 사실상 같은 요구를 2개 출처에서 병합. 관련그룹=대기열/예약제한, 자동알림/메시지","마케팅·소통 / 메시지. 3사 비교: BroJ=○, OnFit=△, LessonBook=×, FitGenie=○. 핏지니 자동 알림(본사 step + 지점 운영) / 7. 마케팅 · 소통. BroJ=★★★ **이용권 만료 N일 전·가입 축하·노쇼·생일·출석 N회 달성** 등 다양; OnFit=★★ (만료·가입 정도); FitPlat 결정=**BroJ** 자동알림 체계 채택",,"BroJ=○, OnFit=△, LessonBook=×, FitGenie=○",3사앱 기능매트릭스: lastspr/요구리스트관련자료/3사앱 확인/판도/기능매트릭스 비교_v5.xlsx::기능매트릭스!R118 | BroJ vs OnFit 비교분석: lastspr/요구리스트관련자료/3사앱 확인/심프로/비교분석_BroJ_vs_OnFit.md::L135,2,원천 기능행
REQ-MKT-027,마케팅·소통,자동알림(신규) 트리거,유사연계,"REQ-RSV-014, REQ-OPS-017, REQ-MKT-026, REQ-MBR-031, REQ-SET-023, REQ-SET-024","동일 주제권이나 화면/도메인/운영 목적 차이 가능. 관련그룹=대시보드/KPI, 자동알림/메시지. 예: REQ-RSV-014 노쇼 15분 자동 감지 및 알림, REQ-OPS-017 일일 만료 처리·자동 알림 배치, REQ-MKT-026 자동 알림 설정·트리거, REQ-MBR-031 세일즈북 자동 업데이트","시스템=; KPI=자동알림(신규) 진행률; 효과=신규회원 정착률 향상(30 일 안정율↑),재등록 증가(RR↑)를 위해 회원 행동 데이터 기반 자동 알림(Trigger)을 운영한다.; 흐름=",,,대시보드/KPI 요구사항: lastspr/요구리스트관련자료/스포짐요구사항/DashBoard_단계별_KPI_Structure_2026_0127 - 복사본.xlsx::3. 시스템 & 운영_비용관리!R11,1,대시보드/KPI
REQ-MKT-028,마케팅·소통,자동알림(이탈위험) 트리거,중복병합,"REQ-MBR-031, REQ-RSV-014, REQ-OPS-017, REQ-HQ-098, REQ-HQ-102, REQ-SET-023","동일 또는 사실상 같은 요구를 2개 출처에서 병합. 관련그룹=대시보드/KPI, 자동알림/메시지","시스템=; KPI=자동알림(이탈위험) 진행률; 효과=이탈 위험군 감소(Churn↓),재등록 증가(RR↑)를 위해 회원 행동 데이터 기반 자동 알림(Trigger)을 운영한다.; 흐름= / 시트 전체가 해당 운영/KPI 요구사항의 세부 정책 근거로 사용됨",,,대시보드/KPI 요구사항: lastspr/요구리스트관련자료/스포짐요구사항/DashBoard_단계별_KPI_Structure_2026_0127 - 복사본.xlsx::3. 시스템 & 운영_비용관리!R12 | 대시보드/KPI 요구사항: lastspr/요구리스트관련자료/스포짐요구사항/DashBoard_단계별_KPI_Structure_2026_0127 - 복사본.xlsx::4. 자동알림(신규_이탈위험) 트리거,2,대시보드/KPI
REQ-MKT-029,마케팅·소통,자동알림 채널,유사연계,"REQ-RSV-014, REQ-OPS-017, REQ-SET-023, REQ-SET-024, REQ-OPS-005, REQ-HQ-009","동일 주제권이나 화면/도메인/운영 목적 차이 가능. 관련그룹=자동알림/메시지. 예: REQ-RSV-014 노쇼 15분 자동 감지 및 알림, REQ-OPS-017 일일 만료 처리·자동 알림 배치, REQ-SET-023 알림 설정, REQ-SET-024 알림 센터",7. 마케팅 · 소통. BroJ=★★★ SMS + **카카오 알림톡** 선택; OnFit=★★ (SMS만); FitPlat 결정=**BroJ** 카카오 알림톡 추가,,,BroJ vs OnFit 비교분석: lastspr/요구리스트관련자료/3사앱 확인/심프로/비교분석_BroJ_vs_OnFit.md::L136,1,경쟁사 비교/채택전략
REQ-MKT-030,마케팅·소통,직원관리 일괄작업,유사연계,"REQ-PAY-031, REQ-MBR-010, REQ-FAC-004, REQ-MBR-022, REQ-CLS-039, REQ-GEN-033","동일 주제권이나 화면/도메인/운영 목적 차이 가능. 관련그룹=자동알림/메시지. 예: REQ-PAY-031 미수금 관리, REQ-MBR-010 QR 출입 관리 시스템, REQ-FAC-004 IoT 출입 관리(게이트·기기·알림), REQ-MBR-022 법인 회원권",직원 대상 일반 메시지는 추가기획 성격이므로 현재 범위에서 신경 쓰지 않아도 됨. / 공지발송은 필요하며 알림 형태로 발송되는 것으로 이해. / 퇴사 처리 일괄 작업은 4단계 액션/로직이 불명확하여 스포짐 확인 후 정리 필요.,,,회의록: lastspr/요구리스트관련자료/회의록/260518.md::L58,1,회의결정/논의
REQ-MKT-031,마케팅·소통,캠페인 관리,독립,,현재 기준 독립 요구사항으로 판단,"마케팅·소통 / 고급 마케팅(FG). 3사 비교: BroJ=×, OnFit=×, LessonBook=×, FitGenie=○. 핏지니 캠페인 + 자동 실행",,"BroJ=×, OnFit=×, LessonBook=×, FitGenie=○",3사앱 기능매트릭스: lastspr/요구리스트관련자료/3사앱 확인/판도/기능매트릭스 비교_v5.xlsx::기능매트릭스!R124,1,원천 기능행
REQ-MKT-032,마케팅·소통,쿠폰 관리,중복병합,,동일 또는 사실상 같은 요구를 2개 출처에서 병합. 관련그룹=-,"마케팅·소통. 할인 쿠폰 생성·발급·사용 이력. 출처=브로제이 / 7. 마케팅 · 소통. BroJ=★★★ **URL 쿠폰·이미지 쿠폰**, 유효기간·수량·마감시간 설정; OnFit=★★ (기본 이벤트); FitPlat 결정=**BroJ** 쿠폰 시스템 채택",P2,,3사앱 통합기획 DOCX: lastspr/요구리스트관련자료/3사앱 확인/심프로/통합_헬스장_관리시스템_기획문서.docx::기능항목표 R32 | BroJ vs OnFit 비교분석: lastspr/요구리스트관련자료/3사앱 확인/심프로/비교분석_BroJ_vs_OnFit.md::L137,2,3사 앱 기능요약
REQ-MKT-033,마케팅·소통,쿠폰·마케팅 통합 기준,유사연계,"REQ-MKT-013, REQ-FAC-048, REQ-APP-022, REQ-MBR-001, REQ-FAC-004, REQ-HQ-048","동일 주제권이나 화면/도메인/운영 목적 차이 가능. 관련그룹=자동알림/메시지. 예: REQ-MKT-013 마케팅/소통, REQ-FAC-048 청결 인증률 보기, REQ-APP-022 사우나 이용 기록, REQ-MBR-001 AI 기반 재등록 타이밍 최적화",온핏 기반=없음; 브로제이 보완=메시지 발송·쿠폰 관리 ✓; 레슨북 고도화=—,,,3사앱 역할비교 DOCX: lastspr/요구리스트관련자료/3사앱 확인/심프로/통합_헬스장_관리시스템_기획문서.docx::기능영역표 R13,1,역할비교/중복보강
REQ-MKT-034,마케팅·소통,쿠폰 목록·생성·발급,부분포함,,상위 화면의 탭/필터/목록/모달/입력항목으로 포함될 수 있어 화면 단위 검토 필요,"마케팅·소통 / 쿠폰·프로모션. 3사 비교: BroJ=○, OnFit=×, LessonBook=×, FitGenie=○. 핏지니 쿠폰 관리",,"BroJ=○, OnFit=×, LessonBook=×, FitGenie=○",3사앱 기능매트릭스: lastspr/요구리스트관련자료/3사앱 확인/판도/기능매트릭스 비교_v5.xlsx::기능매트릭스!R120,1,원천 기능행
REQ-SET-001,설정·권한,BroJ 원격제어 기능 (새 항목 SET-008로 추가),유사연계,"REQ-STF-004, REQ-CLS-011, REQ-HQ-001, REQ-STF-043, REQ-MBR-075, REQ-STF-048","동일 주제권이나 화면/도메인/운영 목적 차이 가능. 관련그룹=권한/역할. 예: REQ-STF-004 BroJ 트레이너별 자동 정산 (HR-006 보완), REQ-CLS-011 OT2 상담 플로우 입력, REQ-HQ-001 AI One-Line 추천 리스트, REQ-STF-043 직원 목록",PRD_08 시스템설정·권한 — 추가 필요,,,BroJ vs OnFit PRD 보완: lastspr/요구리스트관련자료/3사앱 확인/심프로/비교분석_BroJ_vs_OnFit.md::L201,1,보완필요
REQ-SET-002,설정·권한,BroJ 해피아워 시간대 설정 (SET-001/005에 추가),유사연계,"REQ-STF-004, REQ-RSV-023, REQ-STF-009, REQ-RSV-004, REQ-CLS-010, REQ-MBR-002","동일 주제권이나 화면/도메인/운영 목적 차이 가능. 관련그룹=권한/역할. 예: REQ-STF-004 BroJ 트레이너별 자동 정산 (HR-006 보완), REQ-RSV-023 시간대 추천, REQ-STF-009 PT 매출 상위 10명, REQ-RSV-004 PT/OT1/OT2 예약",PRD_08 시스템설정·권한 — 추가 필요,,,BroJ vs OnFit PRD 보완: lastspr/요구리스트관련자료/3사앱 확인/심프로/비교분석_BroJ_vs_OnFit.md::L202,1,보완필요
REQ-SET-003,설정·권한,RBAC 권한 매트릭스,유사연계,"REQ-STF-012, REQ-STF-043, REQ-MBR-015, REQ-SET-011, REQ-SET-020, REQ-SET-031","동일 주제권이나 화면/도메인/운영 목적 차이 가능. 관련그룹=권한/역할. 예: REQ-STF-012 권한·역할 관리, REQ-STF-043 직원 목록, REQ-MBR-015 담당 트레이너 지정, REQ-SET-011 다국어 설정","시스템설정·권한 / 권한·계정. 3사 비교: BroJ=○, OnFit=○, LessonBook=△, FitGenie=○. 핏지니 RBAC 매트릭스",,"BroJ=○, OnFit=○, LessonBook=△, FitGenie=○",3사앱 기능매트릭스: lastspr/요구리스트관련자료/3사앱 확인/판도/기능매트릭스 비교_v5.xlsx::기능매트릭스!R129,1,원천 기능행
REQ-SET-004,설정·권한,개인정보·로그아웃,유사연계,"REQ-RSV-029, REQ-HQ-037, REQ-RSV-037, REQ-CLS-050, REQ-STF-004, REQ-STF-051","동일 주제권이나 화면/도메인/운영 목적 차이 가능. 관련그룹=권한/역할. 예: REQ-RSV-029 예약/일정, REQ-HQ-037 대시보드, REQ-RSV-037 일정 캘린더 뷰, REQ-CLS-050 직원 인수인계","Member App > 마이페이지 > 설정. 개인정보 처리 동의, 약관 보기, 로그아웃, 계정 탈퇴 기능을 제공한다.. Input=회원ID, 동의 여부, 로그아웃/탈퇴 액션. Output=세션 종료, 탈퇴 처리 상태, 동의 이력. 대안=",,,스포짐 요구사항: lastspr/요구리스트관련자료/스포짐요구사항/스포짐FG_수정_공유 2025_1228.xlsx::4. (수정)VC 디스크립션!R60,1,스포짐 원천요구
REQ-SET-005,설정·권한,결재선 자동 표시,유사연계,"REQ-MBR-027, REQ-MBR-031, REQ-HQ-102, REQ-RSV-014, REQ-STF-032, REQ-HQ-037","동일 주제권이나 화면/도메인/운영 목적 차이 가능. 관련그룹=권한/역할. 예: REQ-MBR-027 상담 자동 녹음 및 요약, REQ-MBR-031 세일즈북 자동 업데이트, REQ-HQ-102 자동 생성 Task 리스트, REQ-RSV-014 노쇼 15분 자동 감지 및 알림","Manager App > 전자결재 > 결재 상세. 직급/권한/금액 규칙에 따라 자동으로 결재선을 구성해 보여준다.. Input=조직도, 권한 정보, 금액 조건. Output=결재선 표시(1차/2차/최종), 결재 필요자. 대안=",,,스포짐 요구사항: lastspr/요구리스트관련자료/스포짐요구사항/스포짐FG_수정_공유 2025_1228.xlsx::4. (수정)VC 디스크립션!R124,1,스포짐 원천요구
REQ-SET-006,설정·권한,고급 설정,유사연계,"REQ-RSV-029, REQ-STF-040, REQ-RSV-037, REQ-MBR-015, REQ-STF-049, REQ-STF-004","동일 주제권이나 화면/도메인/운영 목적 차이 가능. 관련그룹=권한/역할. 예: REQ-RSV-029 예약/일정, REQ-STF-040 직원/급여, REQ-RSV-037 일정 캘린더 뷰, REQ-MBR-015 담당 트레이너 지정",설정. 시스템 레벨 세부 정책 설정. 출처=브로제이,P3,,3사앱 통합기획 DOCX: lastspr/요구리스트관련자료/3사앱 확인/심프로/통합_헬스장_관리시스템_기획문서.docx::기능항목표 R45,1,3사 앱 기능요약
REQ-SET-007,설정·권한,관리자 프로필·계정 설정,유사연계,"REQ-SET-010, REQ-SET-014, REQ-SET-018, REQ-SET-024, REQ-SET-025, REQ-SET-034","동일 주제권이나 화면/도메인/운영 목적 차이 가능. 관련그룹=권한/역할. 예: REQ-SET-010 글로벌 검색, REQ-SET-014 로그아웃(세션 안전 종료), REQ-SET-018 비밀번호 재설정(이메일 인증 3단계), REQ-SET-024 알림 센터","시스템설정·권한 / 공통 운영(FG). 3사 비교: BroJ=△, OnFit=△, LessonBook=×, FitGenie=○. 산출물 D01-공통/MFN-SCR-105 — 관리자 본인 계정 정보·비밀번호·2FA — (v5 추가)",,"BroJ=△, OnFit=△, LessonBook=×, FitGenie=○",3사앱 기능매트릭스: lastspr/요구리스트관련자료/3사앱 확인/판도/기능매트릭스 비교_v5.xlsx::기능매트릭스!R207,1,원천 기능행
REQ-SET-008,설정·권한,권한 관리,중복병합,"REQ-STF-012, REQ-STF-038, REQ-MBR-040, REQ-HQ-138, REQ-CLS-010, REQ-HQ-150",동일 또는 사실상 같은 요구를 2개 출처에서 병합. 관련그룹=권한/역할,"설정. 역할별 메뉴 접근 권한 설정. 출처=온핏 / 8. UX · 기타. BroJ=★★★ 직원별 메뉴 권한 세분화; OnFit=★★★ 직군별 권한 설정; FitPlat 결정=양쪽 참조, 역할 기반 통합",P1,,3사앱 통합기획 DOCX: lastspr/요구리스트관련자료/3사앱 확인/심프로/통합_헬스장_관리시스템_기획문서.docx::기능항목표 R41 | BroJ vs OnFit 비교분석: lastspr/요구리스트관련자료/3사앱 확인/심프로/비교분석_BroJ_vs_OnFit.md::L156,2,3사 앱 기능요약
REQ-SET-009,설정·권한,권한/역할별 화면,유사연계,"REQ-STF-012, REQ-HQ-016, REQ-STF-054, REQ-STF-021, REQ-STF-024, REQ-STF-044","동일 주제권이나 화면/도메인/운영 목적 차이 가능. 관련그룹=권한/역할. 예: REQ-STF-012 권한·역할 관리, REQ-HQ-016 KPI 센터(역할별 5보드), REQ-STF-054 회원 앱에는 회원뿐 아니라 트레이너, FC, 스태프 등 여러 역할별 화면과 기능이 존재, REQ-STF-021 담당자별 성과","FC, PT 트레이너, 지점장, 본사/대표 등 역할별로 볼 화면을 정해야 함. / 기본 권한 세트는 판도에서 제안하고, 스포짐이 선택/수정하는 방식이 적절.",,,회의록: lastspr/요구리스트관련자료/회의록/260519.md::L89,1,회의결정/논의
REQ-SET-010,설정·권한,글로벌 검색,중복병합,"REQ-APP-042, REQ-SET-007, REQ-SET-014, REQ-SET-018, REQ-SET-024, REQ-SET-025","동일 또는 사실상 같은 요구를 2개 출처에서 병합. 관련그룹=대시보드/KPI, 권한/역할","시스템설정·권한 / 대시보드. 3사 비교: BroJ=△, OnFit=△, LessonBook=×, FitGenie=○. 핏지니 통합 검색 / 시스템설정·권한 / 공통 운영(FG). 3사 비교: BroJ=△, OnFit=△, LessonBook=×, FitGenie=○. 산출물 D01-공통/MFN-SCR-103 — 전체 화면 공통 통합 검색 (v5 추가, 기존 행 보강)",,"BroJ=△, OnFit=△, LessonBook=×, FitGenie=○",3사앱 기능매트릭스: lastspr/요구리스트관련자료/3사앱 확인/판도/기능매트릭스 비교_v5.xlsx::기능매트릭스!R135 | 3사앱 기능매트릭스: lastspr/요구리스트관련자료/3사앱 확인/판도/기능매트릭스 비교_v5.xlsx::기능매트릭스!R214,2,원천 기능행
REQ-SET-011,설정·권한,다국어 설정,유사연계,"REQ-STF-043, REQ-STF-012, REQ-SET-003, REQ-SET-020, REQ-SET-031, REQ-SET-029","동일 주제권이나 화면/도메인/운영 목적 차이 가능. 관련그룹=권한/역할. 예: REQ-STF-043 직원 목록, REQ-STF-012 권한·역할 관리, REQ-SET-003 RBAC 권한 매트릭스, REQ-SET-020 서비스 요금제(SaaS 구독)","시스템설정·권한 / 고급 설정(FG). 3사 비교: BroJ=×, OnFit=×, LessonBook=×, FitGenie=○. 핏지니 다국어 + 자동 번역",,"BroJ=×, OnFit=×, LessonBook=×, FitGenie=○",3사앱 기능매트릭스: lastspr/요구리스트관련자료/3사앱 확인/판도/기능매트릭스 비교_v5.xlsx::기능매트릭스!R138,1,원천 기능행
REQ-SET-012,설정·권한,다지점/소속센터 관리,유사연계,"REQ-STF-043, REQ-SET-022, REQ-MBR-015, REQ-MBR-075, REQ-STF-038, REQ-STF-012","동일 주제권이나 화면/도메인/운영 목적 차이 가능. 관련그룹=권한/역할. 예: REQ-STF-043 직원 목록, REQ-SET-022 센터(지점) 정보 설정, REQ-MBR-015 담당 트레이너 지정, REQ-MBR-075 회원 지점 이관(primary/owner 전용)","시스템설정·권한 / 센터 설정. 3사 비교: BroJ=△, OnFit=○, LessonBook=△, FitGenie=○. 핏지니 지점 관리",,"BroJ=△, OnFit=○, LessonBook=△, FitGenie=○",3사앱 기능매트릭스: lastspr/요구리스트관련자료/3사앱 확인/판도/기능매트릭스 비교_v5.xlsx::기능매트릭스!R128,1,원천 기능행
REQ-SET-013,설정·권한,데이터 백업/복원(시점 복원),유사연계,"REQ-STF-012, REQ-STF-043, REQ-SET-027, REQ-SET-029, REQ-HQ-016, REQ-SET-020","동일 주제권이나 화면/도메인/운영 목적 차이 가능. 관련그룹=권한/역할. 예: REQ-STF-012 권한·역할 관리, REQ-STF-043 직원 목록, REQ-SET-027 지점 자동화 적용(본사 정책 세트), REQ-SET-029 출석 관리 설정","시스템설정·권한 / 고급 설정(FG). 3사 비교: BroJ=×, OnFit=×, LessonBook=×, FitGenie=○. 핏지니 자동·수동·시점 복원",,"BroJ=×, OnFit=×, LessonBook=×, FitGenie=○",3사앱 기능매트릭스: lastspr/요구리스트관련자료/3사앱 확인/판도/기능매트릭스 비교_v5.xlsx::기능매트릭스!R137,1,원천 기능행
REQ-SET-014,설정·권한,로그아웃(세션 안전 종료),유사연계,"REQ-SET-007, REQ-SET-010, REQ-SET-018, REQ-SET-024, REQ-SET-025, REQ-SET-034","동일 주제권이나 화면/도메인/운영 목적 차이 가능. 관련그룹=권한/역할. 예: REQ-SET-007 관리자 프로필·계정 설정, REQ-SET-010 글로벌 검색, REQ-SET-018 비밀번호 재설정(이메일 인증 3단계), REQ-SET-024 알림 센터","시스템설정·권한 / 공통 운영(FG). 3사 비교: BroJ=○, OnFit=○, LessonBook=○, FitGenie=○. 산출물 D01-공통/MFN-SCR-109 — 명세화된 로그아웃 플로우 (v5 추가)",,"BroJ=○, OnFit=○, LessonBook=○, FitGenie=○",3사앱 기능매트릭스: lastspr/요구리스트관련자료/3사앱 확인/판도/기능매트릭스 비교_v5.xlsx::기능매트릭스!R211,1,원천 기능행
REQ-SET-015,설정·권한,멀티지점 통합 기준,유사연계,"REQ-HQ-150, REQ-PAY-029, REQ-HQ-052, REQ-MBR-075, REQ-CLS-014, REQ-MBR-015","동일 주제권이나 화면/도메인/운영 목적 차이 가능. 관련그룹=권한/역할. 예: REQ-HQ-150 - 회원 정보 통합 관리
 (기본 정보, 회원권, PT/GX 내역, 상담 기록), REQ-PAY-029 매출 통계, REQ-HQ-052 - 모바일 앱을 통한 실시간 클래스 예약/대기/취소, REQ-MBR-075 회원 지점 이관(primary/owner 전용)",온핏 기반=14개 지점 실사 운영 ✓; 브로제이 보완=센터별 설정; 레슨북 고도화=—,,,3사앱 역할비교 DOCX: lastspr/요구리스트관련자료/3사앱 확인/심프로/통합_헬스장_관리시스템_기획문서.docx::기능영역표 R16,1,역할비교/중복보강
REQ-SET-016,설정·권한,메인 대시보드,유사연계,"REQ-HQ-037, REQ-HQ-143, REQ-HQ-069, REQ-HQ-091, REQ-APP-042, REQ-FAC-038","동일 주제권이나 화면/도메인/운영 목적 차이 가능. 관련그룹=대시보드/KPI, 권한/역할. 예: REQ-HQ-037 대시보드, REQ-HQ-143 홈 대시보드, REQ-HQ-069 슈퍼 대시보드, REQ-HQ-091 온보딩 대시보드","시스템설정·권한 / 대시보드. 3사 비교: BroJ=○, OnFit=○, LessonBook=△, FitGenie=○. 핏지니 본사 대시보드",,"BroJ=○, OnFit=○, LessonBook=△, FitGenie=○",3사앱 기능매트릭스: lastspr/요구리스트관련자료/3사앱 확인/판도/기능매트릭스 비교_v5.xlsx::기능매트릭스!R133,1,원천 기능행
REQ-SET-017,설정·권한,미저장 이탈 경고 다이얼로그,유사연계,"REQ-MBR-075, REQ-SET-019, REQ-MBR-015, REQ-STF-012, REQ-STF-051, REQ-HQ-016","동일 주제권이나 화면/도메인/운영 목적 차이 가능. 관련그룹=권한/역할. 예: REQ-MBR-075 회원 지점 이관(primary/owner 전용), REQ-SET-019 삭제 확인 다이얼로그, REQ-MBR-015 담당 트레이너 지정, REQ-STF-012 권한·역할 관리","시스템설정·권한 / 공통 운영(FG). 3사 비교: BroJ=△, OnFit=△, LessonBook=△, FitGenie=○. 산출물 D01-공통/DLG-002 — 폼 미저장 시 이탈 경고 (v5 추가, UX 일관성)",,"BroJ=△, OnFit=△, LessonBook=△, FitGenie=○",3사앱 기능매트릭스: lastspr/요구리스트관련자료/3사앱 확인/판도/기능매트릭스 비교_v5.xlsx::기능매트릭스!R212,1,원천 기능행
REQ-SET-018,설정·권한,비밀번호 재설정(이메일 인증 3단계),유사연계,"REQ-SET-007, REQ-SET-010, REQ-SET-014, REQ-SET-024, REQ-SET-025, REQ-SET-034","동일 주제권이나 화면/도메인/운영 목적 차이 가능. 관련그룹=권한/역할. 예: REQ-SET-007 관리자 프로필·계정 설정, REQ-SET-010 글로벌 검색, REQ-SET-014 로그아웃(세션 안전 종료), REQ-SET-024 알림 센터","시스템설정·권한 / 공통 운영(FG). 3사 비교: BroJ=○, OnFit=○, LessonBook=△, FitGenie=○. 산출물 D01-공통/MFN-SCR-106 — (v5 추가)",,"BroJ=○, OnFit=○, LessonBook=△, FitGenie=○",3사앱 기능매트릭스: lastspr/요구리스트관련자료/3사앱 확인/판도/기능매트릭스 비교_v5.xlsx::기능매트릭스!R208,1,원천 기능행
REQ-SET-019,설정·권한,삭제 확인 다이얼로그,유사연계,"REQ-HQ-016, REQ-SET-017, REQ-MBR-075, REQ-STF-051, REQ-STF-012, REQ-STF-053","동일 주제권이나 화면/도메인/운영 목적 차이 가능. 관련그룹=권한/역할. 예: REQ-HQ-016 KPI 센터(역할별 5보드), REQ-SET-017 미저장 이탈 경고 다이얼로그, REQ-MBR-075 회원 지점 이관(primary/owner 전용), REQ-STF-051 트레이너 태그","시스템설정·권한 / 공통 운영(FG). 3사 비교: BroJ=○, OnFit=○, LessonBook=○, FitGenie=○. 산출물 D01-공통/DLG-003 — 삭제 작업 전 확인 (v5 추가)",,"BroJ=○, OnFit=○, LessonBook=○, FitGenie=○",3사앱 기능매트릭스: lastspr/요구리스트관련자료/3사앱 확인/판도/기능매트릭스 비교_v5.xlsx::기능매트릭스!R213,1,원천 기능행
REQ-SET-020,설정·권한,서비스 요금제(SaaS 구독),유사연계,"REQ-PAY-017, REQ-PAY-057, REQ-PAY-058, REQ-PAY-064, REQ-PAY-071, REQ-PAY-030","동일 주제권이나 화면/도메인/운영 목적 차이 가능. 관련그룹=결제/수납/분할, 권한/역할. 예: REQ-PAY-017 결제 취소/부분환불, REQ-PAY-057 전자세금계산서 발행, REQ-PAY-058 정기 구독 결제, REQ-PAY-064 할부 결제 관리(회차별)","시스템설정·권한 / 권한·계정. 3사 비교: BroJ=○, OnFit=△, LessonBook=×, FitGenie=○. 핏지니 구독 결제 관리",,"BroJ=○, OnFit=△, LessonBook=×, FitGenie=○",3사앱 기능매트릭스: lastspr/요구리스트관련자료/3사앱 확인/판도/기능매트릭스 비교_v5.xlsx::기능매트릭스!R131,1,원천 기능행
REQ-SET-021,설정·권한,센터 설정,유사연계,"REQ-HQ-016, REQ-RSV-029, REQ-SET-022, REQ-RSV-037, REQ-MBR-015, REQ-STF-030","동일 주제권이나 화면/도메인/운영 목적 차이 가능. 관련그룹=권한/역할. 예: REQ-HQ-016 KPI 센터(역할별 5보드), REQ-RSV-029 예약/일정, REQ-SET-022 센터(지점) 정보 설정, REQ-RSV-037 일정 캘린더 뷰",설정. 센터 기본정보·운영 시간·공지. 출처=온핏,P1,,3사앱 통합기획 DOCX: lastspr/요구리스트관련자료/3사앱 확인/심프로/통합_헬스장_관리시스템_기획문서.docx::기능항목표 R42,1,3사 앱 기능요약
REQ-SET-022,설정·권한,센터(지점) 정보 설정,유사연계,"REQ-STF-012, REQ-STF-043, REQ-SET-012, REQ-HQ-016, REQ-MBR-015, REQ-SET-021","동일 주제권이나 화면/도메인/운영 목적 차이 가능. 관련그룹=권한/역할. 예: REQ-STF-012 권한·역할 관리, REQ-STF-043 직원 목록, REQ-SET-012 다지점/소속센터 관리, REQ-HQ-016 KPI 센터(역할별 5보드)","시스템설정·권한 / 센터 설정. 3사 비교: BroJ=○, OnFit=○, LessonBook=△, FitGenie=○. 핏지니 센터 설정",,"BroJ=○, OnFit=○, LessonBook=△, FitGenie=○",3사앱 기능매트릭스: lastspr/요구리스트관련자료/3사앱 확인/판도/기능매트릭스 비교_v5.xlsx::기능매트릭스!R127,1,원천 기능행
REQ-SET-023,설정·권한,알림 설정,유사연계,"REQ-MKT-026, REQ-MKT-016, REQ-MKT-023, REQ-MKT-029, REQ-MKT-022, REQ-MKT-027","동일 주제권이나 화면/도메인/운영 목적 차이 가능. 관련그룹=회원등급/세그먼트, 자동알림/메시지. 예: REQ-MKT-026 자동 알림 설정·트리거, REQ-MKT-016 모든 알림 보기, REQ-MKT-023 알림 상세 액션, REQ-MKT-029 자동알림 채널","Member App > 마이페이지 > 설정. 재등록, AT-RISK, PT 예약, GX, 사우나 등 알림 수신 범위와 채널을 설정할 수 있다.. Input=회원ID, 알림 타입별 ON/OFF 설정, 채널 설정. Output=저장된 알림 설정값, 알림 발송 정책 반영. 대안=",,,스포짐 요구사항: lastspr/요구리스트관련자료/스포짐요구사항/스포짐FG_수정_공유 2025_1228.xlsx::4. (수정)VC 디스크립션!R59,1,스포짐 원천요구
REQ-SET-024,설정·권한,알림 센터,유사연계,"REQ-APP-042, REQ-SET-007, REQ-SET-010, REQ-SET-014, REQ-SET-018, REQ-SET-025","동일 주제권이나 화면/도메인/운영 목적 차이 가능. 관련그룹=대시보드/KPI, 권한/역할, 자동알림/메시지. 예: REQ-APP-042 회원 홈 대시보드, REQ-SET-007 관리자 프로필·계정 설정, REQ-SET-010 글로벌 검색, REQ-SET-014 로그아웃(세션 안전 종료)","시스템설정·권한 / 대시보드. 3사 비교: BroJ=○, OnFit=○, LessonBook=△, FitGenie=○. 핏지니 알림 센터",,"BroJ=○, OnFit=○, LessonBook=△, FitGenie=○",3사앱 기능매트릭스: lastspr/요구리스트관련자료/3사앱 확인/판도/기능매트릭스 비교_v5.xlsx::기능매트릭스!R134,1,원천 기능행
REQ-SET-025,설정·권한,에러 페이지(HTTP 유형별 안내),유사연계,"REQ-SET-007, REQ-SET-010, REQ-SET-014, REQ-SET-018, REQ-SET-024, REQ-SET-034","동일 주제권이나 화면/도메인/운영 목적 차이 가능. 관련그룹=권한/역할. 예: REQ-SET-007 관리자 프로필·계정 설정, REQ-SET-010 글로벌 검색, REQ-SET-014 로그아웃(세션 안전 종료), REQ-SET-018 비밀번호 재설정(이메일 인증 3단계)","시스템설정·권한 / 공통 운영(FG). 3사 비교: BroJ=△, OnFit=△, LessonBook=△, FitGenie=○. 산출물 D01-공통/MFN-SCR-108 — HTTP 오류 유형별 복구 유도 — (v5 추가)",,"BroJ=△, OnFit=△, LessonBook=△, FitGenie=○",3사앱 기능매트릭스: lastspr/요구리스트관련자료/3사앱 확인/판도/기능매트릭스 비교_v5.xlsx::기능매트릭스!R210,1,원천 기능행
REQ-SET-026,설정·권한,"역할 구분 자료에서는 한쪽은 Fit Genie 측 담당 영역, 다른 한쪽은 판도 측 진행 영역으로 나뉘어 있었고, 일부 구간은 협업이 필요한 영역으로 표시되어 있었습니다.",유사연계,"REQ-STF-007, REQ-PAY-061, REQ-STF-027, REQ-RSV-046, REQ-HQ-073, REQ-HQ-001","동일 주제권이나 화면/도메인/운영 목적 차이 가능. 관련그룹=권한/역할. 예: REQ-STF-007 FC와 스태프 기능은 모두 범위에 포함하는 쪽으로 정리됐고, 필요한 API는 기능 단위로 구체적으로 정의해서 요청해야 한다는 점이 강조됐습니다., REQ-PAY-061 키오스크 결제는 현재 범위에서 제외하는 쪽으로 정리됐고, 결제는 FC 처리와 회원 휴대폰 결제 중심으로 보는 흐름이었습니다., REQ-STF-027 시스템 구조는 본사, 지점장, 스텝(FC, 트레이너, 골프 강사, 필라테스 강사 등) 권한 기반으로 나뉘며, 권한에 따라 보이는 화면과 기능이 달라지는 형태입니다., REQ-RSV-046 판도 측은 월요일만 부재하고 화요일과 수요일은 가능하다고 공유했으며, 최종 일정은 대표와 조율 후 다시 안내받는 방향으로 정리됐습니다.","역할 구분 자료에서는 한쪽은 Fit Genie 측 담당 영역, 다른 한쪽은 판도 측 진행 영역으로 나뉘어 있었고, 일부 구간은 협업이 필요한 영역으로 표시되어 있었습니다.",,,회의록: lastspr/요구리스트관련자료/회의록/260414.md::L15,1,회의결정/논의
REQ-SET-027,설정·권한,지점 자동화 적용(본사 정책 세트),유사연계,"REQ-STF-012, REQ-STF-043, REQ-SET-013, REQ-SET-029, REQ-MBR-031, REQ-HQ-102","동일 주제권이나 화면/도메인/운영 목적 차이 가능. 관련그룹=권한/역할. 예: REQ-STF-012 권한·역할 관리, REQ-STF-043 직원 목록, REQ-SET-013 데이터 백업/복원(시점 복원), REQ-SET-029 출석 관리 설정","시스템설정·권한 / 고급 설정(FG). 3사 비교: BroJ=×, OnFit=×, LessonBook=×, FitGenie=○. 핏지니 정책 적용 + 롤백",,"BroJ=×, OnFit=×, LessonBook=×, FitGenie=○",3사앱 기능매트릭스: lastspr/요구리스트관련자료/3사앱 확인/판도/기능매트릭스 비교_v5.xlsx::기능매트릭스!R136,1,원천 기능행
REQ-SET-028,설정·권한,직원 매핑/권한,유사연계,"REQ-STF-038, REQ-STF-040, REQ-STF-043, REQ-CLS-050, REQ-STF-012, REQ-STF-044","동일 주제권이나 화면/도메인/운영 목적 차이 가능. 관련그룹=권한/역할. 예: REQ-STF-038 직원 관리, REQ-STF-040 직원/급여, REQ-STF-043 직원 목록, REQ-CLS-050 직원 인수인계","직원별 역할, 권한, 직무를 매핑해 보여주는 기능으로 이해. / 권한에 따라 접근 가능한 화면/메뉴가 제한됨. / 메뉴별 노출 권한 정의는 있는 것으로 보이며, 관련 자료를 찾아 공유하기로 함.",,,회의록: lastspr/요구리스트관련자료/회의록/260518.md::L13,1,회의결정/논의
REQ-SET-029,설정·권한,출석 관리 설정,유사연계,"REQ-STF-012, REQ-STF-043, REQ-SET-013, REQ-SET-027, REQ-STF-038, REQ-SET-011","동일 주제권이나 화면/도메인/운영 목적 차이 가능. 관련그룹=권한/역할. 예: REQ-STF-012 권한·역할 관리, REQ-STF-043 직원 목록, REQ-SET-013 데이터 백업/복원(시점 복원), REQ-SET-027 지점 자동화 적용(본사 정책 세트)","시스템설정·권한 / 고급 설정(FG). 3사 비교: BroJ=△, OnFit=△, LessonBook=△, FitGenie=○. 핏지니 출석 인정·지각·자동 처리",,"BroJ=△, OnFit=△, LessonBook=△, FitGenie=○",3사앱 기능매트릭스: lastspr/요구리스트관련자료/3사앱 확인/판도/기능매트릭스 비교_v5.xlsx::기능매트릭스!R139,1,원천 기능행
REQ-SET-030,설정·권한,"커뮤니티 기능은 필요성이 높게 언급됐고, 특히 CRM 안에서 게시판·모임장·관리자 권한 구조를 어떻게 둘지 추가 설계가 필요하다고 정리됐습니다.",유사연계,"REQ-STF-007, REQ-RSV-046, REQ-PAY-061, REQ-HQ-073, REQ-STF-027, REQ-MBR-015","동일 주제권이나 화면/도메인/운영 목적 차이 가능. 관련그룹=권한/역할. 예: REQ-STF-007 FC와 스태프 기능은 모두 범위에 포함하는 쪽으로 정리됐고, 필요한 API는 기능 단위로 구체적으로 정의해서 요청해야 한다는 점이 강조됐습니다., REQ-RSV-046 판도 측은 월요일만 부재하고 화요일과 수요일은 가능하다고 공유했으며, 최종 일정은 대표와 조율 후 다시 안내받는 방향으로 정리됐습니다., REQ-PAY-061 키오스크 결제는 현재 범위에서 제외하는 쪽으로 정리됐고, 결제는 FC 처리와 회원 휴대폰 결제 중심으로 보는 흐름이었습니다., REQ-HQ-073 스포짐 실무자 확인이 필요한 경우 기획 파트에서 직접 확인하고, 답변이 지연되면 정성천 대표가 지원하기로 함","커뮤니티 기능은 필요성이 높게 언급됐고, 특히 CRM 안에서 게시판·모임장·관리자 권한 구조를 어떻게 둘지 추가 설계가 필요하다고 정리됐습니다.",,,회의록: lastspr/요구리스트관련자료/회의록/260428.md::L20,1,회의결정/논의
REQ-SET-031,설정·권한,커스텀 역할 생성,유사연계,"REQ-STF-012, REQ-STF-043, REQ-SET-003, REQ-SET-011, REQ-SET-020, REQ-CLS-017","동일 주제권이나 화면/도메인/운영 목적 차이 가능. 관련그룹=권한/역할. 예: REQ-STF-012 권한·역할 관리, REQ-STF-043 직원 목록, REQ-SET-003 RBAC 권한 매트릭스, REQ-SET-011 다국어 설정","시스템설정·권한 / 권한·계정. 3사 비교: BroJ=×, OnFit=×, LessonBook=×, FitGenie=○. 핏지니 센터 맞춤 권한",,"BroJ=×, OnFit=×, LessonBook=×, FitGenie=○",3사앱 기능매트릭스: lastspr/요구리스트관련자료/3사앱 확인/판도/기능매트릭스 비교_v5.xlsx::기능매트릭스!R130,1,원천 기능행
REQ-SET-032,설정·권한,하위 센터·지점 관리,유사연계,"REQ-STF-038, REQ-STF-012, REQ-MBR-075, REQ-HQ-016, REQ-CLS-017, REQ-MBR-015","동일 주제권이나 화면/도메인/운영 목적 차이 가능. 관련그룹=권한/역할. 예: REQ-STF-038 직원 관리, REQ-STF-012 권한·역할 관리, REQ-MBR-075 회원 지점 이관(primary/owner 전용), REQ-HQ-016 KPI 센터(역할별 5보드)",설정. 멀티지점 추가·설정·비활성화. 출처=온핏,P1,,3사앱 통합기획 DOCX: lastspr/요구리스트관련자료/3사앱 확인/심프로/통합_헬스장_관리시스템_기획문서.docx::기능항목표 R43,1,3사 앱 기능요약
REQ-SET-033,설정·권한,"현재 화면만으로는 구조 이해가 어려워서, 역할 정의·정책·히어라키·관리 구조를 문서로 받아야 한다는 요구가 분명하게 나왔습니다.",유사연계,"REQ-STF-007, REQ-PAY-061, REQ-RSV-046, REQ-STF-012, REQ-STF-052, REQ-STF-027","동일 주제권이나 화면/도메인/운영 목적 차이 가능. 관련그룹=권한/역할. 예: REQ-STF-007 FC와 스태프 기능은 모두 범위에 포함하는 쪽으로 정리됐고, 필요한 API는 기능 단위로 구체적으로 정의해서 요청해야 한다는 점이 강조됐습니다., REQ-PAY-061 키오스크 결제는 현재 범위에서 제외하는 쪽으로 정리됐고, 결제는 FC 처리와 회원 휴대폰 결제 중심으로 보는 흐름이었습니다., REQ-RSV-046 판도 측은 월요일만 부재하고 화요일과 수요일은 가능하다고 공유했으며, 최종 일정은 대표와 조율 후 다시 안내받는 방향으로 정리됐습니다., REQ-STF-012 권한·역할 관리","현재 화면만으로는 구조 이해가 어려워서, 역할 정의·정책·히어라키·관리 구조를 문서로 받아야 한다는 요구가 분명하게 나왔습니다.",,,회의록: lastspr/요구리스트관련자료/회의록/260428.md::L5,1,회의결정/논의
REQ-SET-034,설정·권한,화면설계서 오버레이(Cmd+/ 단축키),유사연계,"REQ-SET-007, REQ-SET-010, REQ-SET-014, REQ-SET-018, REQ-SET-024, REQ-SET-025","동일 주제권이나 화면/도메인/운영 목적 차이 가능. 관련그룹=권한/역할. 예: REQ-SET-007 관리자 프로필·계정 설정, REQ-SET-010 글로벌 검색, REQ-SET-014 로그아웃(세션 안전 종료), REQ-SET-018 비밀번호 재설정(이메일 인증 3단계)","시스템설정·권한 / 공통 운영(FG). 3사 비교: BroJ=×, OnFit=×, LessonBook=×, FitGenie=○. 산출물 D01-공통/MFN-SCR-107 — 단축키로 기획 문서 참조 패널 호출 — 매우 차별 (v5 추가)",,"BroJ=×, OnFit=×, LessonBook=×, FitGenie=○",3사앱 기능매트릭스: lastspr/요구리스트관련자료/3사앱 확인/판도/기능매트릭스 비교_v5.xlsx::기능매트릭스!R209,1,원천 기능행
REQ-SET-035,설정·권한,활동/감사 로그,유사연계,"REQ-SET-036, REQ-HQ-016, REQ-HQ-138, REQ-STF-012, REQ-STF-043, REQ-RSV-014","동일 주제권이나 화면/도메인/운영 목적 차이 가능. 관련그룹=권한/역할. 예: REQ-SET-036 히스토리 로그(시스템 작업 이력), REQ-HQ-016 KPI 센터(역할별 5보드), REQ-HQ-138 트레이너 실적 리포트, REQ-STF-012 권한·역할 관리","시스템설정·권한 / 고급 설정. 3사 비교: BroJ=○, OnFit=△, LessonBook=×, FitGenie=○. 핏지니 히스토리/감사 로그",,"BroJ=○, OnFit=△, LessonBook=×, FitGenie=○",3사앱 기능매트릭스: lastspr/요구리스트관련자료/3사앱 확인/판도/기능매트릭스 비교_v5.xlsx::기능매트릭스!R132,1,원천 기능행
REQ-SET-036,설정·권한,히스토리 로그(시스템 작업 이력),유사연계,"REQ-SET-035, REQ-HQ-016, REQ-HQ-138, REQ-STF-012, REQ-STF-043, REQ-MBR-031","동일 주제권이나 화면/도메인/운영 목적 차이 가능. 관련그룹=권한/역할. 예: REQ-SET-035 활동/감사 로그, REQ-HQ-016 KPI 센터(역할별 5보드), REQ-HQ-138 트레이너 실적 리포트, REQ-STF-012 권한·역할 관리","시스템설정·권한 / 고급 설정. 3사 비교: BroJ=×, OnFit=×, LessonBook=×, FitGenie=○. 산출물 D10-본사관리/HQ-EXT-06 — 시스템 전체 작업 이력 추적 (v5 추가, 활동 로그와 분리)",,"BroJ=×, OnFit=×, LessonBook=×, FitGenie=○",3사앱 기능매트릭스: lastspr/요구리스트관련자료/3사앱 확인/판도/기능매트릭스 비교_v5.xlsx::기능매트릭스!R206,1,원천 기능행
REQ-HQ-001,본사·대시보드,AI One-Line 추천 리스트,유사연계,"REQ-GEN-060, REQ-STF-008, REQ-GEN-036, REQ-CLS-010, REQ-MBR-002, REQ-MBR-003","동일 주제권이나 화면/도메인/운영 목적 차이 가능. 관련그룹=대시보드/KPI, 권한/역할. 예: REQ-GEN-060 퇴근 전 One-Line 리플렉션, REQ-STF-008 One-Line 패턴 분석, REQ-GEN-036 오늘의 One-Line 목표 입력, REQ-CLS-010 OT1 체크리스트 입력","Staff App > One-Line > One-Line 메인. 역할·오늘의 KPI·Today’s Work를 기반으로 3~5개의 후보 One-Line 문장을 자동 제안한다.. Input=직원 역할, Today’s Work 목록, 지점/개인 KPI, 전날 미완료 Task. Output=AI가 생성한 One-Line 후보 리스트, 각 후보 점수(CandidateScore). 대안=",,,스포짐 요구사항: lastspr/요구리스트관련자료/스포짐요구사항/스포짐FG_수정_공유 2025_1228.xlsx::4. (수정)VC 디스크립션!R86,1,스포짐 원천요구
REQ-HQ-002,본사·대시보드,AT-RISK 회수율,중복병합,"REQ-MBR-005, REQ-MBR-032, REQ-STF-010, REQ-STF-001, REQ-CLS-016, REQ-MBR-007","동일 또는 사실상 같은 요구를 2개 출처에서 병합. 관련그룹=회원등급/세그먼트, 대시보드/KPI","Manager App > 지점 대시보드 > 핵심 KPI 대시보드. AT-RISK 회원 중 회수(방문/상담/재등록 등) 성공률을 보여준다.. Input=AT-RISK 변환 이벤트, 회수 실행 로그, 상담 기록. Output=AT-RISK 회수율 %, 미회수 회원 리스트. 대안= / HQ Dashboard > 전 지점 KPI 리더보드 > KPI 메인. 지점별 AT-RISK 회원 회수 성공률을 보여준다.. Input=AT-RISK 지정 로그, 회수 이벤트(방문/재등록/상담). Output=AT-RISK 회수율 %, 미회수 비율, 경고 지점 표시. 대안=",,,스포짐 요구사항: lastspr/요구리스트관련자료/스포짐요구사항/스포짐FG_수정_공유 2025_1228.xlsx::4. (수정)VC 디스크립션!R95 | 스포짐 요구사항: lastspr/요구리스트관련자료/스포짐요구사항/스포짐FG_수정_공유 2025_1228.xlsx::4. (수정)VC 디스크립션!R130,2,스포짐 원천요구
REQ-HQ-003,본사·대시보드,BEP(손익분기점) 계산,유사연계,"REQ-CLS-020, REQ-STF-008, REQ-CLS-050, REQ-PAY-054, REQ-FAC-050, REQ-CLS-016","동일 주제권이나 화면/도메인/운영 목적 차이 가능. 관련그룹=대시보드/KPI. 예: REQ-CLS-020 PT 캠페인 성과 분석, REQ-STF-008 One-Line 패턴 분석, REQ-CLS-050 직원 인수인계, REQ-PAY-054 일일 이용 계약서","HQ Dashboard > 전 지점 손익 대시보드 > BEP 분석. 지점별 고정비, 변동비, 매출 데이터를 이용해 손익분기점을 계산한다.. Input=고정비, 변동비, 평균 단가/고객 수, 지점 코드. Output=BEP 값(필요 매출/회원 수), 현재 실적 대비 차이. 대안=",,,스포짐 요구사항: lastspr/요구리스트관련자료/스포짐요구사항/스포짐FG_수정_공유 2025_1228.xlsx::4. (수정)VC 디스크립션!R137,1,스포짐 원천요구
REQ-HQ-004,본사·대시보드,CSV/엑셀 다운로드,독립,,현재 기준 독립 요구사항으로 판단,"리포트(FG) / 다운로드. 3사 비교: BroJ=△, OnFit=△, LessonBook=△, FitGenie=○. 핏지니 모든 통계 export",,"BroJ=△, OnFit=△, LessonBook=△, FitGenie=○",3사앱 기능매트릭스: lastspr/요구리스트관련자료/3사앱 확인/판도/기능매트릭스 비교_v5.xlsx::기능매트릭스!R158,1,원천 기능행
REQ-HQ-005,본사·대시보드,CTI 통화 녹취율,독립,,현재 기준 독립 요구사항으로 판단,단계=; 계산식=(녹취 완료 통화 / 전체 상담 통화) × 100; 목표=95%↑; 의미=CTI 시스템 활용도 및 상담 데이터 완전성. 모든 통화가 녹취·STT 변환되어 상담 품질 분석 및 교육에 활용 가능.,,,대시보드/KPI 요구사항: lastspr/요구리스트관련자료/스포짐요구사항/DashBoard_단계별_KPI_Structure_2026_0127 - 복사본.xlsx::2. 매출관리 & CRM Health!R9,1,대시보드/KPI
REQ-HQ-006,본사·대시보드,"`Ctrl + /` 기능으로 대시보드, KPI 등 키워드를 검색해 관련 화면과 기능을 빠르게 찾을 수 있다고 설명했습니다.",유사연계,"REQ-RSV-018, REQ-FAC-007, REQ-OPS-030, REQ-SET-016, REQ-APP-042, REQ-FAC-038","동일 주제권이나 화면/도메인/운영 목적 차이 가능. 관련그룹=대시보드/KPI. 예: REQ-RSV-018 대시보드는 이번 주 안에 우선 고정해서 스포짐 측이 화면을 보고 넣을 것과 뺄 것을 결정해야 다음 일정 지연을 막을 수 있다는 의견이 나왔습니다., REQ-FAC-007 개발팀은 우선 피그마와 현재 구현 결과물을 보면서 KPI, IoT 앱, 키오스크 관련 화면을 중심으로 파악하면 작업 속도가 빨라질 것이라는 의견이 나왔습니다., REQ-OPS-030 판도 측에서는 DB 스키마와 API 설계가 먼저 어느 정도 정리되어야 대시보드 개발이 수월하다는 점을 짚었습니다., REQ-SET-016 메인 대시보드","`Ctrl + /` 기능으로 대시보드, KPI 등 키워드를 검색해 관련 화면과 기능을 빠르게 찾을 수 있다고 설명했습니다.",,,회의록: lastspr/요구리스트관련자료/회의록/260414.md::L13,1,회의결정/논의
REQ-HQ-007,본사·대시보드,DB 생존율 (30일),독립,,현재 기준 독립 요구사항으로 판단,단계=; 계산식=(30일 내 활동 DB / 전체 신규 등록회원 DB) × 100; 목표=25-35%; 의미=프리온보딩 DB의 장기 생존 품질. 30일 내 팔로우업·재상담·등록 등 활동이 지속되는 비율로 DB 관리 효율 측정.,,,대시보드/KPI 요구사항: lastspr/요구리스트관련자료/스포짐요구사항/DashBoard_단계별_KPI_Structure_2026_0127 - 복사본.xlsx::2. 매출관리 & CRM Health!R8,1,대시보드/KPI
REQ-HQ-008,본사·대시보드,GX 수업 예약 및 출석 자동화,유사연계,"REQ-CLS-008, REQ-CLS-007, REQ-STF-026, REQ-CLS-009, REQ-APP-002, REQ-FAC-037","동일 주제권이나 화면/도메인/운영 목적 차이 가능. 관련그룹=대시보드/KPI, 출입/키오스크/모바일. 예: REQ-CLS-008 GX 출석률 비교, REQ-CLS-007 GX 종료 후 자동 만족도 조사, REQ-STF-026 스케줄 자동 최적화, REQ-CLS-009 GX/프로그램 반응 분석",시스템=; KPI=수업 출석률 (GX/필라테스 강사); 효과=GX 예약 자동 관리 및 출석 QR 체크로 강사의 수동 관리 부담 제거. 출석 데이터 실시간 수집으로 출석률 80%+ 달성; 흐름=예약 데이터 → QR 출석 체크 → 실시간 집계 → 출석률 측정,,,대시보드/KPI 요구사항: lastspr/요구리스트관련자료/스포짐요구사항/DashBoard_단계별_KPI_Structure_2026_0127 - 복사본.xlsx::3. 시스템 & 운영_비용관리!R8,1,대시보드/KPI
REQ-HQ-009,본사·대시보드,GX 재참여율 추적 및 알림,유사연계,"REQ-MKT-010, REQ-SET-023, REQ-SET-024, REQ-RSV-014, REQ-MKT-016, REQ-MKT-023","동일 주제권이나 화면/도메인/운영 목적 차이 가능. 관련그룹=대시보드/KPI, 자동알림/메시지. 예: REQ-MKT-010 급여명세서 PDF 및 알림, REQ-SET-023 알림 설정, REQ-SET-024 알림 센터, REQ-RSV-014 노쇼 15분 자동 감지 및 알림",시스템=; KPI=재참여율 (GX/필라테스 강사); 효과=수강 종료 후 재등록 여부 추적. 미등록 회원에게 자동 알림 및 특별 혜택 제공으로 재참여율 65%+ 달성; 흐름=수강 종료 → 재등록 추적 → 미등록 감지 → 자동 알림 → 재참여율 측정,,,대시보드/KPI 요구사항: lastspr/요구리스트관련자료/스포짐요구사항/DashBoard_단계별_KPI_Structure_2026_0127 - 복사본.xlsx::3. 시스템 & 운영_비용관리!R10,1,대시보드/KPI
REQ-HQ-010,본사·대시보드,GX 참여율,독립,,현재 기준 독립 요구사항으로 판단,단계=; 계산식=(GX 참여 회원 / 총 회원) × 100; 목표=20-30%↑; 의미=프로그램 활용도,,,대시보드/KPI 요구사항: lastspr/요구리스트관련자료/스포짐요구사항/DashBoard_단계별_KPI_Structure_2026_0127 - 복사본.xlsx::2. 매출관리 & CRM Health!R23,1,대시보드/KPI
REQ-HQ-011,본사·대시보드,GX 첫 참여 비율,독립,,현재 기준 독립 요구사항으로 판단,단계=; 계산식=(GX 참여 / 신규회원) × 100; 목표=20%↑; 의미=프로그램 다양성,,,대시보드/KPI 요구사항: lastspr/요구리스트관련자료/스포짐요구사항/DashBoard_단계별_KPI_Structure_2026_0127 - 복사본.xlsx::2. 매출관리 & CRM Health!R19,1,대시보드/KPI
REQ-HQ-012,본사·대시보드,GX 출석률,유사연계,"REQ-CLS-008, REQ-CLS-009, REQ-CLS-006, REQ-RSV-043, REQ-CLS-012, REQ-CLS-045","동일 주제권이나 화면/도메인/운영 목적 차이 가능. 관련그룹=대기열/예약제한, 대시보드/KPI. 예: REQ-CLS-008 GX 출석률 비교, REQ-CLS-009 GX/프로그램 반응 분석, REQ-CLS-006 GX 예약/취소, REQ-RSV-043 출석 QR 체크인","Manager App > 지점 대시보드 > 핵심 KPI 대시보드. 지점 GX 클래스 출석률(정원 대비 실제 참석)을 보여준다.. Input=GX 스케줄, 정원수, 출석 로그. Output=출석률 %, 인기 클래스 Top3, 문제 클래스 식별. 대안=",,,스포짐 요구사항: lastspr/요구리스트관련자료/스포짐요구사항/스포짐FG_수정_공유 2025_1228.xlsx::4. (수정)VC 디스크립션!R97,1,스포짐 원천요구
REQ-HQ-013,본사·대시보드,KPI 24종,유사연계,"REQ-CLS-012, REQ-STF-045, REQ-HQ-015, REQ-CLS-017, REQ-CLS-016, REQ-CLS-020","동일 주제권이나 화면/도메인/운영 목적 차이 가능. 관련그룹=대시보드/KPI. 예: REQ-CLS-012 PT/GX/FC KPI 비교, REQ-STF-045 직원 상세 패널(KPI·실적·일정), REQ-HQ-015 KPI 대시보드(24종), REQ-CLS-017 PT 종료 자동 감지 및 재구매 상담 리스트 생성","산식, 일괄 처리 시각, 지표 정의가 문서상 부족. / 스포짐/클라이언트 확인 후 제로스트에 공유 필요.",,,회의록: lastspr/요구리스트관련자료/회의록/260518.md::L20,1,회의결정/논의
REQ-HQ-014,본사·대시보드,KPI/Today’s Work,유사연계,"REQ-STF-010, REQ-STF-001, REQ-RSV-004, REQ-MBR-075, REQ-CLS-012, REQ-STF-002","동일 주제권이나 화면/도메인/운영 목적 차이 가능. 관련그룹=대시보드/KPI, 권한/역할. 예: REQ-STF-010 Today’s Work 완료율, REQ-STF-001 AI 기반 Today Tasks 자동 생성, REQ-RSV-004 PT/OT1/OT2 예약, REQ-MBR-075 회원 지점 이관(primary/owner 전용)","현재 안은 일부 지점장 아이디어가 많이 반영된 상태. / 1.0에서 그대로 넣을지, 테스트 형태로 둘지, 생략할지 결정 필요. / 통계 데이터가 충분히 쌓여야 의미 있는 KPI가 나오므로 우선순위 조정 필요.",,,회의록: lastspr/요구리스트관련자료/회의록/260519.md::L92,1,회의결정/논의
REQ-HQ-015,본사·대시보드,KPI 대시보드(24종),유사연계,"REQ-SET-016, REQ-APP-042, REQ-FAC-038, REQ-STF-045, REQ-HQ-013, REQ-HQ-016","동일 주제권이나 화면/도메인/운영 목적 차이 가능. 관련그룹=대시보드/KPI. 예: REQ-SET-016 메인 대시보드, REQ-APP-042 회원 홈 대시보드, REQ-FAC-038 시설 현황 대시보드, REQ-STF-045 직원 상세 패널(KPI·실적·일정)","본사관리(FG) / 본사 대시보드. 3사 비교: BroJ=×, OnFit=×, LessonBook=×, FitGenie=○. 핏지니 24종 KPI",,"BroJ=×, OnFit=×, LessonBook=×, FitGenie=○",3사앱 기능매트릭스: lastspr/요구리스트관련자료/3사앱 확인/판도/기능매트릭스 비교_v5.xlsx::기능매트릭스!R141,1,원천 기능행
REQ-HQ-016,본사·대시보드,KPI 센터(역할별 5보드),유사연계,"REQ-SET-035, REQ-SET-036, REQ-SET-020, REQ-SET-016, REQ-SET-019, REQ-SET-009","동일 주제권이나 화면/도메인/운영 목적 차이 가능. 관련그룹=대시보드/KPI, 권한/역할. 예: REQ-SET-035 활동/감사 로그, REQ-SET-036 히스토리 로그(시스템 작업 이력), REQ-SET-020 서비스 요금제(SaaS 구독), REQ-SET-016 메인 대시보드","본사관리(FG) / 본사 대시보드. 3사 비교: BroJ=×, OnFit=×, LessonBook=×, FitGenie=○. 핏지니 역할별 보드",,"BroJ=×, OnFit=×, LessonBook=×, FitGenie=○",3사앱 기능매트릭스: lastspr/요구리스트관련자료/3사앱 확인/판도/기능매트릭스 비교_v5.xlsx::기능매트릭스!R142,1,원천 기능행
REQ-HQ-017,본사·대시보드,LTV (생애가치),유사연계,"REQ-MBR-008, REQ-MBR-007, REQ-CLS-021, REQ-FAC-023, REQ-MBR-005, REQ-MBR-009","동일 주제권이나 화면/도메인/운영 목적 차이 가능. 관련그룹=회원등급/세그먼트. 예: REQ-MBR-008 LTV 변화 추이, REQ-MBR-007 LOST 회원 리스트, REQ-CLS-021 PT 패키지 선택, REQ-FAC-023 민원 발생 트래킹",단계=; 계산식=객단가 × 구매횟수 × 유지기간; 목표=세그먼트별 목표; 의미=경제적 가치,,,대시보드/KPI 요구사항: lastspr/요구리스트관련자료/스포짐요구사항/DashBoard_단계별_KPI_Structure_2026_0127 - 복사본.xlsx::2. 매출관리 & CRM Health!R29,1,대시보드/KPI
REQ-HQ-018,본사·대시보드,NPS (고객 추천 지수),중복병합,,동일 또는 사실상 같은 요구를 2개 출처에서 병합. 관련그룹=-,대상=/; 설명=Net Promoter Score. 회원이 피트니스센터를 타인에게 추천할 의향을 측정(0-10점). 브랜드 충성도 및 입소문 마케팅 잠재력을 평가.; 계산식=(추천 의향 비율 9-10점 - 비추천 의향 비율 0-6점) × 100; 목표=40+; 연동=CRM/매출 / 단계=; 계산식=(Promoter % - Detractor %) × 100; 목표=40-60점↑; 의미=브랜드 충성도,,,대시보드/KPI 요구사항: lastspr/요구리스트관련자료/스포짐요구사항/DashBoard_단계별_KPI_Structure_2026_0127 - 복사본.xlsx::1. 회사 성장 & Team Health_26_0121!R39 | 대시보드/KPI 요구사항: lastspr/요구리스트관련자료/스포짐요구사항/DashBoard_단계별_KPI_Structure_2026_0127 - 복사본.xlsx::2. 매출관리 & CRM Health!R25,2,대시보드/KPI
REQ-HQ-019,본사·대시보드,NPS 설문,독립,,현재 기준 독립 요구사항으로 판단,"본사관리(FG) / 고급 분석(FG). 3사 비교: BroJ=×, OnFit=×, LessonBook=×, FitGenie=○. 핏지니 NPS",,"BroJ=×, OnFit=×, LessonBook=×, FitGenie=○",3사앱 기능매트릭스: lastspr/요구리스트관련자료/3사앱 확인/판도/기능매트릭스 비교_v5.xlsx::기능매트릭스!R152,1,원천 기능행
REQ-HQ-020,본사·대시보드,One-Line Daily Mission (DM),유사연계,"REQ-STF-008, REQ-GEN-036, REQ-GEN-060, REQ-STF-010, REQ-STF-001, REQ-MKT-006","동일 주제권이나 화면/도메인/운영 목적 차이 가능. 관련그룹=대시보드/KPI. 예: REQ-STF-008 One-Line 패턴 분석, REQ-GEN-036 오늘의 One-Line 목표 입력, REQ-GEN-060 퇴근 전 One-Line 리플렉션, REQ-STF-010 Today’s Work 완료율",시스템=; KPI=One-Line DM 달성율; 효과=; 흐름=,,,대시보드/KPI 요구사항: lastspr/요구리스트관련자료/스포짐요구사항/DashBoard_단계별_KPI_Structure_2026_0127 - 복사본.xlsx::3. 시스템 & 운영_비용관리!R15,1,대시보드/KPI
REQ-HQ-021,본사·대시보드,One-Line 목표 달성률,유사연계,"REQ-GEN-036, REQ-STF-008, REQ-GEN-060, REQ-STF-001, REQ-STF-021, REQ-STF-048","동일 주제권이나 화면/도메인/운영 목적 차이 가능. 관련그룹=대시보드/KPI. 예: REQ-GEN-036 오늘의 One-Line 목표 입력, REQ-STF-008 One-Line 패턴 분석, REQ-GEN-060 퇴근 전 One-Line 리플렉션, REQ-STF-001 AI 기반 Today Tasks 자동 생성","Manager App > 직원 KPI > One-Line KPI. 직원별 One-Line 목표 대비 달성률을 산출해 KPI로 보여준다.. Input=One-Line 입력값, 리플렉션 기록, Task 완료정보. Output=One-Line 달성률 %, 개선 필요 직원 표시. 대안=",,,스포짐 요구사항: lastspr/요구리스트관련자료/스포짐요구사항/스포짐FG_수정_공유 2025_1228.xlsx::4. (수정)VC 디스크립션!R105,1,스포짐 원천요구
REQ-HQ-022,본사·대시보드,PT KPI,유사연계,"REQ-CLS-012, REQ-STF-045, REQ-CLS-016, REQ-CLS-020, REQ-STF-009, REQ-STF-010","동일 주제권이나 화면/도메인/운영 목적 차이 가능. 관련그룹=대시보드/KPI. 예: REQ-CLS-012 PT/GX/FC KPI 비교, REQ-STF-045 직원 상세 패널(KPI·실적·일정), REQ-CLS-016 PT 재구매율 비교, REQ-CLS-020 PT 캠페인 성과 분석",시트 전체가 해당 운영/KPI 요구사항의 세부 정책 근거로 사용됨,,,대시보드/KPI 요구사항: lastspr/요구리스트관련자료/스포짐요구사항/DashBoard_단계별_KPI_Structure_2026_0127 - 복사본.xlsx::5. PT KPI,1,시트단위 근거
REQ-HQ-023,본사·대시보드,PT 완강률,유사연계,"REQ-CLS-016, REQ-CLS-020, REQ-STF-009, REQ-CLS-012, REQ-STF-010, REQ-STF-048","동일 주제권이나 화면/도메인/운영 목적 차이 가능. 관련그룹=대시보드/KPI. 예: REQ-CLS-016 PT 재구매율 비교, REQ-CLS-020 PT 캠페인 성과 분석, REQ-STF-009 PT 매출 상위 10명, REQ-CLS-012 PT/GX/FC KPI 비교","Manager App > 지점 대시보드 > 핵심 KPI 대시보드. 지점 전체 PT 회원 중 완강까지 도달한 비율을 보여준다.. Input=PT 회차 기록, 세션 로그, 완강 플래그. Output=완강률 %, 진행 중 회원 수, 강사별 완강률. 대안=",,,스포짐 요구사항: lastspr/요구리스트관련자료/스포짐요구사항/스포짐FG_수정_공유 2025_1228.xlsx::4. (수정)VC 디스크립션!R96,1,스포짐 원천요구
REQ-HQ-024,본사·대시보드,PT 완료율,유사연계,"REQ-RSV-006, REQ-CLS-014, REQ-CLS-019, REQ-STF-009, REQ-RSV-004, REQ-CLS-012","동일 주제권이나 화면/도메인/운영 목적 차이 가능. 관련그룹=대기열/예약제한, 권한/역할. 예: REQ-RSV-006 PT 예약 등록, REQ-CLS-014 PT 세션 기록, REQ-CLS-019 PT 차감/노쇼, REQ-STF-009 PT 매출 상위 10명","대상=/PT Trainer; 설명=PT 트레이너가 예약된 세션 중 실제로 완료한 비율. 
PT 매출 실현 및 트레이너 생산성을 측정. 노쇼 관리 및 세션 이행률을 평가.; 계산식=(완료 세션 수 / 예약 세션 수) × 100; 목표=85%+; 연동=CRM/매출",,,대시보드/KPI 요구사항: lastspr/요구리스트관련자료/스포짐요구사항/DashBoard_단계별_KPI_Structure_2026_0127 - 복사본.xlsx::1. 회사 성장 & Team Health_26_0121!R14,1,대시보드/KPI
REQ-HQ-025,본사·대시보드,PT 재구매율,중복병합,"REQ-CLS-017, REQ-STF-009, REQ-RSV-006, REQ-CLS-014, REQ-CLS-019, REQ-RSV-004",동일 또는 사실상 같은 요구를 2개 출처에서 병합. 관련그룹=권한/역할,"대상=/; 설명=PT 세션 종료 회원 중 추가 PT 상품을 재구매하는 비율. 
PT 매출 지속성 및 트레이너의 회원 만족도·추가 세일즈 역량을 평가.; 계산식=(재구매 회원 수 / PT 종료 회원 수) × 100; 목표=30%+; 연동=CRM/매출 / 단계=; 계산식=(재구매 / 완강회원) × 100; 목표=30-40%↑; 의미=PT 만족도",,,대시보드/KPI 요구사항: lastspr/요구리스트관련자료/스포짐요구사항/DashBoard_단계별_KPI_Structure_2026_0127 - 복사본.xlsx::1. 회사 성장 & Team Health_26_0121!R15 | 대시보드/KPI 요구사항: lastspr/요구리스트관련자료/스포짐요구사항/DashBoard_단계별_KPI_Structure_2026_0127 - 복사본.xlsx::2. 매출관리 & CRM Health!R27,2,대시보드/KPI
REQ-HQ-026,본사·대시보드,"QR코드 기반 출석 시스템
 : 회원과 트레이너 모두 QR코드로 세션 시작/종료
실시간 세션 모니터링
 : 진행 중인 PT 세션을 실시간으로 관제 
권한 기반 세션 관리
 : 회원권 상태에 따른 PT 진행 권한 자동 제어
트레이너 대시보드
 : 개별 트레이너의 세션 현황 및 수익 실시간 확인",유사연계,"REQ-STF-027, REQ-OPS-030, REQ-STF-004, REQ-STF-050, REQ-STF-053, REQ-STF-028","동일 주제권이나 화면/도메인/운영 목적 차이 가능. 관련그룹=대시보드/KPI, 권한/역할, 출입/키오스크/모바일. 예: REQ-STF-027 시스템 구조는 본사, 지점장, 스텝(FC, 트레이너, 골프 강사, 필라테스 강사 등) 권한 기반으로 나뉘며, 권한에 따라 보이는 화면과 기능이 달라지는 형태입니다., REQ-OPS-030 판도 측에서는 DB 스키마와 API 설계가 먼저 어느 정도 정리되어야 대시보드 개발이 수월하다는 점을 짚었습니다., REQ-STF-004 BroJ 트레이너별 자동 정산 (HR-006 보완), REQ-STF-050 트레이너 실적 현황","주요기능=- 강습(PT) 관리 고도화 (오차 범위 20% → 0%); 사용자=; 연동=; 효과=; 계획=QR코드 시스템 개발 및 태블릿 설치
트레이너 교육 및 시범 운영 
전면 도입 및 모니터링",,,대시보드/KPI 요구사항: lastspr/요구리스트관련자료/스포짐요구사항/DashBoard_단계별_KPI_Structure_2026_0127 - 복사본.xlsx::DX_AX핵심!R23,1,대시보드/KPI
REQ-HQ-027,본사·대시보드,Task 상태 변경(완료/보류),유사연계,"REQ-STF-010, REQ-STF-001, REQ-CLS-039, REQ-STF-009, REQ-CLS-012, REQ-RSV-010","동일 주제권이나 화면/도메인/운영 목적 차이 가능. 관련그룹=환불/취소, 대시보드/KPI. 예: REQ-STF-010 Today’s Work 완료율, REQ-STF-001 AI 기반 Today Tasks 자동 생성, REQ-CLS-039 수업 취소/변경, REQ-STF-009 PT 매출 상위 10명","Staff App > Today’s Work > Today’s Work 메인. 각 Task 별로 완료/보류/취소 상태를 변경하고, 완료 시 관련 로그를 남긴다.. Input=직원ID, TaskID, 상태 변경 액션(완료/보류/취소), 시간. Output=업데이트된 Task 상태, 완료시간, 보류 사유, KPI 집계용 로그. 대안=",,,스포짐 요구사항: lastspr/요구리스트관련자료/스포짐요구사항/스포짐FG_수정_공유 2025_1228.xlsx::4. (수정)VC 디스크립션!R68,1,스포짐 원천요구
REQ-HQ-028,본사·대시보드,Task 필터/정렬,유사연계,"REQ-STF-010, REQ-MBR-005, REQ-STF-001, REQ-MBR-032, REQ-CLS-012, REQ-STF-045","동일 주제권이나 화면/도메인/운영 목적 차이 가능. 관련그룹=회원등급/세그먼트, 대시보드/KPI. 예: REQ-STF-010 Today’s Work 완료율, REQ-MBR-005 AT-RISK 리스트, REQ-STF-001 AI 기반 Today Tasks 자동 생성, REQ-MBR-032 신규/AT-RISK/재등록 탭","Staff App > Today’s Work > Today’s Work 메인. 재등록, AT-RISK, OT1, 시설점검 등 카테고리별로 필터링하고, 긴급도·마감시간 순으로 정렬할 수 있다.. Input=직원ID, 선택한 필터/정렬 옵션, Task 메타데이터(카테고리/긴급도/기한). Output=필터링/정렬된 Task 리스트, 적용된 필터 상태. 대안=",,,스포짐 요구사항: lastspr/요구리스트관련자료/스포짐요구사항/스포짐FG_수정_공유 2025_1228.xlsx::4. (수정)VC 디스크립션!R69,1,스포짐 원천요구
REQ-HQ-029,본사·대시보드,TM 완료율,유사연계,"REQ-STF-010, REQ-CLS-016, REQ-STF-048, REQ-CLS-017, REQ-CLS-020, REQ-STF-009","동일 주제권이나 화면/도메인/운영 목적 차이 가능. 관련그룹=대시보드/KPI. 예: REQ-STF-010 Today’s Work 완료율, REQ-CLS-016 PT 재구매율 비교, REQ-STF-048 트레이너 OT, REQ-CLS-017 PT 종료 자동 감지 및 재구매 상담 리스트 생성",대상=/; 설명=CRM 시스템에서 자동 생성된 Today Tasks(일일 업무 목록)의 완료 비율. 업무 실행력 및 누락 방지를 측정하는 운영 효율 지표.; 계산식=(완료된 Tasks 수 / 전체 할당된 Tasks 수) × 100; 목표=90%+; 연동=운영 효율,,,대시보드/KPI 요구사항: lastspr/요구리스트관련자료/스포짐요구사항/DashBoard_단계별_KPI_Structure_2026_0127 - 복사본.xlsx::1. 회사 성장 & Team Health_26_0121!R6,1,대시보드/KPI
REQ-HQ-030,본사·대시보드,Today Tasks,중복병합,"REQ-STF-001, REQ-STF-010, REQ-SET-016, REQ-HQ-015, REQ-HQ-016, REQ-HQ-069",동일 또는 사실상 같은 요구를 5개 출처에서 병합. 관련그룹=대시보드/KPI,"본사관리(FG) / 업무 관리. 3사 비교: BroJ=△, OnFit=△, LessonBook=×, FitGenie=○. 핏지니 오늘의 할 일 / 대상=/; 설명=MOT KPI 시스템이 자동 생성한 당일 업무(상담, TM 콜, 재등록 안내 등)의 완료 비율. 
직원 및 지점의 업무 실행력과 자동화 시스템 활용도를 측정.; 계산식=(완료 Tasks / 전체 Tasks) × 100; 목표=90%+; 연동=운영 효율",,"BroJ=△, OnFit=△, LessonBook=×, FitGenie=○",3사앱 기능매트릭스: lastspr/요구리스트관련자료/3사앱 확인/판도/기능매트릭스 비교_v5.xlsx::기능매트릭스!R146 | 대시보드/KPI 요구사항: lastspr/요구리스트관련자료/스포짐요구사항/DashBoard_단계별_KPI_Structure_2026_0127 - 복사본.xlsx::1. 회사 성장 & Team Health_26_0121!R9 | 대시보드/KPI 요구사항: lastspr/요구리스트관련자료/스포짐요구사항/DashBoard_단계별_KPI_Structure_2026_0127 - 복사본.xlsx::1. 회사 성장 & Team Health_26_0121!R18 | 대시보드/KPI 요구사항: lastspr/요구리스트관련자료/스포짐요구사항/DashBoard_단계별_KPI_Structure_2026_0127 - 복사본.xlsx::1. 회사 성장 & Team Health_26_0121!R25,5,원천 기능행
REQ-HQ-031,본사·대시보드,결제 전환율,유사연계,"REQ-PAY-017, REQ-PAY-012, REQ-PAY-014, REQ-PAY-034, REQ-PAY-011, REQ-PAY-058","동일 주제권이나 화면/도메인/운영 목적 차이 가능. 관련그룹=결제/수납/분할. 예: REQ-PAY-017 결제 취소/부분환불, REQ-PAY-012 결제링크, REQ-PAY-014 결제/매출, REQ-PAY-034 분할 결제",대상=/; 설명=상담을 진행한 고객 중 실제 결제로 이어진 고객 비율; 계산식=( 결제 완료 고객 수 / 상담진행 고객 수 ) * 100; 목표=95%이상; 연동=영업 / 매출관리,,,대시보드/KPI 요구사항: lastspr/요구리스트관련자료/스포짐요구사항/DashBoard_단계별_KPI_Structure_2026_0127 - 복사본.xlsx::1. 회사 성장 & Team Health_26_0121!R11,1,대시보드/KPI
REQ-HQ-032,본사·대시보드,경로파악 추가,유사연계,"REQ-CLS-032, REQ-SET-010, REQ-CLS-031, REQ-MKT-022, REQ-CLS-009, REQ-FAC-007","동일 주제권이나 화면/도메인/운영 목적 차이 가능. 관련그룹=대시보드/KPI. 예: REQ-CLS-032 만족도 평가, REQ-SET-010 글로벌 검색, REQ-CLS-031 리커버리 존 이용 추적, REQ-MKT-022 실시간 경고/알림 노출","대상=/; 설명=신규 상담 및 가입 회원의 유입 경로(지역, 소개, 온라인 광고 등) 가
CRM에 정확히 입력된 비율. 마케팅 효율 분석을 위한 데이터 신뢰도 지표.; 계산식=유입 경로 입력 완료 건수 ÷ 전체 신규 상담 건수 × 100; 목표=95% 이상; 연동=",,,대시보드/KPI 요구사항: lastspr/요구리스트관련자료/스포짐요구사항/DashBoard_단계별_KPI_Structure_2026_0127 - 복사본.xlsx::1. 회사 성장 & Team Health_26_0121!R13,1,대시보드/KPI
REQ-HQ-033,본사·대시보드,고정/변동 지출 비율,유사연계,"REQ-STF-018, REQ-STF-035, REQ-PAY-060, REQ-STF-020, REQ-STF-036, REQ-STF-025","동일 주제권이나 화면/도메인/운영 목적 차이 가능. 관련그룹=급여/정산/지출. 예: REQ-STF-018 급여/정산/지출, REQ-STF-035 지출 구성 보기, REQ-PAY-060 지점별 매출 귀속, REQ-STF-020 급여 정책·자동 계산",대상=/; 설명=지점 구조적 지출 감지; 계산식=고정비 총액/변동비 총액; 목표=; 연동=,,,대시보드/KPI 요구사항: lastspr/요구리스트관련자료/스포짐요구사항/DashBoard_단계별_KPI_Structure_2026_0127 - 복사본.xlsx::1. 회사 성장 & Team Health_26_0121!R43,1,대시보드/KPI
REQ-HQ-034,본사·대시보드,"권한 기반 세션 제어 
 : 회원권 상태에 따른 PT 진행 권한 자동 관리
실시간 세션 모니터링
 : 진행 중인 모든 PT 세션 실시간 추적
트레이너 성과 대시보드
 : 개별 매출, 세션 수, 고객 만족도 통합 관리
인센티브 시스템
 : 성과 기반 자동 커미션 계산 및 보너스 지급",유사연계,"REQ-STF-054, REQ-STF-004, REQ-STF-027, REQ-STF-031, REQ-STF-028, REQ-CLS-017","동일 주제권이나 화면/도메인/운영 목적 차이 가능. 관련그룹=대시보드/KPI, 권한/역할. 예: REQ-STF-054 회원 앱에는 회원뿐 아니라 트레이너, FC, 스태프 등 여러 역할별 화면과 기능이 존재, REQ-STF-004 BroJ 트레이너별 자동 정산 (HR-006 보완), REQ-STF-027 시스템 구조는 본사, 지점장, 스텝(FC, 트레이너, 골프 강사, 필라테스 강사 등) 권한 기반으로 나뉘며, 권한에 따라 보이는 화면과 기능이 달라지는 형태입니다., REQ-STF-031 인센티브 자동 산출","주요기능=③ 트레이너별 세션·매출 관리로 PT 판매 촉진; 사용자=; 연동=; 효과=; 계획=권한 관리 시스템 개발
트레이너 대시보드 구축
성과 측정 지표 및 인센티브 체계 설계",,,대시보드/KPI 요구사항: lastspr/요구리스트관련자료/스포짐요구사항/DashBoard_단계별_KPI_Structure_2026_0127 - 복사본.xlsx::DX_AX핵심!R46,1,대시보드/KPI
REQ-HQ-035,본사·대시보드,노쇼율,유사연계,"REQ-CLS-019, REQ-RSV-016, REQ-CLS-029, REQ-RSV-015, REQ-RSV-014, REQ-CLS-016","동일 주제권이나 화면/도메인/운영 목적 차이 가능. 관련그룹=대기열/예약제한, 대시보드/KPI, 권한/역할, 자동알림/메시지. 예: REQ-CLS-019 PT 차감/노쇼, REQ-RSV-016 노쇼 패널티 설정, REQ-CLS-029 노쇼·페널티 관리, REQ-RSV-015 노쇼 처리 통합 기준","대상=/; 설명=PT 예약 후 사전 연락 없이 불참(No-show)한 비율. 
트레이너 시간 낭비 및 매출 손실을 측정하는 역지표. 자동화 시스템의 알림 효과를 평가.; 계산식=(노쇼 세션 수 / 전체 예약 세션 수) × 100; 목표=5% 이하; 연동=운영 효율",,,대시보드/KPI 요구사항: lastspr/요구리스트관련자료/스포짐요구사항/DashBoard_단계별_KPI_Structure_2026_0127 - 복사본.xlsx::1. 회사 성장 & Team Health_26_0121!R16,1,대시보드/KPI
REQ-HQ-036,본사·대시보드,당월 재등록률 표시,유사연계,"REQ-MBR-009, REQ-MBR-050, REQ-MBR-001, REQ-HQ-106, REQ-MBR-064, REQ-PAY-046","동일 주제권이나 화면/도메인/운영 목적 차이 가능. 관련그룹=결제/수납/분할, 대시보드/KPI. 예: REQ-MBR-009 PT/재등록 예측 모델, REQ-MBR-050 재등록 추천 플랜 3종, REQ-MBR-001 AI 기반 재등록 타이밍 최적화, REQ-HQ-106 재등록률","Manager App > 지점 대시보드 > 핵심 KPI 대시보드. 해당 월 전체 회원의 재등록률을 자동 계산해 지점 성과 핵심 지표로 보여준다.. Input=회원 재등록 데이터, 만료일, 결제 로그. Output=재등록률 %, 전월 대비 증감, 색상(경고/양호). 대안=",,,스포짐 요구사항: lastspr/요구리스트관련자료/스포짐요구사항/스포짐FG_수정_공유 2025_1228.xlsx::4. (수정)VC 디스크립션!R93,1,스포짐 원천요구
REQ-HQ-037,본사·대시보드,대시보드,유사연계,"REQ-SET-016, REQ-APP-042, REQ-FAC-038, REQ-HQ-143, REQ-HQ-069, REQ-HQ-091","동일 주제권이나 화면/도메인/운영 목적 차이 가능. 관련그룹=대시보드/KPI, 권한/역할. 예: REQ-SET-016 메인 대시보드, REQ-APP-042 회원 홈 대시보드, REQ-FAC-038 시설 현황 대시보드, REQ-HQ-143 홈 대시보드","프로젝트의 핵심 취지는 운영 의사결정용 대시보드. / 본사/대표/회장 레벨에서 볼 통합 대시보드와 지점장용 대시보드는 구분 필요. / 신호등 지표는 green/yellow/red 기준, 점수 합산 방식, 가중치가 필요. / 지점 랭킹은 매출액, 전월 대비 상승률, 손익, 비용 등 어떤 기준으로 볼지 정해야 함. / 최근 활동 히스토리 등 의미가 낮은 항목은 제거 가능. / 스포짐에서 꼭 볼 항목을 정하고, 판도 내부에서 생략할 항목은 생략하는 방향.",,,회의록: lastspr/요구리스트관련자료/회의록/260519.md::L82,1,회의결정/논의
REQ-HQ-038,본사·대시보드,대시보드는 아직 미완성 또는 변동 가능성이 있는 영역으로 확인됨,유사연계,"REQ-SET-016, REQ-APP-042, REQ-FAC-038, REQ-RSV-018, REQ-OPS-030, REQ-CLS-050","동일 주제권이나 화면/도메인/운영 목적 차이 가능. 관련그룹=대시보드/KPI. 예: REQ-SET-016 메인 대시보드, REQ-APP-042 회원 홈 대시보드, REQ-FAC-038 시설 현황 대시보드, REQ-RSV-018 대시보드는 이번 주 안에 우선 고정해서 스포짐 측이 화면을 보고 넣을 것과 뺄 것을 결정해야 다음 일정 지연을 막을 수 있다는 의견이 나왔습니다.",대시보드는 아직 미완성 또는 변동 가능성이 있는 영역으로 확인됨,,,회의록: lastspr/요구리스트관련자료/회의록/260428.md::L43,1,회의결정/논의
REQ-HQ-039,본사·대시보드,"대시보드 범위는 원래 KPI 중심으로 보는 흐름이었지만, 개발 과정에서 필요하면 판도 측이 대시보드 전체를 가져가는 방식으로도 유연하게 조정 가능하다고 했습니다.",유사연계,"REQ-FAC-007, REQ-RSV-018, REQ-OPS-030, REQ-STF-045, REQ-SET-016, REQ-APP-042","동일 주제권이나 화면/도메인/운영 목적 차이 가능. 관련그룹=대시보드/KPI. 예: REQ-FAC-007 개발팀은 우선 피그마와 현재 구현 결과물을 보면서 KPI, IoT 앱, 키오스크 관련 화면을 중심으로 파악하면 작업 속도가 빨라질 것이라는 의견이 나왔습니다., REQ-RSV-018 대시보드는 이번 주 안에 우선 고정해서 스포짐 측이 화면을 보고 넣을 것과 뺄 것을 결정해야 다음 일정 지연을 막을 수 있다는 의견이 나왔습니다., REQ-OPS-030 판도 측에서는 DB 스키마와 API 설계가 먼저 어느 정도 정리되어야 대시보드 개발이 수월하다는 점을 짚었습니다., REQ-STF-045 직원 상세 패널(KPI·실적·일정)","대시보드 범위는 원래 KPI 중심으로 보는 흐름이었지만, 개발 과정에서 필요하면 판도 측이 대시보드 전체를 가져가는 방식으로도 유연하게 조정 가능하다고 했습니다.",,,회의록: lastspr/요구리스트관련자료/회의록/260414.md::L24,1,회의결정/논의
REQ-HQ-040,본사·대시보드,대시보드 상단 액션/환영 배너,유사연계,"REQ-SET-016, REQ-APP-042, REQ-FAC-038, REQ-OPS-030, REQ-RSV-018, REQ-STF-048","동일 주제권이나 화면/도메인/운영 목적 차이 가능. 관련그룹=대시보드/KPI. 예: REQ-SET-016 메인 대시보드, REQ-APP-042 회원 홈 대시보드, REQ-FAC-038 시설 현황 대시보드, REQ-OPS-030 판도 측에서는 DB 스키마와 API 설계가 먼저 어느 정도 정리되어야 대시보드 개발이 수월하다는 점을 짚었습니다.","새로고침, 위젯/회원 클릭, 전체 목록 복귀 등은 UI 액션 버튼으로 이해. / 환영 배너는 관리자 편집/관리 기능 없이 고정 배너로 이해.",,,회의록: lastspr/요구리스트관련자료/회의록/260518.md::L17,1,회의결정/논의
REQ-HQ-041,본사·대시보드,데이터 활용률,독립,,현재 기준 독립 요구사항으로 판단,"대상=/; 설명=CRM 데이터 기반 의사결정 비율. 
AI·DX 전환의 실질적 활용도를 측정. 
90%+ 목표는 데이터 중심 경영 문화의 정착 수준.; 계산식=(데이터 기반 의사결정 건수 / 전체 의사결정 건수) × 100; 목표=90%+; 연동=운영 효율",,,대시보드/KPI 요구사항: lastspr/요구리스트관련자료/스포짐요구사항/DashBoard_단계별_KPI_Structure_2026_0127 - 복사본.xlsx::1. 회사 성장 & Team Health_26_0121!R55,1,대시보드/KPI
REQ-HQ-042,본사·대시보드,"등록 전환율 
(방문 → 등록)",유사연계,"REQ-HQ-108, REQ-MBR-001, REQ-CLS-016, REQ-MBR-003, REQ-STF-010, REQ-GEN-060","동일 주제권이나 화면/도메인/운영 목적 차이 가능. 관련그룹=대시보드/KPI. 예: REQ-HQ-108 재등록 전환율, REQ-MBR-001 AI 기반 재등록 타이밍 최적화, REQ-CLS-016 PT 재구매율 비교, REQ-MBR-003 AI 이탈 예측 및 방지 스크립트",단계=; 계산식=(등록 완료 회원 수 / 방문 완료 DB) × 100; 목표=60-70%; 의미=프리온보딩 최종 성과 지표. 방문 후 실제 등록으로 이어지는 비율로 투어·시설·상담·체험 품질의 종합 평가.,,,대시보드/KPI 요구사항: lastspr/요구리스트관련자료/스포짐요구사항/DashBoard_단계별_KPI_Structure_2026_0127 - 복사본.xlsx::2. 매출관리 & CRM Health!R7,1,대시보드/KPI
REQ-HQ-043,본사·대시보드,- 디지털 회원증 (QR코드 기반 출입),유사연계,"REQ-RSV-008, REQ-MBR-010, REQ-APP-040, REQ-APP-042, REQ-APP-004, REQ-MBR-064","동일 주제권이나 화면/도메인/운영 목적 차이 가능. 관련그룹=결제/수납/분할, 급여/정산/지출, 출입/키오스크/모바일. 예: REQ-RSV-008 QR/바코드 출석, REQ-MBR-010 QR 출입 관리 시스템, REQ-APP-040 통증 기록 입력, REQ-APP-042 회원 홈 대시보드","주요기능=- 디지털 회원증 (QR코드 기반 출입); 사용자=- 모든 회원; 연동=- 예약/스케줄
 - 결제/정산
 - 지능형 회원 관리(CRM); 효과=- 고객 만족도 및 편의성 극대화
 - 브랜드 충성도 및 재등록률 향상
 - 커뮤니티 활성화를 통한 바이럴 효과; 계획=",,,대시보드/KPI 요구사항: lastspr/요구리스트관련자료/스포짐요구사항/DashBoard_단계별_KPI_Structure_2026_0127 - 복사본.xlsx::DX_AX핵심!R96,1,대시보드/KPI
REQ-HQ-044,본사·대시보드,리드 누락률,중복병합,"REQ-SET-016, REQ-CLS-008, REQ-FAC-050, REQ-APP-042, REQ-FAC-038, REQ-MBR-010",동일 또는 사실상 같은 요구를 2개 출처에서 병합. 관련그룹=대시보드/KPI,"대상=/; 설명=신규 리드(상담 요청, 문의) 중 미처리 또는 미응대된 비율. 
신규 유치 기회 손실을 방지하기 위한 품질 관리 지표.; 계산식=(미처리 리드 수 / 전체 리드 수) × 100; 목표=3% 이하; 연동=운영 효율 / 단계=; 계산식=(누락 리드 / 전체 리드) × 100; 목표=3%↓; 의미=CRM 자동화 필요성",,,대시보드/KPI 요구사항: lastspr/요구리스트관련자료/스포짐요구사항/DashBoard_단계별_KPI_Structure_2026_0127 - 복사본.xlsx::1. 회사 성장 & Team Health_26_0121!R8 | 대시보드/KPI 요구사항: lastspr/요구리스트관련자료/스포짐요구사항/DashBoard_단계별_KPI_Structure_2026_0127 - 복사본.xlsx::2. 매출관리 & CRM Health!R15,2,대시보드/KPI
REQ-HQ-045,본사·대시보드,리드 응대 시간,유사연계,"REQ-SET-016, REQ-APP-042, REQ-FAC-038, REQ-MBR-010, REQ-MKT-022, REQ-STF-028","동일 주제권이나 화면/도메인/운영 목적 차이 가능. 관련그룹=대시보드/KPI. 예: REQ-SET-016 메인 대시보드, REQ-APP-042 회원 홈 대시보드, REQ-FAC-038 시설 현황 대시보드, REQ-MBR-010 QR 출입 관리 시스템",단계=; 계산식=(DB 생성 시점 ~ 첫 상담 완료 시점) 평균 시간; 목표=24시간 이내; 의미=신규 DB 응대 속도. 문의 발생 후 첫 접촉까지의 시간으로 리드 누락 및 기회 손실을 최소화하는 지표.,,,대시보드/KPI 요구사항: lastspr/요구리스트관련자료/스포짐요구사항/DashBoard_단계별_KPI_Structure_2026_0127 - 복사본.xlsx::2. 매출관리 & CRM Health!R10,1,대시보드/KPI
REQ-HQ-046,본사·대시보드,- 리드 자동 수집 및 스코어링 (유입 경로별),독립,,현재 기준 독립 요구사항으로 판단,"주요기능=- 리드 자동 수집 및 스코어링 (유입 경로별); 사용자=- 본사 마케팅팀
 - 지점 매니저; 연동=- 지능형 회원 관리(CRM); 효과=- 신규 회원 전환율 15% 향상
 - 재등록률 25% 향상
 - 마케팅 인력의 반복 업무 감소; 계획=",,,대시보드/KPI 요구사항: lastspr/요구리스트관련자료/스포짐요구사항/DashBoard_단계별_KPI_Structure_2026_0127 - 복사본.xlsx::DX_AX핵심!R31,1,대시보드/KPI
REQ-HQ-047,본사·대시보드,리포트 자동 생성,독립,,현재 기준 독립 요구사항으로 판단,"본사관리(FG) / 리포트. 3사 비교: BroJ=×, OnFit=×, LessonBook=△, FitGenie=○. 핏지니 자동 리포트",,"BroJ=×, OnFit=×, LessonBook=△, FitGenie=○",3사앱 기능매트릭스: lastspr/요구리스트관련자료/3사앱 확인/판도/기능매트릭스 비교_v5.xlsx::기능매트릭스!R147,1,원천 기능행
REQ-HQ-048,본사·대시보드,"마케팅 자동화 플랫폼
 : 고객 세그먼트별 자동 캠페인 실행
A/B 테스트 시스템
 : 프로모션 메시지 및 채널별 효과 자동 비교
개인화 엔진
 : 회원 활동 패턴 기반 맞춤형 상품 추천
리타겟팅 시스템
 : 이탈 고객 대상 자동 재방문 유도 캠페인",유사연계,"REQ-MBR-030, REQ-FAC-045, REQ-MBR-001, REQ-MBR-002, REQ-MKT-015, REQ-MKT-029","동일 주제권이나 화면/도메인/운영 목적 차이 가능. 관련그룹=회원등급/세그먼트, 대시보드/KPI, 자동알림/메시지. 예: REQ-MBR-030 세그먼트 자동 판정/조건 빌더, REQ-FAC-045 장비 고장 자동 감지 및 신고, REQ-MBR-001 AI 기반 재등록 타이밍 최적화, REQ-MBR-002 AI 상담 스크립트 실시간 추천","주요기능=② 분기별 프로모션 성과 비교 
 및 자동 맞춤 마케팅; 사용자=; 연동=; 효과=; 계획=마케팅 자동화 도구 도입 및 설정
고객 세그먼테이션, 캠페인 시나리오 구축
성과 측정 대시보드 구축",,,대시보드/KPI 요구사항: lastspr/요구리스트관련자료/스포짐요구사항/DashBoard_단계별_KPI_Structure_2026_0127 - 복사본.xlsx::DX_AX핵심!R38,1,대시보드/KPI
REQ-HQ-049,본사·대시보드,매출 리포트,독립,,현재 기준 독립 요구사항으로 판단,"리포트(FG) / 리포트. 3사 비교: BroJ=○, OnFit=○, LessonBook=○, FitGenie=○. 핏지니 자동 리포트",,"BroJ=○, OnFit=○, LessonBook=○, FitGenie=○",3사앱 기능매트릭스: lastspr/요구리스트관련자료/3사앱 확인/판도/기능매트릭스 비교_v5.xlsx::기능매트릭스!R153,1,원천 기능행
REQ-HQ-050,본사·대시보드,"- 매출 분석 (기간별, 상품별, 회원별, 채널별)",독립,,현재 기준 독립 요구사항으로 판단,"주요기능=- 매출 분석 (기간별, 상품별, 회원별, 채널별); 사용자=- 본사 경영진
 - 지점 매니저; 연동=- 모든 모듈의 데이터를 취합하여 분석; 효과=- 데이터 기반의 성과 평가 및 보상
 - 비효율적인 프로그램 및 상품 식별
 - 미래 매출 및 성장 예측; 계획=",,,대시보드/KPI 요구사항: lastspr/요구리스트관련자료/스포짐요구사항/DashBoard_단계별_KPI_Structure_2026_0127 - 복사본.xlsx::DX_AX핵심!R84,1,대시보드/KPI
REQ-HQ-051,본사·대시보드,"모바일 결제 시스템: 앱 내 원클릭 결제, 자동 갱신
온라인 회원가입: 24시간 언제든 비대면 등록 가능
스마트 업셀링: 결제 시점에 관련 상품 자동 추천
구독 모델 도입: 월 정액제 및 자동 갱신 시스템",유사연계,"REQ-PAY-059, REQ-PAY-061, REQ-PAY-063, REQ-PAY-007, REQ-PAY-011, REQ-PAY-042","동일 주제권이나 화면/도메인/운영 목적 차이 가능. 관련그룹=결제/수납/분할. 예: REQ-PAY-059 제로스트는 CRM 내에서 결제 상태, 회원 정보, 결제 이력, 미수금, 부분 결제, 승인번호 등 계약 범위에 포함된 관리 기능을 처리, REQ-PAY-061 키오스크 결제는 현재 범위에서 제외하는 쪽으로 정리됐고, 결제는 FC 처리와 회원 휴대폰 결제 중심으로 보는 흐름이었습니다., REQ-PAY-063 판도는 결제 처리와 관련 API를 제공, REQ-PAY-007 PG/VAN 결제 자체는 판도 개발팀이 개발하는 것으로 정리","주요기능=③ 온라인 결제 시스템 도입으로 업셀링 활성화; 사용자=; 연동=; 효과=; 계획=결제 게이트웨이 연동 및 보안 인증
모바일 앱 결제 기능 개발
업셀링 알고리즘 구축 및 테스트",,,대시보드/KPI 요구사항: lastspr/요구리스트관련자료/스포짐요구사항/DashBoard_단계별_KPI_Structure_2026_0127 - 복사본.xlsx::DX_AX핵심!R40,1,대시보드/KPI
REQ-HQ-052,본사·대시보드,- 모바일 앱을 통한 실시간 클래스 예약/대기/취소,유사연계,"REQ-CLS-006, REQ-APP-029, REQ-RSV-042, REQ-RSV-023, REQ-MBR-002, REQ-RSV-029","동일 주제권이나 화면/도메인/운영 목적 차이 가능. 관련그룹=결제/수납/분할, 환불/취소, 권한/역할, 급여/정산/지출. 예: REQ-CLS-006 GX 예약/취소, REQ-APP-029 예약 취소·이력, REQ-RSV-042 직원 일간 스케줄 보기, REQ-RSV-023 시간대 추천","주요기능=- 모바일 앱을 통한 실시간 클래스 예약/대기/취소; 사용자=- 지점 매니저
 - 트레이너
 - 회원; 연동=- 지능형 회원 관리(CRM)
 - 결제/정산; 효과=- PT 세션 오차 0% 달성
 - 예약 부도(No-show)율 5% 감소
 - 예약 관리 업무 70% 자동화; 계획=",,,대시보드/KPI 요구사항: lastspr/요구리스트관련자료/스포짐요구사항/DashBoard_단계별_KPI_Structure_2026_0127 - 복사본.xlsx::DX_AX핵심!R65,1,대시보드/KPI
REQ-HQ-053,본사·대시보드,버전 범위,부분포함,,상위 화면의 탭/필터/목록/모달/입력항목으로 포함될 수 있어 화면 단위 검토 필요,1.0은 우선 출시 범위 중심으로 진행. / 회계/정교한 손익 구조 등은 1.5로 우선순위 조정. / 1.0에서는 회계성 입력은 수기 입력 중심으로 가는 방향. / 기능이 되더라도 사용 후 UX를 개선하는 순서가 적절하다는 의견.,,,회의록: lastspr/요구리스트관련자료/회의록/260519.md::L3,1,회의결정/논의
REQ-HQ-054,본사·대시보드,벤치마크 비교,독립,,현재 기준 독립 요구사항으로 판단,"본사관리(FG) / 고급 분석(FG). 3사 비교: BroJ=×, OnFit=×, LessonBook=×, FitGenie=○. 핏지니 비교 막대 + 백분위",,"BroJ=×, OnFit=×, LessonBook=×, FitGenie=○",3사앱 기능매트릭스: lastspr/요구리스트관련자료/3사앱 확인/판도/기능매트릭스 비교_v5.xlsx::기능매트릭스!R151,1,원천 기능행
REQ-HQ-055,본사·대시보드,"본사 계정은 전체 지점 조회 및 관리 기능을 볼 수 있고, 지점 계정은 해당 지점 기준으로 리포트와 데이터를 보도록 설계되어 있다고 설명했습니다.",부분포함,,상위 화면의 탭/필터/목록/모달/입력항목으로 포함될 수 있어 화면 단위 검토 필요,"본사 계정은 전체 지점 조회 및 관리 기능을 볼 수 있고, 지점 계정은 해당 지점 기준으로 리포트와 데이터를 보도록 설계되어 있다고 설명했습니다.",,,회의록: lastspr/요구리스트관련자료/회의록/260414.md::L7,1,회의결정/논의
REQ-HQ-056,본사·대시보드,"본사와 지점은 현재 구조상 함께 관리되지만, 실제 운영에서는 본사도 지점 형태로 설정되어 있는 것으로 설명됐습니다.",독립,,현재 기준 독립 요구사항으로 판단,"본사와 지점은 현재 구조상 함께 관리되지만, 실제 운영에서는 본사도 지점 형태로 설정되어 있는 것으로 설명됐습니다.",,,회의록: lastspr/요구리스트관련자료/회의록/260428.md::L17,1,회의결정/논의
REQ-HQ-057,본사·대시보드,상담 전환 리포트,독립,,현재 기준 독립 요구사항으로 판단,"리포트(FG) / 리포트. 3사 비교: BroJ=×, OnFit=×, LessonBook=×, FitGenie=○. 핏지니 전환율",,"BroJ=×, OnFit=×, LessonBook=×, FitGenie=○",3사앱 기능매트릭스: lastspr/요구리스트관련자료/3사앱 확인/판도/기능매트릭스 비교_v5.xlsx::기능매트릭스!R155,1,원천 기능행
REQ-HQ-058,본사·대시보드,"상담 전환율 
(DB → 방문)",유사연계,"REQ-MBR-027, REQ-CLS-011, REQ-STF-052, REQ-MBR-002, REQ-CLS-017, REQ-STF-021","동일 주제권이나 화면/도메인/운영 목적 차이 가능. 관련그룹=권한/역할. 예: REQ-MBR-027 상담 자동 녹음 및 요약, REQ-CLS-011 OT2 상담 플로우 입력, REQ-STF-052 트레이너 프로필/전문분야, REQ-MBR-002 AI 상담 스크립트 실시간 추천",단계=; 계산식=(방문 완료 DB / 전체 신규 DB) × 100; 목표=40-50%; 의미=프리온보딩 상담 품질 측정. 상담 후 실제 방문/체험으로 이어지는 비율로 FC의 상담 스크립트 및 팔로우업 품질을 평가.,,,대시보드/KPI 요구사항: lastspr/요구리스트관련자료/스포짐요구사항/DashBoard_단계별_KPI_Structure_2026_0127 - 복사본.xlsx::2. 매출관리 & CRM Health!R6,1,대시보드/KPI
REQ-HQ-059,본사·대시보드,상담 후 재방문율,독립,,현재 기준 독립 요구사항으로 판단,"대상=/; 설명=상담 후 7일 / 14일 내 재방문 비율; 계산식=재방문 고객 수 ÷ 상담 완료 고객 수 × 100; 목표=7일 기준 40% 이상 
14일 기준 60% 이상; 연동=CRM/상담관리",,,대시보드/KPI 요구사항: lastspr/요구리스트관련자료/스포짐요구사항/DashBoard_단계별_KPI_Structure_2026_0127 - 복사본.xlsx::1. 회사 성장 & Team Health_26_0121!R10,1,대시보드/KPI
REQ-HQ-060,본사·대시보드,세부 핵심기능,중복병합,,동일 또는 사실상 같은 요구를 6개 출처에서 병합. 관련그룹=-,주요기능=주요 기능; 사용자=사용자; 연동=연동 모듈; 효과=기대 효과; 계획=구체적 실행 계획,,,대시보드/KPI 요구사항: lastspr/요구리스트관련자료/스포짐요구사항/DashBoard_단계별_KPI_Structure_2026_0127 - 복사본.xlsx::DX_AX핵심!R18 | 대시보드/KPI 요구사항: lastspr/요구리스트관련자료/스포짐요구사항/DashBoard_단계별_KPI_Structure_2026_0127 - 복사본.xlsx::DX_AX핵심!R30 | 대시보드/KPI 요구사항: lastspr/요구리스트관련자료/스포짐요구사항/DashBoard_단계별_KPI_Structure_2026_0127 - 복사본.xlsx::DX_AX핵심!R64 | 대시보드/KPI 요구사항: lastspr/요구리스트관련자료/스포짐요구사항/DashBoard_단계별_KPI_Structure_2026_0127 - 복사본.xlsx::DX_AX핵심!R73,6,대시보드/KPI
REQ-HQ-061,본사·대시보드,"세션 자동화
 : QR코드 기반 세션 시작/종료 자동 기록
커미션 자동 계산
 : 실시간 세션 데이터 기반 정확한 커미션 산정
투명한 정산
 : 트레이너가 실시간으로 자신 성과, 수익 확인가능
 분석
 : 개별 트레이너의 매출, 고객 만족도 등 종합 평가",유사연계,"REQ-STF-027, REQ-STF-053, REQ-MBR-031, REQ-STF-052, REQ-STF-054, REQ-CLS-017","동일 주제권이나 화면/도메인/운영 목적 차이 가능. 관련그룹=권한/역할, 급여/정산/지출, 출입/키오스크/모바일. 예: REQ-STF-027 시스템 구조는 본사, 지점장, 스텝(FC, 트레이너, 골프 강사, 필라테스 강사 등) 권한 기반으로 나뉘며, 권한에 따라 보이는 화면과 기능이 달라지는 형태입니다., REQ-STF-053 트레이너 피드백 확인, REQ-MBR-031 세일즈북 자동 업데이트, REQ-STF-052 트레이너 프로필/전문분야",주요기능=⑤ 커미션 오류 방지; 사용자=; 연동=; 효과=(비용 3~5% 절감); 계획=,,,대시보드/KPI 요구사항: lastspr/요구리스트관련자료/스포짐요구사항/DashBoard_단계별_KPI_Structure_2026_0127 - 복사본.xlsx::DX_AX핵심!R59,1,대시보드/KPI
REQ-HQ-062,본사·대시보드,센터별 KPI 목표값,유사연계,"REQ-SET-010, REQ-SET-024, REQ-STF-045, REQ-SET-016, REQ-APP-042, REQ-CLS-012","동일 주제권이나 화면/도메인/운영 목적 차이 가능. 관련그룹=대시보드/KPI. 예: REQ-SET-010 글로벌 검색, REQ-SET-024 알림 센터, REQ-STF-045 직원 상세 패널(KPI·실적·일정), REQ-SET-016 메인 대시보드","본사관리(FG) / 지점 비교. 3사 비교: BroJ=×, OnFit=×, LessonBook=×, FitGenie=○. 핏지니 센터별 목표",,"BroJ=×, OnFit=×, LessonBook=×, FitGenie=○",3사앱 기능매트릭스: lastspr/요구리스트관련자료/3사앱 확인/판도/기능매트릭스 비교_v5.xlsx::기능매트릭스!R144,1,원천 기능행
REQ-HQ-063,본사·대시보드,손익 요약 보기,유사연계,"REQ-MBR-043, REQ-PAY-026, REQ-STF-035, REQ-STF-036, REQ-MBR-027, REQ-STF-022","동일 주제권이나 화면/도메인/운영 목적 차이 가능. 관련그룹=결제/수납/분할, 대시보드/KPI, 급여/정산/지출. 예: REQ-MBR-043 운동 요약 보여주기, REQ-PAY-026 매출 구성 보기, REQ-STF-035 지출 구성 보기, REQ-STF-036 지출 승인 내역 요약","Manager App > 지점 대시보드 > 핵심 KPI 대시보드. 당월 수입/지출 기반으로 요약 손익(매출, 비용, 순이익)을 홈 위젯 형태로 보여준다.. Input=수입/지출 코드, 결제 로그, 인건비, 고정비. Output=손익 요약(매출/지출/순이익), 전월 대비 그래프. 대안=",,,스포짐 요구사항: lastspr/요구리스트관련자료/스포짐요구사항/스포짐FG_수정_공유 2025_1228.xlsx::4. (수정)VC 디스크립션!R99,1,스포짐 원천요구
REQ-HQ-064,본사·대시보드,수업 만족도,독립,,현재 기준 독립 요구사항으로 판단,대상=/; 설명=GX/필라테스 수업 참여 후 회원이 평가한 만족도 점수(5점 만점). 강사 품질 및 프로그램 경쟁력을 측정하여 재참여율과 직결.; 계산식=평균 만족도 = Σ(수업별 평가 점수) / 평가 응답 수; 목표=4.0/5.0+; 연동=CRM/매출,,,대시보드/KPI 요구사항: lastspr/요구리스트관련자료/스포짐요구사항/DashBoard_단계별_KPI_Structure_2026_0127 - 복사본.xlsx::1. 회사 성장 & Team Health_26_0121!R23,1,대시보드/KPI
REQ-HQ-065,본사·대시보드,수업 출석률,독립,,현재 기준 독립 요구사항으로 판단,대상=/GX/필라테스 강사; 설명=GX/필라테스 수업 예약 인원 중 실제 출석한 비율. 프로그램 참여도 및 강사의 수업 매력도를 측정. 시설 가동률 및 회원 활성도와 연계.; 계산식=(출석 인원 / 예약 인원) × 100; 목표=80%+; 연동=운영 효율,,,대시보드/KPI 요구사항: lastspr/요구리스트관련자료/스포짐요구사항/DashBoard_단계별_KPI_Structure_2026_0127 - 복사본.xlsx::1. 회사 성장 & Team Health_26_0121!R22,1,대시보드/KPI
REQ-HQ-066,본사·대시보드,순이익 비교,유사연계,"REQ-CLS-008, REQ-CLS-016, REQ-STF-024, REQ-CLS-012, REQ-PAY-035, REQ-STF-048","동일 주제권이나 화면/도메인/운영 목적 차이 가능. 관련그룹=대시보드/KPI, 급여/정산/지출. 예: REQ-CLS-008 GX 출석률 비교, REQ-CLS-016 PT 재구매율 비교, REQ-STF-024 부서별 운영력 비교, REQ-CLS-012 PT/GX/FC KPI 비교","HQ Dashboard > 전 지점 손익 대시보드 > 손익 메인. 각 지점의 순이익을 계산해 수익성이 높은 지점/낮은 지점을 보여준다.. Input=매출합계, 지출합계, 지점 코드. Output=지점별 순이익, 손익률, 순위. 대안=",,,스포짐 요구사항: lastspr/요구리스트관련자료/스포짐요구사항/스포짐FG_수정_공유 2025_1228.xlsx::4. (수정)VC 디스크립션!R136,1,스포짐 원천요구
REQ-HQ-067,본사·대시보드,순이익 추이 분석,유사연계,"REQ-STF-014, REQ-STF-037, REQ-STF-049, REQ-STF-050, REQ-FAC-039, REQ-STF-004","동일 주제권이나 화면/도메인/운영 목적 차이 가능. 관련그룹=급여/정산/지출. 예: REQ-STF-014 금액 구간별 지출 패턴 분석, REQ-STF-037 직군 구분, REQ-STF-049 트레이너 실적 정산, REQ-STF-050 트레이너 실적 현황","Manager App > 지점 손익 > 손익 추이. 월 단위 손익 변화를 추이 그래프로 제공한다.. Input=월별 매출/지출 데이터. Output=순이익 변화 그래프, 증가/감소 구간 분석. 대안=",,,스포짐 요구사항: lastspr/요구리스트관련자료/스포짐요구사항/스포짐FG_수정_공유 2025_1228.xlsx::4. (수정)VC 디스크립션!R103,1,스포짐 원천요구
REQ-HQ-068,본사·대시보드,순회원 증가율,독립,,현재 기준 독립 요구사항으로 판단,"대상=/; 설명=전월 대비 순회원 수(신규 가입 - 이탈)의 증가 비율. 
회원 기반 성장성을 측정하며, 신규 유치와 이탈 방지의 통합 결과.; 계산식=[(당월 회원 수 - 전월 회원 수) / 전월 회원 수] × 100; 목표=+5% MoM; 연동=CRM/매출",,,대시보드/KPI 요구사항: lastspr/요구리스트관련자료/스포짐요구사항/DashBoard_단계별_KPI_Structure_2026_0127 - 복사본.xlsx::1. 회사 성장 & Team Health_26_0121!R31,1,대시보드/KPI
REQ-HQ-069,본사·대시보드,슈퍼 대시보드,유사연계,"REQ-SET-016, REQ-APP-042, REQ-FAC-038, REQ-HQ-037, REQ-HQ-015, REQ-HQ-016","동일 주제권이나 화면/도메인/운영 목적 차이 가능. 관련그룹=대시보드/KPI. 예: REQ-SET-016 메인 대시보드, REQ-APP-042 회원 홈 대시보드, REQ-FAC-038 시설 현황 대시보드, REQ-HQ-037 대시보드","본사관리(FG) / 본사 대시보드. 3사 비교: BroJ=×, OnFit=×, LessonBook=×, FitGenie=○. 핏지니 본사관리",,"BroJ=×, OnFit=×, LessonBook=×, FitGenie=○",3사앱 기능매트릭스: lastspr/요구리스트관련자료/3사앱 확인/판도/기능매트릭스 비교_v5.xlsx::기능매트릭스!R140,1,원천 기능행
REQ-HQ-070,본사·대시보드,"스마트 리워드 시스템
 : 출석 시마다 1,000원 상당 포인트 자동 적립
등급별 차별화
 : 100만원 이상 회원 대상 프리미엄 혜택
게이미피케이션
 : 출석 스트릭, 도전 과제, 랭킹 시스템 도입
포인트 활용
 : 부가 서비스, 상품 구매, 회원권 연장 등",유사연계,"REQ-MBR-014, REQ-CLS-017, REQ-STF-026, REQ-MBR-007, REQ-FAC-037, REQ-STF-021","동일 주제권이나 화면/도메인/운영 목적 차이 가능. 관련그룹=회원등급/세그먼트, 대시보드/KPI. 예: REQ-MBR-014 내 담당 회원 리스트, REQ-CLS-017 PT 종료 자동 감지 및 재구매 상담 리스트 생성, REQ-STF-026 스케줄 자동 최적화, REQ-MBR-007 LOST 회원 리스트","주요기능=② 출석률 기반 포인트/리워드 제도
 (100만원 이상 회원 대상); 사용자=; 연동=; 효과=; 계획=포인트 시스템 및 등급 체계 설계
모바일 앱 내 리워드 기능 개발
게이미피케이션 요소 추가",,,대시보드/KPI 요구사항: lastspr/요구리스트관련자료/스포짐요구사항/DashBoard_단계별_KPI_Structure_2026_0127 - 복사본.xlsx::DX_AX핵심!R44,1,대시보드/KPI
REQ-HQ-071,본사·대시보드,"스마트 알림 시스템
 : 만료 30일, 14일, 7일, 1일 전 단계별 알림
개인화 혜택 엔진
 : 이용 패턴 기반 맞춤형 할인 및 혜택 자동 생성
재등록 인센티브
 : 조기 재등록 시 추가 혜택 자동 제공
이탈 위험 예측
 : AI 기반 이탈 가능성 분석 및 선제적 관리",유사연계,"REQ-MKT-028, REQ-MBR-001, REQ-STF-001, REQ-MKT-024, REQ-HQ-103, REQ-APP-022","동일 주제권이나 화면/도메인/운영 목적 차이 가능. 관련그룹=자동알림/메시지. 예: REQ-MKT-028 자동알림(이탈위험) 트리거, REQ-MBR-001 AI 기반 재등록 타이밍 최적화, REQ-STF-001 AI 기반 Today Tasks 자동 생성, REQ-MKT-024 위험 분석 및 경고","주요기능=① 만료 전 자동 알림 
 + 혜택 제공으로 재등록률 향상; 사용자=; 연동=; 효과=; 계획=알림 시스템 및 혜택 엔진 개발 
AI 이탈 예측 모델 구축 
개인화 캠페인 시나리오 설계",,,대시보드/KPI 요구사항: lastspr/요구리스트관련자료/스포짐요구사항/DashBoard_단계별_KPI_Structure_2026_0127 - 복사본.xlsx::DX_AX핵심!R43,1,대시보드/KPI
REQ-HQ-072,본사·대시보드,"스마트 예약 시스템
 : AI 기반 최적 스케줄링 및 자동 대기열 관리
실시간 시설 현황판
 : 각 시설별 실시간 이용현황, 예약가능 시간표시
 자동 알림 시스템
 : 예약 확정, 취소, 대기 순번 변동 시 자동 알림
 모바일 앱 통합
 : 회원이 언제든 예약/취소 가능한 모바일 UI",유사연계,"REQ-RSV-009, REQ-FAC-006, REQ-RSV-010, REQ-FAC-004, REQ-MBR-001, REQ-STF-001","동일 주제권이나 화면/도메인/운영 목적 차이 가능. 관련그룹=환불/취소, 대기열/예약제한, 자동알림/메시지. 예: REQ-RSV-009 대기열 관리, REQ-FAC-006 대기열 관리, REQ-RSV-010 대기열/예약 제한, REQ-FAC-004 IoT 출입 관리(게이트·기기·알림)","주요기능=- 클래스 정원 및 예약 가능 인원 자동 통제 
 (중복 예약 방지 및 운영 효율성 향상); 사용자=; 연동=; 효과=; 계획=예약 시스템 개발 및 기존 데이터 연동
모바일 앱 개발 및 테스트
회원 교육 및 점진적 도입",,,대시보드/KPI 요구사항: lastspr/요구리스트관련자료/스포짐요구사항/DashBoard_단계별_KPI_Structure_2026_0127 - 복사본.xlsx::DX_AX핵심!R68,1,대시보드/KPI
REQ-HQ-073,본사·대시보드,"스포짐 실무자 확인이 필요한 경우 기획 파트에서 직접 확인하고, 답변이 지연되면 정성천 대표가 지원하기로 함",유사연계,"REQ-SET-017, REQ-STF-007, REQ-STF-027, REQ-SET-019, REQ-RSV-046, REQ-SET-030","동일 주제권이나 화면/도메인/운영 목적 차이 가능. 관련그룹=권한/역할. 예: REQ-SET-017 미저장 이탈 경고 다이얼로그, REQ-STF-007 FC와 스태프 기능은 모두 범위에 포함하는 쪽으로 정리됐고, 필요한 API는 기능 단위로 구체적으로 정의해서 요청해야 한다는 점이 강조됐습니다., REQ-STF-027 시스템 구조는 본사, 지점장, 스텝(FC, 트레이너, 골프 강사, 필라테스 강사 등) 권한 기반으로 나뉘며, 권한에 따라 보이는 화면과 기능이 달라지는 형태입니다., REQ-SET-019 삭제 확인 다이얼로그","스포짐 실무자 확인이 필요한 경우 기획 파트에서 직접 확인하고, 답변이 지연되면 정성천 대표가 지원하기로 함",,,회의록: lastspr/요구리스트관련자료/회의록/260428.md::L100,1,회의결정/논의
REQ-HQ-074,본사·대시보드,시설 점검률,유사연계,"REQ-FAC-037, REQ-FAC-038, REQ-SET-010, REQ-FAC-022, REQ-SET-016, REQ-APP-017","동일 주제권이나 화면/도메인/운영 목적 차이 가능. 관련그룹=대시보드/KPI, 출입/키오스크/모바일. 예: REQ-FAC-037 시설 점검 체크리스트 자동화, REQ-FAC-038 시설 현황 대시보드, REQ-SET-010 글로벌 검색, REQ-FAC-022 모바일 앱 설정","Manager App > 지점 대시보드 > 핵심 KPI 대시보드. 청결/점검 체크리스트 수행 비율을 계산하여 시설 관리 수준을 보여준다.. Input=점검 체크리스트, QR 인증, 사진 업로드 기록. Output=점검률 %, 미점검 항목 리스트. 대안=",,,스포짐 요구사항: lastspr/요구리스트관련자료/스포짐요구사항/스포짐FG_수정_공유 2025_1228.xlsx::4. (수정)VC 디스크립션!R98,1,스포짐 원천요구
REQ-HQ-075,본사·대시보드,시설 지표 비교,유사연계,"REQ-CLS-008, REQ-CLS-016, REQ-FAC-038, REQ-STF-024, REQ-STF-044, REQ-CLS-012","동일 주제권이나 화면/도메인/운영 목적 차이 가능. 관련그룹=대시보드/KPI, 출입/키오스크/모바일. 예: REQ-CLS-008 GX 출석률 비교, REQ-CLS-016 PT 재구매율 비교, REQ-FAC-038 시설 현황 대시보드, REQ-STF-024 부서별 운영력 비교","HQ Dashboard > 전 지점 KPI 리더보드 > KPI 메인. 청결 인증률, 고장 처리율 등 시설 관련 KPI를 지점별로 비교한다.. Input=QR 체크리스트 수행 로그, 시설 이슈 처리 로그. Output=지점별 시설 점수, 체크리스트 수행률, 지연 처리 건수. 대안=",,,스포짐 요구사항: lastspr/요구리스트관련자료/스포짐요구사항/스포짐FG_수정_공유 2025_1228.xlsx::4. (수정)VC 디스크립션!R132,1,스포짐 원천요구
REQ-HQ-076,본사·대시보드,시설 청결도 점수,독립,,현재 기준 독립 요구사항으로 판단,"대상=/; 설명=시설 청결 상태에 대한 회원 평가 및 점검 체크리스트 종합 점수(5점 만점).
 운영 품질 및 회원 만족도에 직접 영향.; 계산식=(회원 평가 점수 × 0.6 + 점검 체크리스트 점수 × 0.4); 목표=4.5/5.0+; 연동=운영 효율",,,대시보드/KPI 요구사항: lastspr/요구리스트관련자료/스포짐요구사항/DashBoard_단계별_KPI_Structure_2026_0127 - 복사본.xlsx::1. 회사 성장 & Team Health_26_0121!R41,1,대시보드/KPI
REQ-HQ-077,본사·대시보드,시스템 자동화율,독립,,현재 기준 독립 요구사항으로 판단,"대상=/; 설명=전체 업무 프로세스 중 시스템 자동화로 처리되는 비율. 
DX 전환 수준 및 인건비 효율화를 측정. 80%+ 목표는 고도 자동화.; 계산식=(자동화된 업무 프로세스 수 / 전체 업무 프로세스 수) × 100; 목표=80%+; 연동=비용 절감",,,대시보드/KPI 요구사항: lastspr/요구리스트관련자료/스포짐요구사항/DashBoard_단계별_KPI_Structure_2026_0127 - 복사본.xlsx::1. 회사 성장 & Team Health_26_0121!R50,1,대시보드/KPI
REQ-HQ-078,본사·대시보드,신규 30일 정착률,중복병합,"REQ-MKT-027, REQ-STF-045, REQ-CLS-008, REQ-PAY-054, REQ-FAC-050, REQ-STF-023",동일 또는 사실상 같은 요구를 2개 출처에서 병합. 관련그룹=대시보드/KPI,"Manager App > 지점 대시보드 > 핵심 KPI 대시보드. 신규 회원의 30일 내 방문/루틴/OT1·OT2 이행률을 바탕으로 정착률을 계산한다.. Input=신규 회원 플래그, 방문 기록, OT1/OT2 기록, 루틴 이용 로그. Output=정착률 %, 정착 실패 그룹 리스트. 대안= / HQ Dashboard > 전 지점 KPI 리더보드 > KPI 메인. 신규 회원의 30일 정착률을 지점별로 비교한다.. Input=신규 회원 플래그, 30일 내 방문/OT/루틴 데이터. Output=지점별 정착률 %, 평균 대비 편차. 대안=",,,스포짐 요구사항: lastspr/요구리스트관련자료/스포짐요구사항/스포짐FG_수정_공유 2025_1228.xlsx::4. (수정)VC 디스크립션!R94 | 스포짐 요구사항: lastspr/요구리스트관련자료/스포짐요구사항/스포짐FG_수정_공유 2025_1228.xlsx::4. (수정)VC 디스크립션!R129,2,스포짐 원천요구
REQ-HQ-079,본사·대시보드,신규 DB 생성 수,유사연계,"REQ-MKT-027, REQ-STF-001, REQ-CLS-017, REQ-CLS-050, REQ-STF-021, REQ-FAC-023","동일 주제권이나 화면/도메인/운영 목적 차이 가능. 관련그룹=대시보드/KPI. 예: REQ-MKT-027 자동알림(신규) 트리거, REQ-STF-001 AI 기반 Today Tasks 자동 생성, REQ-CLS-017 PT 종료 자동 감지 및 재구매 상담 리스트 생성, REQ-CLS-050 직원 인수인계","단계=프리-온보딩; 계산식=월 신규 문의/상담 DB 생성 건수; 목표=소형: 40-60건, 
중형: 80-120건, 
대형: 150-200건; 의미=프리온보딩 파이프라인 진입 규모. 마케팅 효과와 직원 응대 누락 여부를 측정하는 최상위 유입 지표.",,,대시보드/KPI 요구사항: lastspr/요구리스트관련자료/스포짐요구사항/DashBoard_단계별_KPI_Structure_2026_0127 - 복사본.xlsx::2. 매출관리 & CRM Health!R5,1,대시보드/KPI
REQ-HQ-080,본사·대시보드,신규 등록 전환율,독립,,현재 기준 독립 요구사항으로 판단,단계=; 계산식=(등록자 / 상담자) × 100; 목표=35-40%; 의미=상담 품질 평가,,,대시보드/KPI 요구사항: lastspr/요구리스트관련자료/스포짐요구사항/DashBoard_단계별_KPI_Structure_2026_0127 - 복사본.xlsx::2. 매출관리 & CRM Health!R12,1,대시보드/KPI
REQ-HQ-081,본사·대시보드,신규 유입수,독립,,현재 기준 독립 요구사항으로 판단,"단계=신규 유치 (Acquisition); 계산식=월 신규회원 수; 목표=소형: 20-30명, 
중형: 40-60명, 
대형: 80-120명; 의미=마케팅·영업 효과 
측정",,,대시보드/KPI 요구사항: lastspr/요구리스트관련자료/스포짐요구사항/DashBoard_단계별_KPI_Structure_2026_0127 - 복사본.xlsx::2. 매출관리 & CRM Health!R11,1,대시보드/KPI
REQ-HQ-082,본사·대시보드,신규/재등록 리포트,독립,,현재 기준 독립 요구사항으로 판단,"리포트(FG) / 리포트. 3사 비교: BroJ=△, OnFit=△, LessonBook=△, FitGenie=○. 핏지니 리포트",,"BroJ=△, OnFit=△, LessonBook=△, FitGenie=○",3사앱 기능매트릭스: lastspr/요구리스트관련자료/3사앱 확인/판도/기능매트릭스 비교_v5.xlsx::기능매트릭스!R154,1,원천 기능행
REQ-HQ-083,본사·대시보드,신규 전환율,유사연계,"REQ-MKT-027, REQ-CLS-016, REQ-SET-014, REQ-FAC-045, REQ-STF-052, REQ-STF-010","동일 주제권이나 화면/도메인/운영 목적 차이 가능. 관련그룹=대시보드/KPI, 권한/역할. 예: REQ-MKT-027 자동알림(신규) 트리거, REQ-CLS-016 PT 재구매율 비교, REQ-SET-014 로그아웃(세션 안전 종료), REQ-FAC-045 장비 고장 자동 감지 및 신고","대상=/; 설명=지점 전체의 신규 상담 대비 등록 전환 비율. 
지점의 신규 유치 효율을 측정하며, 전체 FC의 평균 전환율을 집계한 지표.; 계산식=(신규 등록 수 / 신규 상담 수) × 100; 목표=35%+; 연동=CRM/매출",,,대시보드/KPI 요구사항: lastspr/요구리스트관련자료/스포짐요구사항/DashBoard_단계별_KPI_Structure_2026_0127 - 복사본.xlsx::1. 회사 성장 & Team Health_26_0121!R33,1,대시보드/KPI
REQ-HQ-084,본사·대시보드,신규 회원 획득 비용 (CAC),유사연계,"REQ-MBR-033, REQ-MBR-064, REQ-MBR-032, REQ-MBR-073, REQ-MBR-014, REQ-MBR-065","동일 주제권이나 화면/도메인/운영 목적 차이 가능. 관련그룹=회원등급/세그먼트. 예: REQ-MBR-033 신규 등록(잠재) 회원 풀 관리, REQ-MBR-064 회원 등급, REQ-MBR-032 신규/AT-RISK/재등록 탭, REQ-MBR-073 회원 요약 카드","대상=/; 설명=Customer Acquisition Cost. 신규회원 1명 유치에 소요되는 평균 마케팅비용. 
마케팅 효율을 측정하며, LTV와 비교하여 수익성을 평가
(LTV/CAC 비율 3:1 이상 권장).; 계산식=총 마케팅 비용 / 신규 회원 수; 목표=-0.3; 연동=비용 절감",,,대시보드/KPI 요구사항: lastspr/요구리스트관련자료/스포짐요구사항/DashBoard_단계별_KPI_Structure_2026_0127 - 복사본.xlsx::1. 회사 성장 & Team Health_26_0121!R51,1,대시보드/KPI
REQ-HQ-085,본사·대시보드,"실시간 재무 대시보드
 : 일일/월별 손익 현황을 실시간으로 모니터링",유사연계,"REQ-STF-028, REQ-FAC-038, REQ-FAC-029, REQ-SET-016, REQ-APP-042, REQ-OPS-030","동일 주제권이나 화면/도메인/운영 목적 차이 가능. 관련그룹=대시보드/KPI. 예: REQ-STF-028 실시간 업무 부하 모니터링, REQ-FAC-038 시설 현황 대시보드, REQ-FAC-029 사우나 온도 트렌드 모니터링, REQ-SET-016 메인 대시보드","주요기능=- 실시간 매출 현황 (일/주/월, 지점별, 상품별); 사용자=- 본사 경영진
 - 지점 매니저; 연동=- 모든 모듈의 핵심 데이터를 집계하여 시각화; 효과=- 데이터 기반의 신속한 의사결정
 - 문제 발생 시 즉각적인 인지 및 대응
 - 지점별 성과 경쟁 및 동기 부여; 계획=",,,대시보드/KPI 요구사항: lastspr/요구리스트관련자료/스포짐요구사항/DashBoard_단계별_KPI_Structure_2026_0127 - 복사본.xlsx::DX_AX핵심!R8,1,대시보드/KPI
REQ-HQ-086,본사·대시보드,업무일지 자동 생성 및 분석,유사연계,"REQ-MBR-027, REQ-CLS-020, REQ-MBR-031, REQ-STF-001, REQ-FAC-045, REQ-STF-014","동일 주제권이나 화면/도메인/운영 목적 차이 가능. 관련그룹=대시보드/KPI. 예: REQ-MBR-027 상담 자동 녹음 및 요약, REQ-CLS-020 PT 캠페인 성과 분석, REQ-MBR-031 세일즈북 자동 업데이트, REQ-STF-001 AI 기반 Today Tasks 자동 생성",시스템=; KPI=Today Tasks 완료율 (Branch Manager); 효과=직원 업무일지 자동 생성 및 완료 여부 실시간 추적. 매니저가 미완료 Tasks 즉각 확인 및 지원으로 완료율 90%+ 달성; 흐름=업무 실행 → 자동 일지 생성 → 완료 추적 → 매니저 대시보드 → 완료율 측정,,,대시보드/KPI 요구사항: lastspr/요구리스트관련자료/스포짐요구사항/DashBoard_단계별_KPI_Structure_2026_0127 - 복사본.xlsx::3. 시스템 & 운영_비용관리!R17,1,대시보드/KPI
REQ-HQ-087,본사·대시보드,영업이익률,중복병합,"REQ-MBR-031, REQ-FAC-039, REQ-STF-048, REQ-MBR-016, REQ-CLS-008, REQ-PAY-054",동일 또는 사실상 같은 요구를 2개 출처에서 병합. 관련그룹=대시보드/KPI,"대상=/; 설명=매출 대비 영업이익(매출 - 운영비)의 비율. 지점 및 본사의 수익성을 측정. 
매출 증대와 비용 절감의 균형을 평가하는 핵심 재무 지표.; 계산식=(영업이익 / 매출) × 100; 목표=30%+; 연동=비용 절감 / 대상=/; 설명=매출 대비 영업이익(매출 - 운영비)의 비율. 
지점 및 본사의 수익성을 측정. 매출 증대와 비용 절감의 균형을 평가하는 핵심 재무 지표.; 계산식=(영업이익 / 매출) × 100; 목표=+50% 개선; 연동=비용 절감",,,대시보드/KPI 요구사항: lastspr/요구리스트관련자료/스포짐요구사항/DashBoard_단계별_KPI_Structure_2026_0127 - 복사본.xlsx::1. 회사 성장 & Team Health_26_0121!R30 | 대시보드/KPI 요구사항: lastspr/요구리스트관련자료/스포짐요구사항/DashBoard_단계별_KPI_Structure_2026_0127 - 복사본.xlsx::1. 회사 성장 & Team Health_26_0121!R47,2,대시보드/KPI
REQ-HQ-088,본사·대시보드,예측 분석,중복병합,,동일 또는 사실상 같은 요구를 2개 출처에서 병합. 관련그룹=-,"본사관리(FG) / 분석. 3사 비교: BroJ=×, OnFit=△, LessonBook=×, FitGenie=○. 핏지니 통계·추세 회귀 / 시나리오 결과를 표로 비교한다는 설명이 모호함. / 우선 결과 테이블 표시 기준으로 기획을 보완해 전달하기로 함.",,"BroJ=×, OnFit=△, LessonBook=×, FitGenie=○",3사앱 기능매트릭스: lastspr/요구리스트관련자료/3사앱 확인/판도/기능매트릭스 비교_v5.xlsx::기능매트릭스!R148 | 회의록: lastspr/요구리스트관련자료/회의록/260518.md::L73,2,원천 기능행
REQ-HQ-089,본사·대시보드,- 온라인/모바일 간편결제 및 키오스크 결제,유사연계,"REQ-FAC-052, REQ-PAY-013, REQ-PAY-042, REQ-PAY-016, REQ-FAC-053, REQ-PAY-012","동일 주제권이나 화면/도메인/운영 목적 차이 가능. 관련그룹=결제/수납/분할, 출입/키오스크/모바일. 예: REQ-FAC-052 키오스크, REQ-PAY-013 결제링크 발송(자가 결제), REQ-PAY-042 선결제·분할 결제, REQ-PAY-016 결제수단 선택·결제","주요기능=- 온라인/모바일 간편결제 및 키오스크 결제; 사용자=- 본사 회계팀
 - 지점 매니저; 연동=- 지능형 회원 관리(CRM)
 - 예약/스케줄; 효과=- 결제 누락 및 지연 90% 감소 
 - 커미션 계산 오류 0% 달성
 - 월 1,000만원/매장 경리 비용 절감; 계획=",,,대시보드/KPI 요구사항: lastspr/요구리스트관련자료/스포짐요구사항/DashBoard_단계별_KPI_Structure_2026_0127 - 복사본.xlsx::DX_AX핵심!R74,1,대시보드/KPI
REQ-HQ-090,본사·대시보드,온라인 유입 비중,독립,,현재 기준 독립 요구사항으로 판단,단계=; 계산식=(온라인 가입 / 총 가입) × 100; 목표=30%↑; 의미=디지털 마케팅 효과,,,대시보드/KPI 요구사항: lastspr/요구리스트관련자료/스포짐요구사항/DashBoard_단계별_KPI_Structure_2026_0127 - 복사본.xlsx::2. 매출관리 & CRM Health!R13,1,대시보드/KPI
REQ-HQ-091,본사·대시보드,온보딩 대시보드,유사연계,"REQ-SET-016, REQ-APP-042, REQ-FAC-038, REQ-HQ-015, REQ-HQ-016, REQ-HQ-030","동일 주제권이나 화면/도메인/운영 목적 차이 가능. 관련그룹=대시보드/KPI. 예: REQ-SET-016 메인 대시보드, REQ-APP-042 회원 홈 대시보드, REQ-FAC-038 시설 현황 대시보드, REQ-HQ-015 KPI 대시보드(24종)","본사관리(FG) / 온보딩. 3사 비교: BroJ=×, OnFit=×, LessonBook=×, FitGenie=○. 핏지니 신규 회원 정착",,"BroJ=×, OnFit=×, LessonBook=×, FitGenie=○",3사앱 기능매트릭스: lastspr/요구리스트관련자료/3사앱 확인/판도/기능매트릭스 비교_v5.xlsx::기능매트릭스!R145,1,원천 기능행
REQ-HQ-092,본사·대시보드,"옴니채널 통합
 : 모든 문의 채널을 하나의 시스템으로 통합 관리
자동 리드 등록
 : 문의 접수 즉시 CRM에 자동 등록 및 담당자 배정
리마인드 자동화
 : 상담 예약 확정, 1일 전, 2시간 전 자동 알림
노쇼 대응
 : 미방문 시 자동 재예약 유도 및 대안 제시",유사연계,"REQ-MKT-022, REQ-RSV-014, REQ-OPS-017, REQ-MKT-004, REQ-MKT-005, REQ-MKT-016","동일 주제권이나 화면/도메인/운영 목적 차이 가능. 관련그룹=대기열/예약제한, 자동알림/메시지. 예: REQ-MKT-022 실시간 경고/알림 노출, REQ-RSV-014 노쇼 15분 자동 감지 및 알림, REQ-OPS-017 일일 만료 처리·자동 알림 배치, REQ-MKT-004 BroJ 카카오 알림톡 채널 (MKT-001/002 보완)",주요기능=① 상담 누락 방지; 사용자=; 연동=; 효과=(신규등록 전환율 10~15% 향상); 계획=,,,대시보드/KPI 요구사항: lastspr/요구리스트관련자료/스포짐요구사항/DashBoard_단계별_KPI_Structure_2026_0127 - 복사본.xlsx::DX_AX핵심!R53,1,대시보드/KPI
REQ-HQ-093,본사·대시보드,"외주 개발사 **제로스트**, 외주 기획자 **황프로**, 판도플랫폼 **개발팀 및 정성천 대표** 간 킥오프 성격의 회의 진행",유사연계,"REQ-SET-007, REQ-STF-052, REQ-MBR-002, REQ-RSV-046, REQ-STF-001, REQ-CLS-017","동일 주제권이나 화면/도메인/운영 목적 차이 가능. 관련그룹=권한/역할. 예: REQ-SET-007 관리자 프로필·계정 설정, REQ-STF-052 트레이너 프로필/전문분야, REQ-MBR-002 AI 상담 스크립트 실시간 추천, REQ-RSV-046 판도 측은 월요일만 부재하고 화요일과 수요일은 가능하다고 공유했으며, 최종 일정은 대표와 조율 후 다시 안내받는 방향으로 정리됐습니다.","외주 개발사 **제로스트**, 외주 기획자 **황프로**, 판도플랫폼 **개발팀 및 정성천 대표** 간 킥오프 성격의 회의 진행",,,회의록: lastspr/요구리스트관련자료/회의록/260428.md::L27,1,회의결정/논의
REQ-HQ-094,본사·대시보드,월 매출 목표 달성률,유사연계,"REQ-CLS-008, REQ-STF-009, REQ-GEN-036, REQ-CLS-017, REQ-STF-021, REQ-FAC-050","동일 주제권이나 화면/도메인/운영 목적 차이 가능. 관련그룹=대시보드/KPI. 예: REQ-CLS-008 GX 출석률 비교, REQ-STF-009 PT 매출 상위 10명, REQ-GEN-036 오늘의 One-Line 목표 입력, REQ-CLS-017 PT 종료 자동 감지 및 재구매 상담 리스트 생성","대상=지점 (Branch)/Branch Manager; 설명=지점의 월간 매출 목표 대비 실제 달성 비율. 
지점 경영 성과의 최상위 지표로, 전체 직원 KPI의 통합 결과를 반영.; 계산식=(실제 월 매출 / 목표 월 매출) × 100; 목표=100%+; 연동=CRM/매출",,,대시보드/KPI 요구사항: lastspr/요구리스트관련자료/스포짐요구사항/DashBoard_단계별_KPI_Structure_2026_0127 - 복사본.xlsx::1. 회사 성장 & Team Health_26_0121!R29,1,대시보드/KPI
REQ-HQ-095,본사·대시보드,월 방문 빈도,독립,,현재 기준 독립 요구사항으로 판단,단계=; 계산식=월 총 방문 / 활성회원 수; 목표=10-12회; 의미=몰입도 측정,,,대시보드/KPI 요구사항: lastspr/요구리스트관련자료/스포짐요구사항/DashBoard_단계별_KPI_Structure_2026_0127 - 복사본.xlsx::2. 매출관리 & CRM Health!R22,1,대시보드/KPI
REQ-HQ-096,본사·대시보드,월손익(전체) 보기,유사연계,"REQ-STF-035, REQ-MKT-016, REQ-STF-022, REQ-HQ-063, REQ-STF-047, REQ-SET-016","동일 주제권이나 화면/도메인/운영 목적 차이 가능. 관련그룹=회원등급/세그먼트, 대시보드/KPI, 급여/정산/지출. 예: REQ-STF-035 지출 구성 보기, REQ-MKT-016 모든 알림 보기, REQ-STF-022 로그 기록, REQ-HQ-063 손익 요약 보기","Manager App > 지점 손익 > 손익 메인. 지점 전체의 월 단위 매출/지출/순이익을 표시한다.. Input=지출 코드, 매출 로그, PT/LTV 매출 분배, 비용 데이터. Output=월손익 지표, 차트, 전월/전년 비교. 대안=",,,스포짐 요구사항: lastspr/요구리스트관련자료/스포짐요구사항/스포짐FG_수정_공유 2025_1228.xlsx::4. (수정)VC 디스크립션!R100,1,스포짐 원천요구
REQ-HQ-097,본사·대시보드,유지율 (Retention),독립,,현재 기준 독립 요구사항으로 판단,단계=; 계산식=((전월회원 - 이탈) / 전월회원) × 100; 목표=85-90%↑; 의미=유지 능력,,,대시보드/KPI 요구사항: lastspr/요구리스트관련자료/스포짐요구사항/DashBoard_단계별_KPI_Structure_2026_0127 - 복사본.xlsx::2. 매출관리 & CRM Health!R28,1,대시보드/KPI
REQ-HQ-098,본사·대시보드,이탈률,중복병합,"REQ-MKT-028, REQ-MBR-003, REQ-STF-048, REQ-MBR-016, REQ-CLS-008, REQ-PAY-054",동일 또는 사실상 같은 요구를 4개 출처에서 병합. 관련그룹=대시보드/KPI,"대상=/; 설명=회원권 만료 후 재등록하지 않고 이탈한 회원의 비율. 
회원 유지 실패를 측정하는 역지표로, 낮을수록 좋음. 재등록률과 상호 보완적 지표.; 계산식=(이탈 회원 수 / 만료 회원 수) × 100; 목표=15% 이하; 연동=CRM/매출",,,대시보드/KPI 요구사항: lastspr/요구리스트관련자료/스포짐요구사항/DashBoard_단계별_KPI_Structure_2026_0127 - 복사본.xlsx::1. 회사 성장 & Team Health_26_0121!R12 | 대시보드/KPI 요구사항: lastspr/요구리스트관련자료/스포짐요구사항/DashBoard_단계별_KPI_Structure_2026_0127 - 복사본.xlsx::1. 회사 성장 & Team Health_26_0121!R21 | 대시보드/KPI 요구사항: lastspr/요구리스트관련자료/스포짐요구사항/DashBoard_단계별_KPI_Structure_2026_0127 - 복사본.xlsx::1. 회사 성장 & Team Health_26_0121!R28 | 대시보드/KPI 요구사항: lastspr/요구리스트관련자료/스포짐요구사항/DashBoard_단계별_KPI_Structure_2026_0127 - 복사본.xlsx::1. 회사 성장 & Team Health_26_0121!R35,4,대시보드/KPI
REQ-HQ-099,본사·대시보드,이탈률 (Churn),독립,,현재 기준 독립 요구사항으로 판단,단계=; 계산식=(이탈 / 전체 회원) × 100; 목표=3-5%↓; 의미=품질 문제 감지,,,대시보드/KPI 요구사항: lastspr/요구리스트관련자료/스포짐요구사항/DashBoard_단계별_KPI_Structure_2026_0127 - 복사본.xlsx::2. 매출관리 & CRM Health!R30,1,대시보드/KPI
REQ-HQ-100,본사·대시보드,인센티브/피드백 힌트,유사연계,"REQ-STF-030, REQ-STF-031, REQ-STF-053, REQ-SET-016, REQ-MBR-016, REQ-SET-021","동일 주제권이나 화면/도메인/운영 목적 차이 가능. 관련그룹=대시보드/KPI, 권한/역할. 예: REQ-STF-030 인센티브 산출 현황, REQ-STF-031 인센티브 자동 산출, REQ-STF-053 트레이너 피드백 확인, REQ-SET-016 메인 대시보드","Staff App > 직원 KPI > 보상/피드백. 현재 KPI를 기준으로 예상 인센티브 구간, 개선 필요 지표, 지점장 피드백 코멘트(선택)를 보여준다.. Input=직원ID, 인센티브 정책, 누적 KPI, 지점장 입력 피드백(있다면). Output=예상 인센티브 구간 정보, 우선 개선 지표 리스트, 피드백 텍스트. 대안=",,,스포짐 요구사항: lastspr/요구리스트관련자료/스포짐요구사항/스포짐FG_수정_공유 2025_1228.xlsx::4. (수정)VC 디스크립션!R92,1,스포짐 원천요구
REQ-HQ-101,본사·대시보드,일간 KPI 요약 보기,유사연계,"REQ-CLS-012, REQ-STF-045, REQ-MBR-073, REQ-MKT-016, REQ-PAY-054, REQ-STF-036","동일 주제권이나 화면/도메인/운영 목적 차이 가능. 관련그룹=회원등급/세그먼트, 대시보드/KPI. 예: REQ-CLS-012 PT/GX/FC KPI 비교, REQ-STF-045 직원 상세 패널(KPI·실적·일정), REQ-MBR-073 회원 요약 카드, REQ-MKT-016 모든 알림 보기","Staff App > 직원 KPI > 대시보드 요약. Today’s Work 완료율, 재등록 기여, AT-RISK 회수, PT/GX 수행, 시설 점검 완료율 등 핵심 KPI를 일간 기준으로 보여준다.. Input=직원ID, Task 완료 로그, 재등록/AT-RISK/PT/GX/시설 관련 시스템 로그. Output=일간 KPI 지표 값(퍼센트/횟수), 색상/등급 표시. 대안=",,,스포짐 요구사항: lastspr/요구리스트관련자료/스포짐요구사항/스포짐FG_수정_공유 2025_1228.xlsx::4. (수정)VC 디스크립션!R89,1,스포짐 원천요구
REQ-HQ-102,본사·대시보드,자동 생성 Task 리스트,유사연계,"REQ-MBR-005, REQ-MBR-007, REQ-CLS-010, REQ-CLS-017, REQ-STF-010, REQ-MBR-014","동일 주제권이나 화면/도메인/운영 목적 차이 가능. 관련그룹=회원등급/세그먼트, 대시보드/KPI, 권한/역할. 예: REQ-MBR-005 AT-RISK 리스트, REQ-MBR-007 LOST 회원 리스트, REQ-CLS-010 OT1 체크리스트 입력, REQ-CLS-017 PT 종료 자동 감지 및 재구매 상담 리스트 생성","Staff App > Today’s Work > Today’s Work 메인. 역할/스케줄/회원 상태(재등록 D-7, AT-RISK 등)를 기반으로 오늘 수행해야 할 업무 리스트를 자동으로 생성해 보여준다.. Input=직원ID, 역할(FC/PT/GX/운영), 근무 스케줄, 회원 세그먼트(신규/재등록/AT-RISK), 시스템 이벤트(시설 이슈 등). Output=Task 리스트(우선순위/카테고리/마감시간 포함), Task 개수, 미완료 Task 수. 대안=",,,스포짐 요구사항: lastspr/요구리스트관련자료/스포짐요구사항/스포짐FG_수정_공유 2025_1228.xlsx::4. (수정)VC 디스크립션!R67,1,스포짐 원천요구
REQ-HQ-103,본사·대시보드,"자동 알림 시스템
 : 만료 전후 단계별 자동 알림 및 혜택 제공
개인화 쿠폰
 : 이용 패턴 기반 맞춤형 할인 쿠폰 자동 생성
원클릭 재등록
 : 모바일 앱에서 간편한 재등록 프로세스
이탈 예측 모델
 : AI 기반 이탈 위험 회원 사전 식별 및 관리",유사연계,"REQ-MKT-028, REQ-STF-001, REQ-MKT-005, REQ-MKT-026, REQ-MKT-027, REQ-MBR-001","동일 주제권이나 화면/도메인/운영 목적 차이 가능. 관련그룹=자동알림/메시지. 예: REQ-MKT-028 자동알림(이탈위험) 트리거, REQ-STF-001 AI 기반 Today Tasks 자동 생성, REQ-MKT-005 BroJ 자동알림 트리거 전체 목록 (MKT-002 보완), REQ-MKT-026 자동 알림 설정·트리거",주요기능=② 재등록 관리 개선; 사용자=; 연동=; 효과=(재등록율 15~25% 향상); 계획=,,,대시보드/KPI 요구사항: lastspr/요구리스트관련자료/스포짐요구사항/DashBoard_단계별_KPI_Structure_2026_0127 - 복사본.xlsx::DX_AX핵심!R55,1,대시보드/KPI
REQ-HQ-104,본사·대시보드,"자동 정산 시스템
 : 모든 판매 데이터 실시간 자동 집계
통합 재고 관리
 : 상품 입출고 자동 추적 및 알림
POS 시스템 연동
 : 매장 내 모든 판매 데이터 실시간 동기화
매출 대시보드
 : 실시간 매출 현황 및 분석 리포트",유사연계,"REQ-MKT-022, REQ-MKT-028, REQ-MKT-016, REQ-MBR-016, REQ-FAC-038, REQ-STF-050","동일 주제권이나 화면/도메인/운영 목적 차이 가능. 관련그룹=대시보드/KPI, 급여/정산/지출, 자동알림/메시지. 예: REQ-MKT-022 실시간 경고/알림 노출, REQ-MKT-028 자동알림(이탈위험) 트리거, REQ-MKT-016 모든 알림 보기, REQ-MBR-016 데이터 인사이트",주요기능=③ 부가매출 누락 방지; 사용자=; 연동=; 효과=(누락률 5~10% 절감); 계획=,,,대시보드/KPI 요구사항: lastspr/요구리스트관련자료/스포짐요구사항/DashBoard_단계별_KPI_Structure_2026_0127 - 복사본.xlsx::DX_AX핵심!R56,1,대시보드/KPI
REQ-HQ-105,본사·대시보드,자동화 정책 라이브러리,독립,,현재 기준 독립 요구사항으로 판단,"본사관리(FG) / 고급 분석(FG). 3사 비교: BroJ=×, OnFit=×, LessonBook=×, FitGenie=○. 핏지니 정책 세트",,"BroJ=×, OnFit=×, LessonBook=×, FitGenie=○",3사앱 기능매트릭스: lastspr/요구리스트관련자료/3사앱 확인/판도/기능매트릭스 비교_v5.xlsx::기능매트릭스!R149,1,원천 기능행
REQ-HQ-106,본사·대시보드,재등록률,중복병합,"REQ-STF-032, REQ-MBR-009, REQ-MBR-049, REQ-MBR-050, REQ-RSV-006, REQ-MBR-032","동일 또는 사실상 같은 요구를 2개 출처에서 병합. 관련그룹=회원등급/세그먼트, 대시보드/KPI, 권한/역할","대상=/; 설명=지점 전체의 만료 회원 대비 재등록 비율. 
지점의 회원 유지 성과를 측정하며, 전체 FC의 평균 재등록율을 집계한 지표.; 계산식=(재등록 회원 수 / 만료 회원 수) × 100; 목표=50%+; 연동=CRM/매출 / 단계=재구매 & LTV (Renewal); 계산식=(재등록 / 만료회원) × 100; 목표=45-55%↑; 의미=반복 구매 지표",,,대시보드/KPI 요구사항: lastspr/요구리스트관련자료/스포짐요구사항/DashBoard_단계별_KPI_Structure_2026_0127 - 복사본.xlsx::1. 회사 성장 & Team Health_26_0121!R34 | 대시보드/KPI 요구사항: lastspr/요구리스트관련자료/스포짐요구사항/DashBoard_단계별_KPI_Structure_2026_0127 - 복사본.xlsx::2. 매출관리 & CRM Health!R26,2,대시보드/KPI
REQ-HQ-107,본사·대시보드,재등록률 비교,유사연계,"REQ-CLS-008, REQ-CLS-016, REQ-HQ-106, REQ-MBR-001, REQ-STF-024, REQ-CLS-012","동일 주제권이나 화면/도메인/운영 목적 차이 가능. 관련그룹=대시보드/KPI. 예: REQ-CLS-008 GX 출석률 비교, REQ-CLS-016 PT 재구매율 비교, REQ-HQ-106 재등록률, REQ-MBR-001 AI 기반 재등록 타이밍 최적화","HQ Dashboard > 전 지점 KPI 리더보드 > KPI 메인. 지점별 재등록률을 비교해 상위/하위 지점을 색상/랭킹으로 표시한다.. Input=지점별 재등록 데이터, 만료/재등록 로그. Output=지점별 재등록률 %, 랭킹, 편차 시각화. 대안=",,,스포짐 요구사항: lastspr/요구리스트관련자료/스포짐요구사항/스포짐FG_수정_공유 2025_1228.xlsx::4. (수정)VC 디스크립션!R127,1,스포짐 원천요구
REQ-HQ-108,본사·대시보드,재등록 전환율,유사연계,"REQ-STF-032, REQ-MBR-009, REQ-MBR-049, REQ-MBR-050, REQ-MBR-032, REQ-RSV-006","동일 주제권이나 화면/도메인/운영 목적 차이 가능. 관련그룹=회원등급/세그먼트, 대시보드/KPI, 권한/역할. 예: REQ-STF-032 재등록, REQ-MBR-009 PT/재등록 예측 모델, REQ-MBR-049 재등록 대상 자동 추출, REQ-MBR-050 재등록 추천 플랜 3종","대상=/; 설명=회원권 만료 예정 회원 중 재등록으로 전환되는 비율. 
회원 유지 및 LTV 증대의 핵심 지표로, FC의 재등록 상담 역량을 평가.; 계산식=(재등록 회원 수 / 만료 예정 회원 수) × 100; 목표=50%+; 연동=CRM/매출",,,대시보드/KPI 요구사항: lastspr/요구리스트관련자료/스포짐요구사항/DashBoard_단계별_KPI_Structure_2026_0127 - 복사본.xlsx::1. 회사 성장 & Team Health_26_0121!R7,1,대시보드/KPI
REQ-HQ-109,본사·대시보드,재참여율,유사연계,"REQ-CLS-016, REQ-MBR-009, REQ-MBR-049, REQ-MBR-050, REQ-CLS-047, REQ-MBR-033","동일 주제권이나 화면/도메인/운영 목적 차이 가능. 관련그룹=회원등급/세그먼트, 대시보드/KPI. 예: REQ-CLS-016 PT 재구매율 비교, REQ-MBR-009 PT/재등록 예측 모델, REQ-MBR-049 재등록 대상 자동 추출, REQ-MBR-050 재등록 추천 플랜 3종",대상=/; 설명=GX/필라테스 프로그램 종료 후 다시 등록하는 회원의 비율. 프로그램 LTV 및 지속 가능성을 측정. 수업 만족도의 결과 지표.; 계산식=(재등록 회원 수 / 프로그램 종료 회원 수) × 100; 목표=65%+; 연동=CRM/매출,,,대시보드/KPI 요구사항: lastspr/요구리스트관련자료/스포짐요구사항/DashBoard_단계별_KPI_Structure_2026_0127 - 복사본.xlsx::1. 회사 성장 & Team Health_26_0121!R24,1,대시보드/KPI
REQ-HQ-110,본사·대시보드,전사 NPS,유사연계,"REQ-GEN-060, REQ-MBR-016, REQ-CLS-016, REQ-CLS-020, REQ-STF-009, REQ-CLS-012","동일 주제권이나 화면/도메인/운영 목적 차이 가능. 관련그룹=대시보드/KPI. 예: REQ-GEN-060 퇴근 전 One-Line 리플렉션, REQ-MBR-016 데이터 인사이트, REQ-CLS-016 PT 재구매율 비교, REQ-CLS-020 PT 캠페인 성과 분석","대상=/; 설명=전체 지점의 NPS 평균값. 
브랜드 전체의 고객 충성도 및 추천 마케팅 잠재력을 측정. 전사 평판 관리의 핵심 지표.; 계산식=Σ(개별 지점 NPS) / 지점 수; 목표=50+; 연동=CRM/매출",,,대시보드/KPI 요구사항: lastspr/요구리스트관련자료/스포짐요구사항/DashBoard_단계별_KPI_Structure_2026_0127 - 복사본.xlsx::1. 회사 성장 & Team Health_26_0121!R54,1,대시보드/KPI
REQ-HQ-111,본사·대시보드,전 지점 KPI 종합 리더보드,유사연계,"REQ-CLS-012, REQ-STF-045, REQ-GEN-060, REQ-SET-016, REQ-APP-042, REQ-FAC-038","동일 주제권이나 화면/도메인/운영 목적 차이 가능. 관련그룹=회원등급/세그먼트, 대시보드/KPI. 예: REQ-CLS-012 PT/GX/FC KPI 비교, REQ-STF-045 직원 상세 패널(KPI·실적·일정), REQ-GEN-060 퇴근 전 One-Line 리플렉션, REQ-SET-016 메인 대시보드","HQ Dashboard > 전 지점 KPI 리더보드 > KPI 메인. 전 지점의 재등록률, PT 재구매율, 신규 정착률, AT-RISK 회수율, GX 출석률, 시설 지표를 한 화면에 점수화(100점 기준)하여 보여준다.. Input=지점별 KPI 지표(재등록, PT, GX, AT-RISK, 시설 점검률), 지점 코드. Output=지점별 종합 점수(0~100), 순위, 상위/하위 그룹 구분. 대안=",,,스포짐 요구사항: lastspr/요구리스트관련자료/스포짐요구사항/스포짐FG_수정_공유 2025_1228.xlsx::4. (수정)VC 디스크립션!R126,1,스포짐 원천요구
REQ-HQ-112,본사·대시보드,전체 매출 달성율,유사연계,"REQ-HQ-113, REQ-CLS-016, REQ-STF-009, REQ-CLS-017, REQ-STF-021, REQ-CLS-008","동일 주제권이나 화면/도메인/운영 목적 차이 가능. 관련그룹=대시보드/KPI. 예: REQ-HQ-113 전체 매출 성장률, REQ-CLS-016 PT 재구매율 비교, REQ-STF-009 PT 매출 상위 10명, REQ-CLS-017 PT 종료 자동 감지 및 재구매 상담 리스트 생성","대상=/; 설명=본사 전체의 연간 또는 분기 매출 목표 대비 달성 비율. 
전사 경영 목표 달성도를 측정하며, 전체 지점 매출의 합산 지표.; 계산식=(실제 매출 / 목표 매출) × 100; 목표=+40% YoY; 연동=CRM/매출",,,대시보드/KPI 요구사항: lastspr/요구리스트관련자료/스포짐요구사항/DashBoard_단계별_KPI_Structure_2026_0127 - 복사본.xlsx::1. 회사 성장 & Team Health_26_0121!R45,1,대시보드/KPI
REQ-HQ-113,본사·대시보드,전체 매출 성장률,유사연계,"REQ-CLS-008, REQ-HQ-112, REQ-STF-009, REQ-CLS-017, REQ-STF-021, REQ-FAC-050","동일 주제권이나 화면/도메인/운영 목적 차이 가능. 관련그룹=대시보드/KPI. 예: REQ-CLS-008 GX 출석률 비교, REQ-HQ-112 전체 매출 달성율, REQ-STF-009 PT 매출 상위 10명, REQ-CLS-017 PT 종료 자동 감지 및 재구매 상담 리스트 생성",대상=본사 (HQ)/CEO / 회장; 설명=전년 동기 대비 전체 매출 증가율. 기업 성장성을 측정하는 최상위 재무 지표. 투자 유치 및 기업 가치 평가의 핵심.; 계산식=[(당기 매출 - 전년 동기 매출) / 전년 동기 매출] × 100; 목표=+40% YoY; 연동=CRM/매출,,,대시보드/KPI 요구사항: lastspr/요구리스트관련자료/스포짐요구사항/DashBoard_단계별_KPI_Structure_2026_0127 - 복사본.xlsx::1. 회사 성장 & Team Health_26_0121!R44,1,대시보드/KPI
REQ-HQ-114,본사·대시보드,전체 회원 LTV,유사연계,"REQ-MBR-008, REQ-MBR-064, REQ-MBR-072, REQ-MBR-073, REQ-APP-042, REQ-MBR-014","동일 주제권이나 화면/도메인/운영 목적 차이 가능. 관련그룹=결제/수납/분할, 회원등급/세그먼트, 대시보드/KPI. 예: REQ-MBR-008 LTV 변화 추이, REQ-MBR-064 회원 등급, REQ-MBR-072 회원 상세 탭, REQ-MBR-073 회원 요약 카드","대상=/; 설명=Lifetime Value. 회원 1인이 생애 동안 창출하는 평균 매출. 
장기 매출 예측 및 마케팅 투자 효율의 기준 지표.; 계산식=(평균 월 결제액 × 평균 회원 유지 개월 수) - 평균 획득 비용(CAC); 목표=0.4; 연동=CRM/매출",,,대시보드/KPI 요구사항: lastspr/요구리스트관련자료/스포짐요구사항/DashBoard_단계별_KPI_Structure_2026_0127 - 복사본.xlsx::1. 회사 성장 & Team Health_26_0121!R49,1,대시보드/KPI
REQ-HQ-115,본사·대시보드,"제휴사 연동 플랫폼
 : API 기반 실시간 상품 정보 및 재고 연동
모바일 쇼핑몰
 : 앱 내 통합 쇼핑 기능으로 언제든 구매 가능
개인화 추천
 : 운동 패턴 및 구매 이력 기반 맞춤 상품 추천
자동 재주문
 : 정기 구매 상품 자동 주문 및 배송 시스템",독립,,현재 기준 독립 요구사항으로 판단,"주요기능=① 스포짐 제휴사·협찬사 연동 통한 
 부가상품 판매 채널 확장; 사용자=; 연동=; 효과=; 계획=제휴사 API 연동 및 상품 DB 구축
모바일 쇼핑 기능 개발
추천 알고리즘 구축 및 테스트",,,대시보드/KPI 요구사항: lastspr/요구리스트관련자료/스포짐요구사항/DashBoard_단계별_KPI_Structure_2026_0127 - 복사본.xlsx::DX_AX핵심!R49,1,대시보드/KPI
REQ-HQ-116,본사·대시보드,주간/월간 KPI 트렌드,유사연계,"REQ-CLS-012, REQ-FAC-029, REQ-STF-045, REQ-MBR-003, REQ-CLS-017, REQ-STF-048","동일 주제권이나 화면/도메인/운영 목적 차이 가능. 관련그룹=대시보드/KPI. 예: REQ-CLS-012 PT/GX/FC KPI 비교, REQ-FAC-029 사우나 온도 트렌드 모니터링, REQ-STF-045 직원 상세 패널(KPI·실적·일정), REQ-MBR-003 AI 이탈 예측 및 방지 스크립트","Staff App > 직원 KPI > 대시보드 요약. 주간/월간 단위로 KPI 추이를 그래프로 보여주고, 개선/악화 구간을 표시한다.. Input=직원ID, 기간별 KPI 집계 데이터. Output=트렌드 차트 데이터, 구간별 평균/최고/최저 값. 대안=",,,스포짐 요구사항: lastspr/요구리스트관련자료/스포짐요구사항/스포짐FG_수정_공유 2025_1228.xlsx::4. (수정)VC 디스크립션!R90,1,스포짐 원천요구
REQ-HQ-117,본사·대시보드,지점 KPI 상세 보기,유사연계,"REQ-CLS-012, REQ-STF-045, REQ-STF-009, REQ-MBR-001, REQ-MBR-002, REQ-CLS-017","동일 주제권이나 화면/도메인/운영 목적 차이 가능. 관련그룹=대시보드/KPI. 예: REQ-CLS-012 PT/GX/FC KPI 비교, REQ-STF-045 직원 상세 패널(KPI·실적·일정), REQ-STF-009 PT 매출 상위 10명, REQ-MBR-001 AI 기반 재등록 타이밍 최적화","HQ Dashboard > 전 지점 KPI 리더보드 > KPI 상세. 특정 지점을 선택하면 해당 지점의 KPI 상세(재등록, PT, GX, 시설 등)를 드릴다운한다.. Input=지점 ID, 기간, 지점별 KPI 데이터. Output=지점별 KPI 상세 표/그래프, 문제·강점 영역 태깅. 대안=",,,스포짐 요구사항: lastspr/요구리스트관련자료/스포짐요구사항/스포짐FG_수정_공유 2025_1228.xlsx::4. (수정)VC 디스크립션!R133,1,스포짐 원천요구
REQ-HQ-118,본사·대시보드,지점별 매출 비교,유사연계,"REQ-CLS-008, REQ-HQ-120, REQ-CLS-016, REQ-STF-024, REQ-STF-036, REQ-STF-009","동일 주제권이나 화면/도메인/운영 목적 차이 가능. 관련그룹=대시보드/KPI. 예: REQ-CLS-008 GX 출석률 비교, REQ-HQ-120 지점별 지출 비교, REQ-CLS-016 PT 재구매율 비교, REQ-STF-024 부서별 운영력 비교","HQ Dashboard > 전 지점 손익 대시보드 > 손익 메인. 모든 지점의 월간 매출을 비교하여 그래프/테이블로 보여준다.. Input=지점별 매출 로그, 계정 코드, 기간. Output=지점별 매출 금액, 순위, 평균 대비 증감. 대안=",,,스포짐 요구사항: lastspr/요구리스트관련자료/스포짐요구사항/스포짐FG_수정_공유 2025_1228.xlsx::4. (수정)VC 디스크립션!R134,1,스포짐 원천요구
REQ-HQ-119,본사·대시보드,지점별 성과 편차,유사연계,"REQ-STF-021, REQ-STF-023, REQ-CLS-020, REQ-CLS-017, REQ-STF-024, REQ-STF-036","동일 주제권이나 화면/도메인/운영 목적 차이 가능. 관련그룹=대시보드/KPI. 예: REQ-STF-021 담당자별 성과, REQ-STF-023 미션 기반 성과 측정, REQ-CLS-020 PT 캠페인 성과 분석, REQ-CLS-017 PT 종료 자동 감지 및 재구매 상담 리스트 생성","대상=/; 설명=전체 지점 간 매출 또는 영업이익률의 표준편차. 
지점 간 균형 성장 및 약점 지점 식별을 위한 분산 관리 지표.; 계산식=표준편차(σ) = √[Σ(개별 지점 성과 - 평균 성과)² / 지점 수]; 목표=표준편차 20% 이하; 연동=운영 효율",,,대시보드/KPI 요구사항: lastspr/요구리스트관련자료/스포짐요구사항/DashBoard_단계별_KPI_Structure_2026_0127 - 복사본.xlsx::1. 회사 성장 & Team Health_26_0121!R48,1,대시보드/KPI
REQ-HQ-120,본사·대시보드,지점별 지출 비교,유사연계,"REQ-PAY-060, REQ-CLS-008, REQ-HQ-118, REQ-STF-024, REQ-STF-014, REQ-STF-018","동일 주제권이나 화면/도메인/운영 목적 차이 가능. 관련그룹=대시보드/KPI, 급여/정산/지출. 예: REQ-PAY-060 지점별 매출 귀속, REQ-CLS-008 GX 출석률 비교, REQ-HQ-118 지점별 매출 비교, REQ-STF-024 부서별 운영력 비교","HQ Dashboard > 전 지점 손익 대시보드 > 손익 메인. 인건비/운영비/임대료/세금 등 지출을 지점별로 비교한다.. Input=지출 코드, 결재/정산 내역, 지점 코드. Output=지점별 지출 금액, 카테고리별 비율. 대안=",,,스포짐 요구사항: lastspr/요구리스트관련자료/스포짐요구사항/스포짐FG_수정_공유 2025_1228.xlsx::4. (수정)VC 디스크립션!R135,1,스포짐 원천요구
REQ-HQ-121,본사·대시보드,지점별 평균 결재 시간,유사연계,"REQ-MKT-022, REQ-STF-028, REQ-MBR-002, REQ-CLS-017, REQ-CLS-032, REQ-STF-021","동일 주제권이나 화면/도메인/운영 목적 차이 가능. 관련그룹=대시보드/KPI. 예: REQ-MKT-022 실시간 경고/알림 노출, REQ-STF-028 실시간 업무 부하 모니터링, REQ-MBR-002 AI 상담 스크립트 실시간 추천, REQ-CLS-017 PT 종료 자동 감지 및 재구매 상담 리스트 생성","HQ Dashboard > 전자결재 대시보드 > 결재 통계. 지점별 전자결재 평균 처리 시간(요청→최종 승인)을 계산한다.. Input=요청일/승인일, 지점 코드, 문서 ID. Output=지점별 평균 결재 시간, SLA 초과 지점 표시. 대안=",,,스포짐 요구사항: lastspr/요구리스트관련자료/스포짐요구사항/스포짐FG_수정_공유 2025_1228.xlsx::4. (수정)VC 디스크립션!R153,1,스포짐 원천요구
REQ-HQ-122,본사·대시보드,지점 성과 리포트,독립,,현재 기준 독립 요구사항으로 판단,"본사관리(FG) / 지점 비교. 3사 비교: BroJ=×, OnFit=×, LessonBook=×, FitGenie=○. 핏지니 지점간 비교",,"BroJ=×, OnFit=×, LessonBook=×, FitGenie=○",3사앱 기능매트릭스: lastspr/요구리스트관련자료/3사앱 확인/판도/기능매트릭스 비교_v5.xlsx::기능매트릭스!R143,1,원천 기능행
REQ-HQ-123,본사·대시보드,지점 타입별 평균 비교,유사연계,"REQ-STF-024, REQ-CLS-008, REQ-CLS-016, REQ-CLS-012, REQ-HQ-118, REQ-HQ-120","동일 주제권이나 화면/도메인/운영 목적 차이 가능. 관련그룹=대시보드/KPI. 예: REQ-STF-024 부서별 운영력 비교, REQ-CLS-008 GX 출석률 비교, REQ-CLS-016 PT 재구매율 비교, REQ-CLS-012 PT/GX/FC KPI 비교","HQ Dashboard > 전 지점 손익 대시보드 > 타입별 비교. 지점 타입(대형/중형/소형, 상권 분류 등)별로 매출/순이익/손익률 평균을 비교한다.. Input=지점 타입 메타데이터, 손익 데이터. Output=타입별 평균 손익지표, 개별 지점 편차, 색상 하이라이트. 대안=",,,스포짐 요구사항: lastspr/요구리스트관련자료/스포짐요구사항/스포짐FG_수정_공유 2025_1228.xlsx::4. (수정)VC 디스크립션!R138,1,스포짐 원천요구
REQ-HQ-124,본사·대시보드,지표별 상세 Breakdown,유사연계,"REQ-MKT-002, REQ-STF-045, REQ-MKT-019, REQ-STF-044, REQ-MBR-005, REQ-STF-008","동일 주제권이나 화면/도메인/운영 목적 차이 가능. 관련그룹=회원등급/세그먼트, 대시보드/KPI. 예: REQ-MKT-002 BroJ POTENTIAL 회원 CRM (MKT-004 보완), REQ-STF-045 직원 상세 패널(KPI·실적·일정), REQ-MKT-019 상담 관리 (CRM), REQ-STF-044 직원별 실행력 지표","Staff App > 직원 KPI > 세부 KPI. 재등록률, PT 전환률, OT1/OT2 완료율, AT-RISK 회수율, 시설 점검 수행률 등 지표를 목록으로 상세히 보여준다.. Input=직원ID, KPI 정의 마스터, 지표별 원천 로그(재등록, PT, 시설 등). Output=지표별 상세 값, 지표 설명, 목표 대비 달성률. 대안=",,,스포짐 요구사항: lastspr/요구리스트관련자료/스포짐요구사항/스포짐FG_수정_공유 2025_1228.xlsx::4. (수정)VC 디스크립션!R91,1,스포짐 원천요구
REQ-HQ-125,본사·대시보드,직원 생산성 지수,중복병합,,동일 또는 사실상 같은 요구를 2개 출처에서 병합. 관련그룹=-,"대상=/; 설명=직원 1인당 관리 회원 수 및 창출 매출을 종합한 생산성 지수. 
인력 효율 및 확장 가능성을 측정. +150% 목표는 자동화 시스템 기여.; 계산식=(직원 1인당 담당 회원 수 × 평균 회원 ARPU) / 직원 1인당 인건비; 목표=1.5; 연동=운영 효율",,,대시보드/KPI 요구사항: lastspr/요구리스트관련자료/스포짐요구사항/DashBoard_단계별_KPI_Structure_2026_0127 - 복사본.xlsx::1. 회사 성장 & Team Health_26_0121!R40 | 대시보드/KPI 요구사항: lastspr/요구리스트관련자료/스포짐요구사항/DashBoard_단계별_KPI_Structure_2026_0127 - 복사본.xlsx::1. 회사 성장 & Team Health_26_0121!R53,2,대시보드/KPI
REQ-HQ-126,본사·대시보드,직원 평균 KPI 달성률,유사연계,"REQ-STF-045, REQ-CLS-012, REQ-STF-038, REQ-STF-040, REQ-STF-043, REQ-CLS-050","동일 주제권이나 화면/도메인/운영 목적 차이 가능. 관련그룹=대시보드/KPI, 권한/역할. 예: REQ-STF-045 직원 상세 패널(KPI·실적·일정), REQ-CLS-012 PT/GX/FC KPI 비교, REQ-STF-038 직원 관리, REQ-STF-040 직원/급여","대상=/; 설명=지점 소속 전체 직원(FC, PT, GX)의 개별 KPI 달성률 평균. 
지점의 인력 생산성 및 팀 성과를 측정하는 통합 지표.; 계산식=Σ(개별 직원 KPI 달성률) / 직원 수; 목표=85%+; 연동=운영 효율",,,대시보드/KPI 요구사항: lastspr/요구리스트관련자료/스포짐요구사항/DashBoard_단계별_KPI_Structure_2026_0127 - 복사본.xlsx::1. 회사 성장 & Team Health_26_0121!R37,1,대시보드/KPI
REQ-HQ-127,본사·대시보드,첫 30일 만족도,독립,,현재 기준 독립 요구사항으로 판단,단계=; 계산식=5점 척도 평균; 목표=4.0↑; 의미=초기 만족 측정,,,대시보드/KPI 요구사항: lastspr/요구리스트관련자료/스포짐요구사항/DashBoard_단계별_KPI_Structure_2026_0127 - 복사본.xlsx::2. 매출관리 & CRM Health!R20,1,대시보드/KPI
REQ-HQ-128,본사·대시보드,첫 방문 전환율,독립,,현재 기준 독립 요구사항으로 판단,단계=; 계산식=(가입 / 투어 참여) × 100; 목표=70%↑; 의미=센터 첫인상 평가,,,대시보드/KPI 요구사항: lastspr/요구리스트관련자료/스포짐요구사항/DashBoard_단계별_KPI_Structure_2026_0127 - 복사본.xlsx::2. 매출관리 & CRM Health!R14,1,대시보드/KPI
REQ-HQ-129,본사·대시보드,첫주 PT 체험 참여율,독립,,현재 기준 독립 요구사항으로 판단,단계=; 계산식=(PT 체험 완료 / 신규회원) × 100; 목표=70-80%; 의미=PT 전환 첫 단계,,,대시보드/KPI 요구사항: lastspr/요구리스트관련자료/스포짐요구사항/DashBoard_단계별_KPI_Structure_2026_0127 - 복사본.xlsx::2. 매출관리 & CRM Health!R17,1,대시보드/KPI
REQ-HQ-130,본사·대시보드,초기 30일 이탈률,독립,,현재 기준 독립 요구사항으로 판단,단계=; 계산식=(30일 내 이탈 / 신규회원) × 100; 목표=10-15%↓; 의미=적응 실패 측정,,,대시보드/KPI 요구사항: lastspr/요구리스트관련자료/스포짐요구사항/DashBoard_단계별_KPI_Structure_2026_0127 - 복사본.xlsx::2. 매출관리 & CRM Health!R18,1,대시보드/KPI
REQ-HQ-131,본사·대시보드,초기 7일 이용률,유사연계,"REQ-PAY-054, REQ-CLS-031, REQ-MBR-031, REQ-MBR-001, REQ-STF-048, REQ-MBR-016","동일 주제권이나 화면/도메인/운영 목적 차이 가능. 관련그룹=대시보드/KPI. 예: REQ-PAY-054 일일 이용 계약서, REQ-CLS-031 리커버리 존 이용 추적, REQ-MBR-031 세일즈북 자동 업데이트, REQ-MBR-001 AI 기반 재등록 타이밍 최적화",단계=신규 안정 (Activation); 계산식=(7일 내 2회↑ 방문 / 신규회원) × 100; 목표=70%↑; 의미=초기 정착 지표,,,대시보드/KPI 요구사항: lastspr/요구리스트관련자료/스포짐요구사항/DashBoard_단계별_KPI_Structure_2026_0127 - 복사본.xlsx::2. 매출관리 & CRM Health!R16,1,대시보드/KPI
REQ-HQ-132,본사·대시보드,출석/예약 리포트,독립,,현재 기준 독립 요구사항으로 판단,"리포트(FG) / 리포트. 3사 비교: BroJ=○, OnFit=○, LessonBook=○, FitGenie=○. 핏지니 리포트",,"BroJ=○, OnFit=○, LessonBook=○, FitGenie=○",3사앱 기능매트릭스: lastspr/요구리스트관련자료/3사앱 확인/판도/기능매트릭스 비교_v5.xlsx::기능매트릭스!R156,1,원천 기능행
REQ-HQ-133,본사·대시보드,커스텀 대시보드 빌더,유사연계,"REQ-SET-016, REQ-APP-042, REQ-FAC-038, REQ-SET-010, REQ-SET-024, REQ-HQ-015","동일 주제권이나 화면/도메인/운영 목적 차이 가능. 관련그룹=대시보드/KPI. 예: REQ-SET-016 메인 대시보드, REQ-APP-042 회원 홈 대시보드, REQ-FAC-038 시설 현황 대시보드, REQ-SET-010 글로벌 검색","본사관리(FG) / 고급 분석(FG). 3사 비교: BroJ=×, OnFit=×, LessonBook=×, FitGenie=○. 핏지니 위젯 DnD",,"BroJ=×, OnFit=×, LessonBook=×, FitGenie=○",3사앱 기능매트릭스: lastspr/요구리스트관련자료/3사앱 확인/판도/기능매트릭스 비교_v5.xlsx::기능매트릭스!R150,1,원천 기능행
REQ-HQ-134,본사·대시보드,클레임 방생률,유사연계,"REQ-STF-048, REQ-CLS-008, REQ-FAC-023, REQ-FAC-050, REQ-MBR-003, REQ-STF-001","동일 주제권이나 화면/도메인/운영 목적 차이 가능. 관련그룹=대시보드/KPI. 예: REQ-STF-048 트레이너 OT, REQ-CLS-008 GX 출석률 비교, REQ-FAC-023 민원 발생 트래킹, REQ-FAC-050 청소 인증률 분석","대상=/; 설명=지점 월 클레임 건수 / 활성 회원수 조사
지점 운영 품질 및 CS 지표 확인; 계산식=지점 월 클레임 건수 / 활성 회원수; 목표=; 연동=",,,대시보드/KPI 요구사항: lastspr/요구리스트관련자료/스포짐요구사항/DashBoard_단계별_KPI_Structure_2026_0127 - 복사본.xlsx::1. 회사 성장 & Team Health_26_0121!R42,1,대시보드/KPI
REQ-HQ-135,본사·대시보드,"통합 ERP 시스템 도입
 : 회계, 재고, 인사, 급여를 하나의 시스템으로 통합
자동 전표 생성
 : 매출, 비용 발생 시 자동으로 회계 전표 생성
클라우드 기반 시스템
 : 본사와 지점 간 실시간 데이터 동기화",유사연계,"REQ-STF-020, REQ-CLS-003, REQ-FAC-039, REQ-STF-018, REQ-STF-017, REQ-STF-016","동일 주제권이나 화면/도메인/운영 목적 차이 가능. 관련그룹=급여/정산/지출. 예: REQ-STF-020 급여 정책·자동 계산, REQ-CLS-003 BroJ 급여정책 3요소 공식(기본급+수업단가+수업료%) (HR-005 보완), REQ-FAC-039 오프라인 운영 데이터 통합, REQ-STF-018 급여/정산/지출","주요기능=- 경리 프로그램 통합; 사용자=; 연동=; 효과=; 계획=1단계: 기존 회계 데이터 마이그레이션 
2단계: 통합 시스템 구축 및 테스트
3단계: 직원 교육 및 전면 도입",,,대시보드/KPI 요구사항: lastspr/요구리스트관련자료/스포짐요구사항/DashBoard_단계별_KPI_Structure_2026_0127 - 복사본.xlsx::DX_AX핵심!R13,1,대시보드/KPI
REQ-HQ-136,본사·대시보드,통합 ROI,유사연계,"REQ-FAC-039, REQ-STF-008, REQ-GEN-036, REQ-GEN-060, REQ-STF-048, REQ-MBR-010","동일 주제권이나 화면/도메인/운영 목적 차이 가능. 관련그룹=대시보드/KPI. 예: REQ-FAC-039 오프라인 운영 데이터 통합, REQ-STF-008 One-Line 패턴 분석, REQ-GEN-036 오늘의 One-Line 목표 입력, REQ-GEN-060 퇴근 전 One-Line 리플렉션","대상=/; 설명=전체 시스템 투자 대비 수익 비율. 
DX·AI 전환 프로젝트의 투자 효과를 측정하는 핵심 지표. 
4,000%+ 목표는 배지·포인트 시스템 등 통합 효과.; 계산식=[(총 수익 - 총 투자 비용) / 총 투자 비용] × 100; 목표=4,000%+; 연동=CRM/매출",,,대시보드/KPI 요구사항: lastspr/요구리스트관련자료/스포짐요구사항/DashBoard_단계별_KPI_Structure_2026_0127 - 복사본.xlsx::1. 회사 성장 & Team Health_26_0121!R46,1,대시보드/KPI
REQ-HQ-137,본사·대시보드,"통합 리드 관리 시스템
 : 모든 채널의 문의를 하나의 시스템으로 통합
자동 유입 경로 태깅
 : 간판, 인터넷, 전단지, 추천 등 자동 분류
리드 스코어링
 : 문의 내용과 행동 패턴 기반 우선순위 자동 배정
자동 후속 조치
 : 미응답 문의에 대한 자동 리마인드 및 대안 제시",독립,,현재 기준 독립 요구사항으로 판단,"주요기능=① 문의 자동 관리로 상담 누락 방지; 사용자=; 연동=; 효과=; 계획=통합 CRM 시스템 구축
각 채널별 API 연동 및 자동화 설정
직원 교육 및 프로세스 정착",,,대시보드/KPI 요구사항: lastspr/요구리스트관련자료/스포짐요구사항/DashBoard_단계별_KPI_Structure_2026_0127 - 복사본.xlsx::DX_AX핵심!R37,1,대시보드/KPI
REQ-HQ-138,본사·대시보드,트레이너 실적 리포트,유사연계,"REQ-CLS-053, REQ-STF-049, REQ-STF-050, REQ-SET-035, REQ-SET-036, REQ-STF-048","동일 주제권이나 화면/도메인/운영 목적 차이 가능. 관련그룹=대시보드/KPI, 권한/역할. 예: REQ-CLS-053 트레이너 실적, REQ-STF-049 트레이너 실적 정산, REQ-STF-050 트레이너 실적 현황, REQ-SET-035 활동/감사 로그","리포트(FG) / 리포트. 3사 비교: BroJ=△, OnFit=△, LessonBook=△, FitGenie=○. 핏지니 트레이너 KPI",,"BroJ=△, OnFit=△, LessonBook=△, FitGenie=○",3사앱 기능매트릭스: lastspr/요구리스트관련자료/3사앱 확인/판도/기능매트릭스 비교_v5.xlsx::기능매트릭스!R157,1,원천 기능행
REQ-HQ-139,본사·대시보드,평균 출석률,독립,,현재 기준 독립 요구사항으로 판단,"대상=/; 설명=회원 1인당 주간 평균 방문 횟수. 
시설 가동률 및 회원 참여도를 측정. 높을수록 회원 만족도 및 재등록률 향상.; 계산식=전체 주간 출석 횟수 / 전체 회원 수; 목표=3회/주+; 연동=운영 효율",,,대시보드/KPI 요구사항: lastspr/요구리스트관련자료/스포짐요구사항/DashBoard_단계별_KPI_Structure_2026_0127 - 복사본.xlsx::1. 회사 성장 & Team Health_26_0121!R36,1,대시보드/KPI
REQ-HQ-140,본사·대시보드,프로그램별 이용률 대시보드,유사연계,"REQ-SET-016, REQ-APP-042, REQ-FAC-038, REQ-CLS-009, REQ-PAY-054, REQ-CLS-031","동일 주제권이나 화면/도메인/운영 목적 차이 가능. 관련그룹=대시보드/KPI. 예: REQ-SET-016 메인 대시보드, REQ-APP-042 회원 홈 대시보드, REQ-FAC-038 시설 현황 대시보드, REQ-CLS-009 GX/프로그램 반응 분석",시스템=; KPI=월 매출 목표 달성률 (Branch Manager); 효과=PT/GX/필라테스 이용률 실시간 대시보드로 매니저가 저조한 프로그램 즉각 개선. 프로그램 매출 최적화로 월 목표 달성; 흐름=프로그램 이용 데이터 → 실시간 집계 → 대시보드 → 개선 액션 → 매출 측정,,,대시보드/KPI 요구사항: lastspr/요구리스트관련자료/스포짐요구사항/DashBoard_단계별_KPI_Structure_2026_0127 - 복사본.xlsx::3. 시스템 & 운영_비용관리!R13,1,대시보드/KPI
REQ-HQ-141,본사·대시보드,"프리미엄 클래스 예약 시스템
 : 유료 특별 클래스 전용 예약 및 결제
이벤트 관리 플랫폼
 : 워크샵, 세미나, 특별 프로그램 통합 관리
티어별 서비스
 : 기본/프리미엄/VIP 등급별 차별화된 클래스 제공
외부 강사 연동
 : 유명 강사 초청 특별 클래스 기획 및 운영",유사연계,"REQ-PAY-064, REQ-PAY-074, REQ-PAY-063, REQ-PAY-047, REQ-PAY-059, REQ-PAY-015","동일 주제권이나 화면/도메인/운영 목적 차이 가능. 관련그룹=결제/수납/분할, 회원등급/세그먼트. 예: REQ-PAY-064 할부 결제 관리(회차별), REQ-PAY-074 회의 중 14번 항목에 결제 상태 관리와 매출/결제 관리가 포함되어 있음을 확인, REQ-PAY-063 판도는 결제 처리와 관련 API를 제공, REQ-PAY-047 약관·서명 영역","주요기능=② GX·이벤트 유료 클래스 운영으로 
 신규 수익원 확보; 사용자=; 연동=; 효과=; 계획=유료 클래스 예약 시스템 개발
이벤트 관리 기능 추가
프리미엄 서비스 체계 설계",,,대시보드/KPI 요구사항: lastspr/요구리스트관련자료/스포짐요구사항/DashBoard_단계별_KPI_Structure_2026_0127 - 복사본.xlsx::DX_AX핵심!R50,1,대시보드/KPI
REQ-HQ-142,본사·대시보드,"현재 KPI 대시보드는 구글 스프레드시트가 아니라 기존 KPI 대시보드 엑셀을 참고해 만든 것이며, 실제 필요한 데이터 항목은 개발 중 추가 요청 또는 API 확장으로 보완할 수 있다고 했습니다.",유사연계,"REQ-RSV-018, REQ-FAC-007, REQ-OPS-030, REQ-FAC-038, REQ-FAC-039, REQ-SET-016","동일 주제권이나 화면/도메인/운영 목적 차이 가능. 관련그룹=대시보드/KPI. 예: REQ-RSV-018 대시보드는 이번 주 안에 우선 고정해서 스포짐 측이 화면을 보고 넣을 것과 뺄 것을 결정해야 다음 일정 지연을 막을 수 있다는 의견이 나왔습니다., REQ-FAC-007 개발팀은 우선 피그마와 현재 구현 결과물을 보면서 KPI, IoT 앱, 키오스크 관련 화면을 중심으로 파악하면 작업 속도가 빨라질 것이라는 의견이 나왔습니다., REQ-OPS-030 판도 측에서는 DB 스키마와 API 설계가 먼저 어느 정도 정리되어야 대시보드 개발이 수월하다는 점을 짚었습니다., REQ-FAC-038 시설 현황 대시보드","현재 KPI 대시보드는 구글 스프레드시트가 아니라 기존 KPI 대시보드 엑셀을 참고해 만든 것이며, 실제 필요한 데이터 항목은 개발 중 추가 요청 또는 API 확장으로 보완할 수 있다고 했습니다.",,,회의록: lastspr/요구리스트관련자료/회의록/260414.md::L8,1,회의결정/논의
REQ-HQ-143,본사·대시보드,홈 대시보드,유사연계,"REQ-APP-042, REQ-SET-016, REQ-FAC-038, REQ-HQ-037, REQ-HQ-069, REQ-HQ-091","동일 주제권이나 화면/도메인/운영 목적 차이 가능. 관련그룹=대시보드/KPI. 예: REQ-APP-042 회원 홈 대시보드, REQ-SET-016 메인 대시보드, REQ-FAC-038 시설 현황 대시보드, REQ-HQ-037 대시보드",8. UX · 기타. BroJ=★★ (기본 현황); OnFit=★★★ 회원현황·매출·수업 수치 통합; FitPlat 결정=**OnFit** 대시보드 채택,,,BroJ vs OnFit 비교분석: lastspr/요구리스트관련자료/3사앱 확인/심프로/비교분석_BroJ_vs_OnFit.md::L153,1,경쟁사 비교/채택전략
REQ-HQ-144,본사·대시보드,활성 회원 비율,독립,,현재 기준 독립 요구사항으로 판단,"대상=/; 설명=전체 회원 중 최근 4주간 4회 이상 출석한 활성 회원의 비율. 
회원 건강도 및 이탈 위험도를 측정. 높을수록 재등록률 향상 및 이탈률 감소.; 계산식=(활성 회원 수 / 전체 회원 수) × 100; 목표=70%+; 연동=CRM/매출",,,대시보드/KPI 요구사항: lastspr/요구리스트관련자료/스포짐요구사항/DashBoard_단계별_KPI_Structure_2026_0127 - 복사본.xlsx::1. 회사 성장 & Team Health_26_0121!R32,1,대시보드/KPI
REQ-HQ-145,본사·대시보드,활성회원 비중,독립,,현재 기준 독립 요구사항으로 판단,단계=충성고객 성장 (Engagement); 계산식=(활성회원 / 총 회원) × 100; 목표=40-45%↑; 의미=핵심 자산 규모,,,대시보드/KPI 요구사항: lastspr/요구리스트관련자료/스포짐요구사항/DashBoard_단계별_KPI_Structure_2026_0127 - 복사본.xlsx::2. 매출관리 & CRM Health!R21,1,대시보드/KPI
REQ-HQ-146,본사·대시보드,"회복존/사우나 
이용률",독립,,현재 기준 독립 요구사항으로 판단,단계=; 계산식=(시설 이용자 / 총 회원) × 100; 목표=20%↑; 의미=웰니스 효과,,,대시보드/KPI 요구사항: lastspr/요구리스트관련자료/스포짐요구사항/DashBoard_단계별_KPI_Structure_2026_0127 - 복사본.xlsx::2. 매출관리 & CRM Health!R24,1,대시보드/KPI
REQ-HQ-147,본사·대시보드,회원 만족도,유사연계,"REQ-CLS-032, REQ-CLS-007, REQ-APP-042, REQ-CLS-050, REQ-FAC-023, REQ-STF-044","동일 주제권이나 화면/도메인/운영 목적 차이 가능. 관련그룹=대시보드/KPI. 예: REQ-CLS-032 만족도 평가, REQ-CLS-007 GX 종료 후 자동 만족도 조사, REQ-APP-042 회원 홈 대시보드, REQ-CLS-050 직원 인수인계","대상=/; 설명=PT 세션 또는 서비스 이용 후 회원이 평가한 만족도 점수(5점 만점). 
회원 경험 품질 및 재구매·추천 가능성을 측정하는 NPS 선행지표.; 계산식=평균 만족도 점수 = Σ(개별 평가 점수) / 평가 응답 수; 목표=4.0/5.0+; 연동=CRM/매출",,,대시보드/KPI 요구사항: lastspr/요구리스트관련자료/스포짐요구사항/DashBoard_단계별_KPI_Structure_2026_0127 - 복사본.xlsx::1. 회사 성장 & Team Health_26_0121!R17,1,대시보드/KPI
REQ-HQ-148,본사·대시보드,"회원 생애주기 자동 관리
 : 등록부터 만료까지 모든 단계 자동화
 셀프서비스 포털
 : 회원이 직접 정보 변경, 결제, 문의 가능
 AI 챗봇 도입
 : 기본적인 회원 문의 자동 응답",유사연계,"REQ-PAY-074, REQ-SET-020, REQ-APP-017, REQ-MBR-007, REQ-PAY-019, REQ-PAY-022","동일 주제권이나 화면/도메인/운영 목적 차이 가능. 관련그룹=결제/수납/분할. 예: REQ-PAY-074 회의 중 14번 항목에 결제 상태 관리와 매출/결제 관리가 포함되어 있음을 확인, REQ-SET-020 서비스 요금제(SaaS 구독), REQ-APP-017 매점 셀프 결제, REQ-MBR-007 LOST 회원 리스트","주요기능=- 회원관리 자동화 (지점별 월 300만원 절감); 사용자=; 연동=; 효과=; 계획=CRM 시스템 구축 및 데이터 통합
직원 재교육 및 업무 재배치 
셀프서비스 포털 및 챗봇 개발",,,대시보드/KPI 요구사항: lastspr/요구리스트관련자료/스포짐요구사항/DashBoard_단계별_KPI_Structure_2026_0127 - 복사본.xlsx::DX_AX핵심!R24,1,대시보드/KPI
REQ-HQ-149,본사·대시보드,"회원 앱 결제
 : 언제 어디서나 간편 결제 가능
자동 정산
 : 모든 결제 데이터 실시간 회계 시스템 연동
미수금 자동 관리
 : 연체 시 자동 알림 및 결제 독촉
다양한 결제 수단
 : 카드, 계좌이체, 간편결제 등 선택권 확대",유사연계,"REQ-PAY-059, REQ-PAY-074, REQ-PAY-016, REQ-PAY-031, REQ-MKT-022, REQ-PAY-009","동일 주제권이나 화면/도메인/운영 목적 차이 가능. 관련그룹=미수금/미납/잔액, 결제/수납/분할, 급여/정산/지출, 자동알림/메시지. 예: REQ-PAY-059 제로스트는 CRM 내에서 결제 상태, 회원 정보, 결제 이력, 미수금, 부분 결제, 승인번호 등 계약 범위에 포함된 관리 기능을 처리, REQ-PAY-074 회의 중 14번 항목에 결제 상태 관리와 매출/결제 관리가 포함되어 있음을 확인, REQ-PAY-016 결제수단 선택·결제, REQ-PAY-031 미수금 관리",주요기능=④ 결제 누락·지연 방지; 사용자=; 연동=; 효과=(회수율 5~8% 향상); 계획=,,,대시보드/KPI 요구사항: lastspr/요구리스트관련자료/스포짐요구사항/DashBoard_단계별_KPI_Structure_2026_0127 - 복사본.xlsx::DX_AX핵심!R57,1,대시보드/KPI
REQ-HQ-150,본사·대시보드,"- 회원 정보 통합 관리
 (기본 정보, 회원권, PT/GX 내역, 상담 기록)",유사연계,"REQ-CLS-014, REQ-PAY-062, REQ-CLS-012, REQ-STF-038, REQ-STF-054, REQ-MBR-072","동일 주제권이나 화면/도메인/운영 목적 차이 가능. 관련그룹=결제/수납/분할, 권한/역할, 급여/정산/지출. 예: REQ-CLS-014 PT 세션 기록, REQ-PAY-062 통합 매출 내역, REQ-CLS-012 PT/GX/FC KPI 비교, REQ-STF-038 직원 관리","주요기능=- 회원 정보 통합 관리
 (기본 정보, 회원권, PT/GX 내역, 상담 기록); 사용자=- 지점 매니저
 - 트레이너
 - 데스크 직원; 연동=- 영업/마케팅
 - 결제/정산
 - 예약/스케줄; 효과=- 360도 고객 뷰 확보
 - 개인화된 회원 응대 및 서비스 제공
 - 상담 누락 방지 및 이력 관리; 계획=",,,대시보드/KPI 요구사항: lastspr/요구리스트관련자료/스포짐요구사항/DashBoard_단계별_KPI_Structure_2026_0127 - 복사본.xlsx::DX_AX핵심!R19,1,대시보드/KPI
REQ-APP-001,회원앱·키오스크,AI 스트레칭 루틴 호출,유사연계,"REQ-CLS-002, REQ-OPS-005, REQ-MBR-004, REQ-FAC-005, REQ-FAC-004, REQ-FAC-052","동일 주제권이나 화면/도메인/운영 목적 차이 가능. 관련그룹=체성분/인바디, 출입/키오스크/모바일. 예: REQ-CLS-002 AI 루틴 자동 생성, REQ-OPS-005 개발 일정/API/알림, REQ-MBR-004 AI 통합 분석(온핏 분석), REQ-FAC-005 IoT, 키오스크, 회원 앱, CRM, API가 연결되는 통합 테스트는 별도 고민이 필요함","Member App > QR 스캔 > 스트레칭존. InBody/FMS/통증 데이터를 기반으로 “오늘의 스트레칭 루틴(3~5개)”을 자동 추천해준다.. Input=회원 인바디, FMS 결과, 통증 기록, 최근 운동 패턴. Output=추천 스트레칭 루틴 목록, 루틴ID. 대안=",,,스포짐 요구사항: lastspr/요구리스트관련자료/스포짐요구사항/스포짐FG_수정_공유 2025_1228.xlsx::4. (수정)VC 디스크립션!R14,1,스포짐 원천요구
REQ-APP-002,회원앱·키오스크,Golf 타석·강사 예약,유사연계,"REQ-PAY-049, REQ-RSV-011, REQ-CLS-051, REQ-RSV-019, REQ-MBR-056, REQ-HQ-008","동일 주제권이나 화면/도메인/운영 목적 차이 가능. 관련그룹=출입/키오스크/모바일. 예: REQ-PAY-049 온라인 마켓 판매, REQ-RSV-011 골프 타석 예약·배정, REQ-CLS-051 출석 QR 체크인(회원 자가 출석), REQ-RSV-019 레슨 예약(PT/개인)","회원앱(FG) / 수업 예약. 3사 비교: BroJ=×, OnFit=△, LessonBook=△, FitGenie=○. 핏지니 회원앱 골프",,"BroJ=×, OnFit=△, LessonBook=△, FitGenie=○",3사앱 기능매트릭스: lastspr/요구리스트관련자료/3사앱 확인/판도/기능매트릭스 비교_v5.xlsx::기능매트릭스!R165,1,원천 기능행
REQ-APP-003,회원앱·키오스크,Q&A/FAQ/신고,유사연계,"REQ-CLS-051, REQ-PAY-049, REQ-FAC-042, REQ-RSV-019, REQ-RSV-011, REQ-FAC-053","동일 주제권이나 화면/도메인/운영 목적 차이 가능. 관련그룹=출입/키오스크/모바일. 예: REQ-CLS-051 출석 QR 체크인(회원 자가 출석), REQ-PAY-049 온라인 마켓 판매, REQ-FAC-042 운동복 관리(대여·반납 + QR), REQ-RSV-019 레슨 예약(PT/개인)","회원앱(FG) / 커뮤니티. 3사 비교: BroJ=×, OnFit=×, LessonBook=×, FitGenie=○. 핏지니 회원앱 커뮤니티",,"BroJ=×, OnFit=×, LessonBook=×, FitGenie=○",3사앱 기능매트릭스: lastspr/요구리스트관련자료/3사앱 확인/판도/기능매트릭스 비교_v5.xlsx::기능매트릭스!R181,1,원천 기능행
REQ-APP-004,회원앱·키오스크,QR 체크인(자가 출석),유사연계,"REQ-CLS-051, REQ-RSV-043, REQ-RSV-019, REQ-PAY-049, REQ-RSV-008, REQ-RSV-011","동일 주제권이나 화면/도메인/운영 목적 차이 가능. 관련그룹=출입/키오스크/모바일. 예: REQ-CLS-051 출석 QR 체크인(회원 자가 출석), REQ-RSV-043 출석 QR 체크인, REQ-RSV-019 레슨 예약(PT/개인), REQ-PAY-049 온라인 마켓 판매","회원앱(FG) / 앱 기본. 3사 비교: BroJ=△, OnFit=△, LessonBook=×, FitGenie=○. 핏지니 회원앱 QR",,"BroJ=△, OnFit=△, LessonBook=×, FitGenie=○",3사앱 기능매트릭스: lastspr/요구리스트관련자료/3사앱 확인/판도/기능매트릭스 비교_v5.xlsx::기능매트릭스!R161,1,원천 기능행
REQ-APP-005,회원앱·키오스크,강사 검색·즐겨찾기·상세,유사연계,"REQ-CLS-051, REQ-PAY-049, REQ-RSV-019, REQ-RSV-011, REQ-FAC-025, REQ-APP-004","동일 주제권이나 화면/도메인/운영 목적 차이 가능. 관련그룹=출입/키오스크/모바일. 예: REQ-CLS-051 출석 QR 체크인(회원 자가 출석), REQ-PAY-049 온라인 마켓 판매, REQ-RSV-019 레슨 예약(PT/개인), REQ-RSV-011 골프 타석 예약·배정","회원앱(FG) / 탐색·소통. 3사 비교: BroJ=×, OnFit=×, LessonBook=×, FitGenie=○. 핏지니 회원앱 강사",,"BroJ=×, OnFit=×, LessonBook=×, FitGenie=○",3사앱 기능매트릭스: lastspr/요구리스트관련자료/3사앱 확인/판도/기능매트릭스 비교_v5.xlsx::기능매트릭스!R178,1,원천 기능행
REQ-APP-006,회원앱·키오스크,건강 데이터 연동(Health Connect),유사연계,"REQ-FAC-057, REQ-PAY-049, REQ-RSV-011, REQ-RSV-019, REQ-CLS-051, REQ-FAC-042","동일 주제권이나 화면/도메인/운영 목적 차이 가능. 관련그룹=출입/키오스크/모바일. 예: REQ-FAC-057 회원 건강 연동(Health Connect), REQ-PAY-049 온라인 마켓 판매, REQ-RSV-011 골프 타석 예약·배정, REQ-RSV-019 레슨 예약(PT/개인)","회원앱(FG) / 건강. 3사 비교: BroJ=×, OnFit=×, LessonBook=×, FitGenie=○. 핏지니 회원앱 건강",,"BroJ=×, OnFit=×, LessonBook=×, FitGenie=○",3사앱 기능매트릭스: lastspr/요구리스트관련자료/3사앱 확인/판도/기능매트릭스 비교_v5.xlsx::기능매트릭스!R183,1,원천 기능행
REQ-APP-007,회원앱·키오스크,결제 이력/영수증,유사연계,"REQ-PAY-049, REQ-PAY-010, REQ-RSV-019, REQ-CLS-051, REQ-PAY-020, REQ-PAY-048","동일 주제권이나 화면/도메인/운영 목적 차이 가능. 관련그룹=결제/수납/분할, 출입/키오스크/모바일. 예: REQ-PAY-049 온라인 마켓 판매, REQ-PAY-010 결제내역/영수증/승인번호, REQ-RSV-019 레슨 예약(PT/개인), REQ-CLS-051 출석 QR 체크인(회원 자가 출석)","회원앱(FG) / 마이페이지. 3사 비교: BroJ=○, OnFit=○, LessonBook=△, FitGenie=○. 핏지니 회원앱",,"BroJ=○, OnFit=○, LessonBook=△, FitGenie=○",3사앱 기능매트릭스: lastspr/요구리스트관련자료/3사앱 확인/판도/기능매트릭스 비교_v5.xlsx::기능매트릭스!R170,1,원천 기능행
REQ-APP-008,회원앱·키오스크,골프 예약·확정·대기,유사연계,"REQ-RSV-011, REQ-FAC-008, REQ-RSV-019, REQ-CLS-051, REQ-FAC-053, REQ-FAC-025","동일 주제권이나 화면/도메인/운영 목적 차이 가능. 관련그룹=출입/키오스크/모바일. 예: REQ-RSV-011 골프 타석 예약·배정, REQ-FAC-008 골프/고정 물품 락커, REQ-RSV-019 레슨 예약(PT/개인), REQ-CLS-051 출석 QR 체크인(회원 자가 출석)","키오스크(FG) / 골프. 3사 비교: BroJ=×, OnFit=△, LessonBook=○, FitGenie=○. 핏지니 키오스크 골프 + 동기화",,"BroJ=×, OnFit=△, LessonBook=○, FitGenie=○",3사앱 기능매트릭스: lastspr/요구리스트관련자료/3사앱 확인/판도/기능매트릭스 비교_v5.xlsx::기능매트릭스!R188,1,원천 기능행
REQ-APP-009,회원앱·키오스크,관리자 진입·기기 상태·운영 제어,유사연계,"REQ-FAC-008, REQ-MBR-046, REQ-FAC-053, REQ-RSV-019, REQ-CLS-051, REQ-FAC-025","동일 주제권이나 화면/도메인/운영 목적 차이 가능. 관련그룹=출입/키오스크/모바일. 예: REQ-FAC-008 골프/고정 물품 락커, REQ-MBR-046 체성분(InBody) 관리, REQ-FAC-053 키오스크 설정·운영, REQ-RSV-019 레슨 예약(PT/개인)","키오스크(FG) / 관리. 3사 비교: BroJ=△, OnFit=×, LessonBook=×, FitGenie=○. 핏지니 키오스크 관리",,"BroJ=△, OnFit=×, LessonBook=×, FitGenie=○",3사앱 기능매트릭스: lastspr/요구리스트관련자료/3사앱 확인/판도/기능매트릭스 비교_v5.xlsx::기능매트릭스!R191,1,원천 기능행
REQ-APP-010,회원앱·키오스크,기구 QR 인식,유사연계,"REQ-RSV-043, REQ-CLS-051, REQ-RSV-008, REQ-MBR-010, REQ-FAC-042, REQ-HQ-043","동일 주제권이나 화면/도메인/운영 목적 차이 가능. 관련그룹=출입/키오스크/모바일. 예: REQ-RSV-043 출석 QR 체크인, REQ-CLS-051 출석 QR 체크인(회원 자가 출석), REQ-RSV-008 QR/바코드 출석, REQ-MBR-010 QR 출입 관리 시스템","Member App > QR 스캔 > 카메라. 웨이트 기구 QR을 스캔하면 해당 기구의 사용 영상, 추천 세트·반복·중량, 난이도 정보를 즉시 불러온다.. Input=회원ID, 기구 QR코드, 기구ID 매핑 정보. Output=기구 기본 정보, 운동 영상ID, 추천 세트/반복/중량. 대안=",,,스포짐 요구사항: lastspr/요구리스트관련자료/스포짐요구사항/스포짐FG_수정_공유 2025_1228.xlsx::4. (수정)VC 디스크립션!R9,1,스포짐 원천요구
REQ-APP-011,회원앱·키오스크,기구 사용 영상 재생,유사연계,"REQ-FAC-028, REQ-FAC-048, REQ-FAC-051, REQ-FAC-053, REQ-FAC-043, REQ-FAC-004","동일 주제권이나 화면/도메인/운영 목적 차이 가능. 관련그룹=출입/키오스크/모바일. 예: REQ-FAC-028 사우나 온도 체크, REQ-FAC-048 청결 인증률 보기, REQ-FAC-051 출입 제한 통합 기준, REQ-FAC-053 키오스크 설정·운영","Member App > QR 스캔 > 기구 상세. 정확한 자세·주의사항을 보여주는 30초 요약 + 2분 상세 영상을 재생하고, 운동일지에 자동 기록할 수 있다.. Input=회원ID, 기구ID, 선택한 영상ID. Output=영상 재생 로그, 운동일지 기록 후보 데이터. 대안=",,,스포짐 요구사항: lastspr/요구리스트관련자료/스포짐요구사항/스포짐FG_수정_공유 2025_1228.xlsx::4. (수정)VC 디스크립션!R10,1,스포짐 원천요구
REQ-APP-012,회원앱·키오스크,다중 인증 체크인(QR·안면·전화),유사연계,"REQ-FAC-008, REQ-FAC-053, REQ-MBR-046, REQ-MBR-004, REQ-FAC-004, REQ-FAC-043","동일 주제권이나 화면/도메인/운영 목적 차이 가능. 관련그룹=출입/키오스크/모바일. 예: REQ-FAC-008 골프/고정 물품 락커, REQ-FAC-053 키오스크 설정·운영, REQ-MBR-046 체성분(InBody) 관리, REQ-MBR-004 AI 통합 분석(온핏 분석)","키오스크(FG) / 출석·입장. 3사 비교: BroJ=×, OnFit=○, LessonBook=×, FitGenie=○. 핏지니 다중 인증",,"BroJ=×, OnFit=○, LessonBook=×, FitGenie=○",3사앱 기능매트릭스: lastspr/요구리스트관련자료/3사앱 확인/판도/기능매트릭스 비교_v5.xlsx::기능매트릭스!R185,1,원천 기능행
REQ-APP-013,회원앱·키오스크,대기 예약 관리,유사연계,"REQ-CLS-051, REQ-PAY-049, REQ-RSV-011, REQ-RSV-019, REQ-APP-004, REQ-FAC-026","동일 주제권이나 화면/도메인/운영 목적 차이 가능. 관련그룹=출입/키오스크/모바일. 예: REQ-CLS-051 출석 QR 체크인(회원 자가 출석), REQ-PAY-049 온라인 마켓 판매, REQ-RSV-011 골프 타석 예약·배정, REQ-RSV-019 레슨 예약(PT/개인)","회원앱(FG) / 수업 예약. 3사 비교: BroJ=×, OnFit=×, LessonBook=×, FitGenie=○. 핏지니 회원앱 대기 — 차별",,"BroJ=×, OnFit=×, LessonBook=×, FitGenie=○",3사앱 기능매트릭스: lastspr/요구리스트관련자료/3사앱 확인/판도/기능매트릭스 비교_v5.xlsx::기능매트릭스!R166,1,원천 기능행
REQ-APP-014,회원앱·키오스크,로그인·앱 가입·연동,유사연계,"REQ-CLS-051, REQ-RSV-019, REQ-PAY-049, REQ-RSV-011, REQ-OPS-010, REQ-FAC-008","동일 주제권이나 화면/도메인/운영 목적 차이 가능. 관련그룹=출입/키오스크/모바일. 예: REQ-CLS-051 출석 QR 체크인(회원 자가 출석), REQ-RSV-019 레슨 예약(PT/개인), REQ-PAY-049 온라인 마켓 판매, REQ-RSV-011 골프 타석 예약·배정","회원앱(FG) / 앱 기본. 3사 비교: BroJ=○, OnFit=○, LessonBook=△, FitGenie=○. 핏지니 회원앱 자체 개발",,"BroJ=○, OnFit=○, LessonBook=△, FitGenie=○",3사앱 기능매트릭스: lastspr/요구리스트관련자료/3사앱 확인/판도/기능매트릭스 비교_v5.xlsx::기능매트릭스!R159,1,원천 기능행
REQ-APP-015,회원앱·키오스크,리커버리 프로그램 호출,유사연계,"REQ-FAC-026, REQ-RSV-008, REQ-RSV-043, REQ-RSV-011, REQ-FAC-008, REQ-FAC-051","동일 주제권이나 화면/도메인/운영 목적 차이 가능. 관련그룹=출입/키오스크/모바일. 예: REQ-FAC-026 밴드/카드 관리, REQ-RSV-008 QR/바코드 출석, REQ-RSV-043 출석 QR 체크인, REQ-RSV-011 골프 타석 예약·배정","Member App > QR 스캔 > 리커버리존. 리커버리존 기기/공간의 QR을 스캔하면 회복용 스트레칭/폼롤러/호흡 루틴을 보여주고 이용 기록을 남긴다.. Input=회원ID, 리커버리존 QR코드, 기기/프로그램 메타데이터. Output=추천 리커버리 프로그램 리스트, 리커버리 이용 기록. 대안=",,,스포짐 요구사항: lastspr/요구리스트관련자료/스포짐요구사항/스포짐FG_수정_공유 2025_1228.xlsx::4. (수정)VC 디스크립션!R16,1,스포짐 원천요구
REQ-APP-016,회원앱·키오스크,마일리지 조회/사용,유사연계,"REQ-PAY-049, REQ-RSV-019, REQ-CLS-051, REQ-APP-031, REQ-RSV-011, REQ-APP-007","동일 주제권이나 화면/도메인/운영 목적 차이 가능. 관련그룹=출입/키오스크/모바일. 예: REQ-PAY-049 온라인 마켓 판매, REQ-RSV-019 레슨 예약(PT/개인), REQ-CLS-051 출석 QR 체크인(회원 자가 출석), REQ-APP-031 체성분/FMS 조회","회원앱(FG) / 리워드. 3사 비교: BroJ=×, OnFit=×, LessonBook=×, FitGenie=○. 핏지니 마일리지",,"BroJ=×, OnFit=×, LessonBook=×, FitGenie=○",3사앱 기능매트릭스: lastspr/요구리스트관련자료/3사앱 확인/판도/기능매트릭스 비교_v5.xlsx::기능매트릭스!R172,1,원천 기능행
REQ-APP-017,회원앱·키오스크,매점 셀프 결제,유사연계,"REQ-PAY-009, REQ-PAY-018, REQ-PAY-021, REQ-PAY-024, REQ-PAY-028, REQ-PAY-036","동일 주제권이나 화면/도메인/운영 목적 차이 가능. 관련그룹=결제/수납/분할, 출입/키오스크/모바일. 예: REQ-PAY-009 가능 횟수 설정(일/주/월 제한), REQ-PAY-018 결제(현금/카드/할부/마일리지), REQ-PAY-021 기간 정지(휴회), REQ-PAY-024 매출 관리","키오스크(FG) / 매점·POS. 3사 비교: BroJ=×, OnFit=×, LessonBook=×, FitGenie=○. 핏지니 키오스크 매점",,"BroJ=×, OnFit=×, LessonBook=×, FitGenie=○",3사앱 기능매트릭스: lastspr/요구리스트관련자료/3사앱 확인/판도/기능매트릭스 비교_v5.xlsx::기능매트릭스!R190,1,원천 기능행
REQ-APP-018,회원앱·키오스크,메신저 허브·1:1 대화,유사연계,"REQ-PAY-049, REQ-FAC-025, REQ-RSV-019, REQ-CLS-051, REQ-APP-024, REQ-APP-025","동일 주제권이나 화면/도메인/운영 목적 차이 가능. 관련그룹=출입/키오스크/모바일. 예: REQ-PAY-049 온라인 마켓 판매, REQ-FAC-025 밴드카드(RFID), REQ-RSV-019 레슨 예약(PT/개인), REQ-CLS-051 출석 QR 체크인(회원 자가 출석)","회원앱(FG) / 탐색·소통. 3사 비교: BroJ=×, OnFit=×, LessonBook=×, FitGenie=○. 핏지니 회원앱 메신저",,"BroJ=×, OnFit=×, LessonBook=×, FitGenie=○",3사앱 기능매트릭스: lastspr/요구리스트관련자료/3사앱 확인/판도/기능매트릭스 비교_v5.xlsx::기능매트릭스!R179,1,원천 기능행
REQ-APP-019,회원앱·키오스크,멤버십 등급 조회,유사연계,"REQ-RSV-019, REQ-CLS-051, REQ-MBR-064, REQ-FAC-025, REQ-FAC-042, REQ-PAY-049","동일 주제권이나 화면/도메인/운영 목적 차이 가능. 관련그룹=회원등급/세그먼트, 출입/키오스크/모바일. 예: REQ-RSV-019 레슨 예약(PT/개인), REQ-CLS-051 출석 QR 체크인(회원 자가 출석), REQ-MBR-064 회원 등급, REQ-FAC-025 밴드카드(RFID)","회원앱(FG) / 리워드. 3사 비교: BroJ=×, OnFit=×, LessonBook=×, FitGenie=○. 핏지니 등급",,"BroJ=×, OnFit=×, LessonBook=×, FitGenie=○",3사앱 기능매트릭스: lastspr/요구리스트관련자료/3사앱 확인/판도/기능매트릭스 비교_v5.xlsx::기능매트릭스!R174,1,원천 기능행
REQ-APP-020,회원앱·키오스크,배지 컬렉션·마일스톤,유사연계,"REQ-PAY-049, REQ-RSV-019, REQ-CLS-051, REQ-RSV-011, REQ-FAC-042, REQ-FAC-008","동일 주제권이나 화면/도메인/운영 목적 차이 가능. 관련그룹=출입/키오스크/모바일. 예: REQ-PAY-049 온라인 마켓 판매, REQ-RSV-019 레슨 예약(PT/개인), REQ-CLS-051 출석 QR 체크인(회원 자가 출석), REQ-RSV-011 골프 타석 예약·배정","회원앱(FG) / 리워드. 3사 비교: BroJ=×, OnFit=×, LessonBook=×, FitGenie=○. 핏지니 게이미피케이션",,"BroJ=×, OnFit=×, LessonBook=×, FitGenie=○",3사앱 기능매트릭스: lastspr/요구리스트관련자료/3사앱 확인/판도/기능매트릭스 비교_v5.xlsx::기능매트릭스!R173,1,원천 기능행
REQ-APP-021,회원앱·키오스크,본인 확인·이용권/예약/락커 조회,유사연계,"REQ-FAC-020, REQ-FAC-008, REQ-FAC-021, REQ-FAC-053, REQ-FAC-016, REQ-RSV-019","동일 주제권이나 화면/도메인/운영 목적 차이 가능. 관련그룹=락커/사물함, 출입/키오스크/모바일. 예: REQ-FAC-020 락커 현황(리스트뷰), REQ-FAC-008 골프/고정 물품 락커, REQ-FAC-021 락커 현황(박스뷰/그리드), REQ-FAC-053 키오스크 설정·운영","키오스크(FG) / 회원 조회. 3사 비교: BroJ=×, OnFit=○, LessonBook=×, FitGenie=○. 핏지니 회원 안내",,"BroJ=×, OnFit=○, LessonBook=×, FitGenie=○",3사앱 기능매트릭스: lastspr/요구리스트관련자료/3사앱 확인/판도/기능매트릭스 비교_v5.xlsx::기능매트릭스!R187,1,원천 기능행
REQ-APP-022,회원앱·키오스크,사우나 이용 기록,유사연계,"REQ-FAC-028, REQ-GEN-040, REQ-STF-032, REQ-FAC-004, REQ-STF-051, REQ-MKT-016","동일 주제권이나 화면/도메인/운영 목적 차이 가능. 관련그룹=자동알림/메시지, 출입/키오스크/모바일. 예: REQ-FAC-028 사우나 온도 체크, REQ-GEN-040 우측 사이드패널, REQ-STF-032 재등록, REQ-FAC-004 IoT 출입 관리(게이트·기기·알림)","Member App > QR 스캔 > 사우나. 사우나 QR 스캔 시 입실 시간과 체류 시간을 기록하고, 과도 이용 시 알림을 제공한다.. Input=회원ID, 사우나 QR코드, 입실 시간, 퇴실 시간. Output=사우나 이용 기록, 체류 시간, 과도 이용 경고 플래그. 대안=",,,스포짐 요구사항: lastspr/요구리스트관련자료/스포짐요구사항/스포짐FG_수정_공유 2025_1228.xlsx::4. (수정)VC 디스크립션!R15,1,스포짐 원천요구
REQ-APP-023,회원앱·키오스크,상품 스토어·결제수단 관리,유사연계,"REQ-PAY-049, REQ-RSV-019, REQ-CLS-051, REQ-PAY-016, REQ-PAY-064, REQ-RSV-011","동일 주제권이나 화면/도메인/운영 목적 차이 가능. 관련그룹=결제/수납/분할, 출입/키오스크/모바일. 예: REQ-PAY-049 온라인 마켓 판매, REQ-RSV-019 레슨 예약(PT/개인), REQ-CLS-051 출석 QR 체크인(회원 자가 출석), REQ-PAY-016 결제수단 선택·결제","회원앱(FG) / 상품·결제. 3사 비교: BroJ=○, OnFit=×, LessonBook=×, FitGenie=○. 핏지니 회원앱 스토어",,"BroJ=○, OnFit=×, LessonBook=×, FitGenie=○",3사앱 기능매트릭스: lastspr/요구리스트관련자료/3사앱 확인/판도/기능매트릭스 비교_v5.xlsx::기능매트릭스!R182,1,원천 기능행
REQ-APP-024,회원앱·키오스크,센터·강사 리뷰,유사연계,"REQ-CLS-051, REQ-PAY-049, REQ-FAC-025, REQ-RSV-019, REQ-RSV-011, REQ-APP-005","동일 주제권이나 화면/도메인/운영 목적 차이 가능. 관련그룹=출입/키오스크/모바일. 예: REQ-CLS-051 출석 QR 체크인(회원 자가 출석), REQ-PAY-049 온라인 마켓 판매, REQ-FAC-025 밴드카드(RFID), REQ-RSV-019 레슨 예약(PT/개인)","회원앱(FG) / 탐색·소통. 3사 비교: BroJ=×, OnFit=×, LessonBook=×, FitGenie=○. 핏지니 회원앱 리뷰",,"BroJ=×, OnFit=×, LessonBook=×, FitGenie=○",3사앱 기능매트릭스: lastspr/요구리스트관련자료/3사앱 확인/판도/기능매트릭스 비교_v5.xlsx::기능매트릭스!R180,1,원천 기능행
REQ-APP-025,회원앱·키오스크,센터 검색·지도,유사연계,"REQ-PAY-049, REQ-FAC-025, REQ-RSV-019, REQ-CLS-051, REQ-MBR-046, REQ-APP-018","동일 주제권이나 화면/도메인/운영 목적 차이 가능. 관련그룹=출입/키오스크/모바일. 예: REQ-PAY-049 온라인 마켓 판매, REQ-FAC-025 밴드카드(RFID), REQ-RSV-019 레슨 예약(PT/개인), REQ-CLS-051 출석 QR 체크인(회원 자가 출석)","회원앱(FG) / 탐색·소통. 3사 비교: BroJ=×, OnFit=×, LessonBook=×, FitGenie=○. 핏지니 회원앱 마켓",,"BroJ=×, OnFit=×, LessonBook=×, FitGenie=○",3사앱 기능매트릭스: lastspr/요구리스트관련자료/3사앱 확인/판도/기능매트릭스 비교_v5.xlsx::기능매트릭스!R177,1,원천 기능행
REQ-APP-026,회원앱·키오스크,수업 목록·예약(PT/OT/GX/Golf),유사연계,"REQ-RSV-019, REQ-CLS-051, REQ-PAY-049, REQ-MBR-046, REQ-FAC-008, REQ-APP-042","동일 주제권이나 화면/도메인/운영 목적 차이 가능. 관련그룹=출입/키오스크/모바일. 예: REQ-RSV-019 레슨 예약(PT/개인), REQ-CLS-051 출석 QR 체크인(회원 자가 출석), REQ-PAY-049 온라인 마켓 판매, REQ-MBR-046 체성분(InBody) 관리","회원앱(FG) / 수업 예약. 3사 비교: BroJ=△, OnFit=○, LessonBook=△, FitGenie=○. 핏지니 회원앱 다목적 예약",,"BroJ=△, OnFit=○, LessonBook=△, FitGenie=○",3사앱 기능매트릭스: lastspr/요구리스트관련자료/3사앱 확인/판도/기능매트릭스 비교_v5.xlsx::기능매트릭스!R163,1,원천 기능행
REQ-APP-027,회원앱·키오스크,스트레칭 영상 목록 제공,유사연계,"REQ-FAC-053, REQ-HQ-089, REQ-FAC-052, REQ-RSV-019, REQ-FAC-051, REQ-MBR-010","동일 주제권이나 화면/도메인/운영 목적 차이 가능. 관련그룹=출입/키오스크/모바일. 예: REQ-FAC-053 키오스크 설정·운영, REQ-HQ-089 - 온라인/모바일 간편결제 및 키오스크 결제, REQ-FAC-052 키오스크, REQ-RSV-019 레슨 예약(PT/개인)","Member App > QR 스캔 > 스트레칭존. 스트레칭존 QR을 찍으면 전신/부위별/난이도별 스트레칭·폼롤러·매트 운동 영상을 리스트로 제공한다.. Input=회원ID, 스트레칭존 QR코드, 스트레칭 영상 메타데이터. Output=스트레칭 영상 리스트(카테고리/난이도 포함). 대안=",,,스포짐 요구사항: lastspr/요구리스트관련자료/스포짐요구사항/스포짐FG_수정_공유 2025_1228.xlsx::4. (수정)VC 디스크립션!R13,1,스포짐 원천요구
REQ-APP-028,회원앱·키오스크,실시간 입장·회원 식별,유사연계,"REQ-MBR-056, REQ-FAC-008, REQ-FAC-004, REQ-FAC-025, REQ-FAC-042, REQ-FAC-043","동일 주제권이나 화면/도메인/운영 목적 차이 가능. 관련그룹=출입/키오스크/모바일. 예: REQ-MBR-056 출석 체크(참석/불참/취소), REQ-FAC-008 골프/고정 물품 락커, REQ-FAC-004 IoT 출입 관리(게이트·기기·알림), REQ-FAC-025 밴드카드(RFID)","키오스크(FG) / 출석·입장. 3사 비교: BroJ=×, OnFit=○, LessonBook=×, FitGenie=○. 핏지니 키오스크 채널",,"BroJ=×, OnFit=○, LessonBook=×, FitGenie=○",3사앱 기능매트릭스: lastspr/요구리스트관련자료/3사앱 확인/판도/기능매트릭스 비교_v5.xlsx::기능매트릭스!R184,1,원천 기능행
REQ-APP-029,회원앱·키오스크,예약 취소·이력,유사연계,"REQ-CLS-006, REQ-RSV-019, REQ-CLS-051, REQ-PAY-049, REQ-RSV-011, REQ-FAC-042","동일 주제권이나 화면/도메인/운영 목적 차이 가능. 관련그룹=환불/취소, 출입/키오스크/모바일. 예: REQ-CLS-006 GX 예약/취소, REQ-RSV-019 레슨 예약(PT/개인), REQ-CLS-051 출석 QR 체크인(회원 자가 출석), REQ-PAY-049 온라인 마켓 판매","회원앱(FG) / 수업 예약. 3사 비교: BroJ=△, OnFit=○, LessonBook=△, FitGenie=○. 핏지니 회원앱",,"BroJ=△, OnFit=○, LessonBook=△, FitGenie=○",3사앱 기능매트릭스: lastspr/요구리스트관련자료/3사앱 확인/판도/기능매트릭스 비교_v5.xlsx::기능매트릭스!R164,1,원천 기능행
REQ-APP-030,회원앱·키오스크,이용권/잔여 회차,유사연계,"REQ-PAY-049, REQ-RSV-019, REQ-CLS-051, REQ-FAC-008, REQ-APP-031, REQ-APP-042","동일 주제권이나 화면/도메인/운영 목적 차이 가능. 관련그룹=출입/키오스크/모바일. 예: REQ-PAY-049 온라인 마켓 판매, REQ-RSV-019 레슨 예약(PT/개인), REQ-CLS-051 출석 QR 체크인(회원 자가 출석), REQ-FAC-008 골프/고정 물품 락커","회원앱(FG) / 마이페이지. 3사 비교: BroJ=○, OnFit=○, LessonBook=△, FitGenie=○. 핏지니 회원앱",,"BroJ=○, OnFit=○, LessonBook=△, FitGenie=○",3사앱 기능매트릭스: lastspr/요구리스트관련자료/3사앱 확인/판도/기능매트릭스 비교_v5.xlsx::기능매트릭스!R168,1,원천 기능행
REQ-APP-031,회원앱·키오스크,체성분/FMS 조회,유사연계,"REQ-PAY-049, REQ-RSV-019, REQ-CLS-051, REQ-OPS-014, REQ-RSV-011, REQ-APP-039","동일 주제권이나 화면/도메인/운영 목적 차이 가능. 관련그룹=체성분/인바디, 출입/키오스크/모바일. 예: REQ-PAY-049 온라인 마켓 판매, REQ-RSV-019 레슨 예약(PT/개인), REQ-CLS-051 출석 QR 체크인(회원 자가 출석), REQ-OPS-014 체성분 관리","회원앱(FG) / 마이페이지. 3사 비교: BroJ=×, OnFit=○, LessonBook=×, FitGenie=○. 핏지니 회원앱 체성분",,"BroJ=×, OnFit=○, LessonBook=×, FitGenie=○",3사앱 기능매트릭스: lastspr/요구리스트관련자료/3사앱 확인/판도/기능매트릭스 비교_v5.xlsx::기능매트릭스!R169,1,원천 기능행
REQ-APP-032,회원앱·키오스크,자동 세트·반복·중량 추천,유사연계,"REQ-FAC-042, REQ-HQ-008, REQ-OPS-010, REQ-PRD-009, REQ-CLS-051, REQ-FAC-004","동일 주제권이나 화면/도메인/운영 목적 차이 가능. 관련그룹=출입/키오스크/모바일. 예: REQ-FAC-042 운동복 관리(대여·반납 + QR), REQ-HQ-008 GX 수업 예약 및 출석 자동화, REQ-OPS-010 모바일 앱 연동, REQ-PRD-009 지점 다중 소속/홈&오피스","Member App > QR 스캔 > 기구 상세. 회원의 레벨·목표·최근 루틴을 기반으로 세트 수, 반복 수, 권장 중량을 자동 제안한다.. Input=회원 목적, 레벨, 최근 운동 기록, 기구ID. Output=추천 세트/반복/중량 값, 추천 기준 메타데이터. 대안=",,,스포짐 요구사항: lastspr/요구리스트관련자료/스포짐요구사항/스포짐FG_수정_공유 2025_1228.xlsx::4. (수정)VC 디스크립션!R11,1,스포짐 원천요구
REQ-APP-033,회원앱·키오스크,재등록 추천 플랜,유사연계,"REQ-PAY-049, REQ-RSV-019, REQ-CLS-051, REQ-APP-031, REQ-RSV-011, REQ-APP-016","동일 주제권이나 화면/도메인/운영 목적 차이 가능. 관련그룹=출입/키오스크/모바일. 예: REQ-PAY-049 온라인 마켓 판매, REQ-RSV-019 레슨 예약(PT/개인), REQ-CLS-051 출석 QR 체크인(회원 자가 출석), REQ-APP-031 체성분/FMS 조회","회원앱(FG) / 재등록. 3사 비교: BroJ=×, OnFit=×, LessonBook=×, FitGenie=○. 핏지니 재등록 유도",,"BroJ=×, OnFit=×, LessonBook=×, FitGenie=○",3사앱 기능매트릭스: lastspr/요구리스트관련자료/3사앱 확인/판도/기능매트릭스 비교_v5.xlsx::기능매트릭스!R176,1,원천 기능행
REQ-APP-034,회원앱·키오스크,정책 설정 연동,유사연계,"REQ-FAC-053, REQ-FAC-008, REQ-RSV-019, REQ-MBR-056, REQ-FAC-022, REQ-OPS-010","동일 주제권이나 화면/도메인/운영 목적 차이 가능. 관련그룹=출입/키오스크/모바일. 예: REQ-FAC-053 키오스크 설정·운영, REQ-FAC-008 골프/고정 물품 락커, REQ-RSV-019 레슨 예약(PT/개인), REQ-MBR-056 출석 체크(참석/불참/취소)","키오스크(FG) / 설정. 3사 비교: BroJ=×, OnFit=△, LessonBook=×, FitGenie=○. 핏지니 키오스크 정책",,"BroJ=×, OnFit=△, LessonBook=×, FitGenie=○",3사앱 기능매트릭스: lastspr/요구리스트관련자료/3사앱 확인/판도/기능매트릭스 비교_v5.xlsx::기능매트릭스!R192,1,원천 기능행
REQ-APP-035,회원앱·키오스크,주차 등록,유사연계,"REQ-MBR-056, REQ-FAC-053, REQ-RSV-019, REQ-FAC-025, REQ-FAC-043, REQ-MBR-046","동일 주제권이나 화면/도메인/운영 목적 차이 가능. 관련그룹=출입/키오스크/모바일. 예: REQ-MBR-056 출석 체크(참석/불참/취소), REQ-FAC-053 키오스크 설정·운영, REQ-RSV-019 레슨 예약(PT/개인), REQ-FAC-025 밴드카드(RFID)","키오스크(FG) / 주차. 3사 비교: BroJ=×, OnFit=×, LessonBook=×, FitGenie=○. 핏지니 키오스크 주차",,"BroJ=×, OnFit=×, LessonBook=×, FitGenie=○",3사앱 기능매트릭스: lastspr/요구리스트관련자료/3사앱 확인/판도/기능매트릭스 비교_v5.xlsx::기능매트릭스!R189,1,원천 기능행
REQ-APP-036,회원앱·키오스크,출석 결과 처리·후처리,유사연계,"REQ-MBR-056, REQ-FAC-008, REQ-FAC-025, REQ-FAC-043, REQ-FAC-053, REQ-FAC-004","동일 주제권이나 화면/도메인/운영 목적 차이 가능. 관련그룹=출입/키오스크/모바일. 예: REQ-MBR-056 출석 체크(참석/불참/취소), REQ-FAC-008 골프/고정 물품 락커, REQ-FAC-025 밴드카드(RFID), REQ-FAC-043 원격 제어 센터(IoT 기기)","키오스크(FG) / 출석·입장. 3사 비교: BroJ=×, OnFit=○, LessonBook=×, FitGenie=○. 핏지니 출석 후처리",,"BroJ=×, OnFit=○, LessonBook=×, FitGenie=○",3사앱 기능매트릭스: lastspr/요구리스트관련자료/3사앱 확인/판도/기능매트릭스 비교_v5.xlsx::기능매트릭스!R186,1,원천 기능행
REQ-APP-037,회원앱·키오스크,출석 이력 조회,유사연계,"REQ-RSV-019, REQ-CLS-051, REQ-PAY-049, REQ-FAC-025, REQ-RSV-011, REQ-APP-004","동일 주제권이나 화면/도메인/운영 목적 차이 가능. 관련그룹=출입/키오스크/모바일. 예: REQ-RSV-019 레슨 예약(PT/개인), REQ-CLS-051 출석 QR 체크인(회원 자가 출석), REQ-PAY-049 온라인 마켓 판매, REQ-FAC-025 밴드카드(RFID)","회원앱(FG) / 앱 기본. 3사 비교: BroJ=○, OnFit=○, LessonBook=△, FitGenie=○. 핏지니 회원 자가 조회",,"BroJ=○, OnFit=○, LessonBook=△, FitGenie=○",3사앱 기능매트릭스: lastspr/요구리스트관련자료/3사앱 확인/판도/기능매트릭스 비교_v5.xlsx::기능매트릭스!R162,1,원천 기능행
REQ-APP-038,회원앱·키오스크,친구 추천·추천 친구 목록,유사연계,"REQ-RSV-019, REQ-PAY-049, REQ-CLS-051, REQ-FAC-025, REQ-APP-037, REQ-APP-039","동일 주제권이나 화면/도메인/운영 목적 차이 가능. 관련그룹=출입/키오스크/모바일. 예: REQ-RSV-019 레슨 예약(PT/개인), REQ-PAY-049 온라인 마켓 판매, REQ-CLS-051 출석 QR 체크인(회원 자가 출석), REQ-FAC-025 밴드카드(RFID)","회원앱(FG) / 리워드. 3사 비교: BroJ=×, OnFit=×, LessonBook=×, FitGenie=○. 핏지니 리퍼럴",,"BroJ=×, OnFit=×, LessonBook=×, FitGenie=○",3사앱 기능매트릭스: lastspr/요구리스트관련자료/3사앱 확인/판도/기능매트릭스 비교_v5.xlsx::기능매트릭스!R175,1,원천 기능행
REQ-APP-039,회원앱·키오스크,쿠폰 조회/등록,유사연계,"REQ-PAY-049, REQ-RSV-019, REQ-CLS-051, REQ-RSV-011, REQ-APP-031, REQ-APP-037","동일 주제권이나 화면/도메인/운영 목적 차이 가능. 관련그룹=출입/키오스크/모바일. 예: REQ-PAY-049 온라인 마켓 판매, REQ-RSV-019 레슨 예약(PT/개인), REQ-CLS-051 출석 QR 체크인(회원 자가 출석), REQ-RSV-011 골프 타석 예약·배정","회원앱(FG) / 리워드. 3사 비교: BroJ=○, OnFit=×, LessonBook=×, FitGenie=○. 핏지니 회원앱",,"BroJ=○, OnFit=×, LessonBook=×, FitGenie=○",3사앱 기능매트릭스: lastspr/요구리스트관련자료/3사앱 확인/판도/기능매트릭스 비교_v5.xlsx::기능매트릭스!R171,1,원천 기능행
REQ-APP-040,회원앱·키오스크,통증 기록 입력,유사연계,"REQ-FAC-048, REQ-HQ-043, REQ-FAC-051, REQ-FAC-050, REQ-MBR-010, REQ-MBR-004","동일 주제권이나 화면/도메인/운영 목적 차이 가능. 관련그룹=출입/키오스크/모바일. 예: REQ-FAC-048 청결 인증률 보기, REQ-HQ-043 - 디지털 회원증 (QR코드 기반 출입), REQ-FAC-051 출입 제한 통합 기준, REQ-FAC-050 청소 인증률 분석","Member App > QR 스캔 > 기구 상세. 운동 후 통증 정도(0~10)를 기록하여 통증 데이터와 위험 동작 필터링에 활용한다.. Input=회원ID, 기구ID, 통증 점수, 통증 부위. Output=통증 기록 데이터, 위험 동작 필터링에 사용될 로그. 대안=",,,스포짐 요구사항: lastspr/요구리스트관련자료/스포짐요구사항/스포짐FG_수정_공유 2025_1228.xlsx::4. (수정)VC 디스크립션!R12,1,스포짐 원천요구
REQ-APP-041,회원앱·키오스크,프로필 조회·수정,유사연계,"REQ-RSV-019, REQ-CLS-051, REQ-PAY-049, REQ-RSV-011, REQ-APP-004, REQ-APP-037","동일 주제권이나 화면/도메인/운영 목적 차이 가능. 관련그룹=출입/키오스크/모바일. 예: REQ-RSV-019 레슨 예약(PT/개인), REQ-CLS-051 출석 QR 체크인(회원 자가 출석), REQ-PAY-049 온라인 마켓 판매, REQ-RSV-011 골프 타석 예약·배정","회원앱(FG) / 마이페이지. 3사 비교: BroJ=○, OnFit=○, LessonBook=△, FitGenie=○. 핏지니 회원앱",,"BroJ=○, OnFit=○, LessonBook=△, FitGenie=○",3사앱 기능매트릭스: lastspr/요구리스트관련자료/3사앱 확인/판도/기능매트릭스 비교_v5.xlsx::기능매트릭스!R167,1,원천 기능행
REQ-APP-042,회원앱·키오스크,회원 홈 대시보드,유사연계,"REQ-HQ-143, REQ-HQ-037, REQ-SET-010, REQ-SET-024, REQ-SET-016, REQ-HQ-069","동일 주제권이나 화면/도메인/운영 목적 차이 가능. 관련그룹=대시보드/KPI, 출입/키오스크/모바일. 예: REQ-HQ-143 홈 대시보드, REQ-HQ-037 대시보드, REQ-SET-010 글로벌 검색, REQ-SET-024 알림 센터","회원앱(FG) / 앱 기본. 3사 비교: BroJ=○, OnFit=○, LessonBook=△, FitGenie=○. 핏지니 회원 홈",,"BroJ=○, OnFit=○, LessonBook=△, FitGenie=○",3사앱 기능매트릭스: lastspr/요구리스트관련자료/3사앱 확인/판도/기능매트릭스 비교_v5.xlsx::기능매트릭스!R160,1,원천 기능행
REQ-OPS-001,인프라·운영,3환경 분리·CI/CD,독립,,현재 기준 독립 요구사항으로 판단,"인프라·운영(FG) / 인프라. 3사 비교: BroJ=△, OnFit=△, LessonBook=△, FitGenie=○. 핏지니 인프라",,"BroJ=△, OnFit=△, LessonBook=△, FitGenie=○",3사앱 기능매트릭스: lastspr/요구리스트관련자료/3사앱 확인/판도/기능매트릭스 비교_v5.xlsx::기능매트릭스!R193,1,원천 기능행
REQ-OPS-002,인프라·운영,"AWS 기준 구성 여부, API 연동 포인트 설계 등 세부 질문은 판도 개발팀이 계약서를 다시 확인한 뒤 문서로 정리하기로 함",유사연계,"REQ-STF-006, REQ-PAY-054, REQ-STF-013, REQ-PAY-056, REQ-STF-005, REQ-STF-033","동일 주제권이나 화면/도메인/운영 목적 차이 가능. 관련그룹=전자계약/서명. 예: REQ-STF-006 FastAPI 사용은 계약서에 포함되어 있고, 제로스트 측도 내부 개발팀에 공유되어 있음, REQ-PAY-054 일일 이용 계약서, REQ-STF-013 근로계약서 관리, REQ-PAY-056 전자 계약서","AWS 기준 구성 여부, API 연동 포인트 설계 등 세부 질문은 판도 개발팀이 계약서를 다시 확인한 뒤 문서로 정리하기로 함",,,회의록: lastspr/요구리스트관련자료/회의록/260428.md::L136,1,회의결정/논의
REQ-OPS-003,인프라·운영,ERD·멀티센터 격리(branchId),독립,,현재 기준 독립 요구사항으로 판단,"인프라·운영(FG) / DB 설계. 3사 비교: BroJ=△, OnFit=○, LessonBook=△, FitGenie=○. 핏지니 RLS 격리",,"BroJ=△, OnFit=○, LessonBook=△, FitGenie=○",3사앱 기능매트릭스: lastspr/요구리스트관련자료/3사앱 확인/판도/기능매트릭스 비교_v5.xlsx::기능매트릭스!R194,1,원천 기능행
REQ-OPS-004,인프라·운영,UGC 포인트·배지 지급,부분포함,,상위 화면의 탭/필터/목록/모달/입력항목으로 포함될 수 있어 화면 단위 검토 필요,"Member App > UGC/영상 > 리워드. UGC 업로드·조회수·좋아요 수에 따라 포인트 및 배지를 지급하고, 리워드 정책에 연동한다.. Input=영상 조회수, 좋아요 수, 업로드 수, 회원ID. Output=포인트/배지 지급 기록, UGC 활동 통계. 대안=",,,스포짐 요구사항: lastspr/요구리스트관련자료/스포짐요구사항/스포짐FG_수정_공유 2025_1228.xlsx::4. (수정)VC 디스크립션!R47,1,스포짐 원천요구
REQ-OPS-005,인프라·운영,개발 일정/API/알림,유사연계,"REQ-SET-023, REQ-SET-024, REQ-MKT-010, REQ-FAC-022, REQ-MKT-016, REQ-MKT-023","동일 주제권이나 화면/도메인/운영 목적 차이 가능. 관련그룹=결제/수납/분할, 자동알림/메시지, 출입/키오스크/모바일. 예: REQ-SET-023 알림 설정, REQ-SET-024 알림 센터, REQ-MKT-010 급여명세서 PDF 및 알림, REQ-FAC-022 모바일 앱 설정","기본 회원/지점관리 등은 가능한 부분부터 진행하는 방향. / IoT, 외부 API, 결제 API, 알림 등은 협의/명세 조율이 필요. / 판도에서 API 초안을 공유했고, 이번 주까지 설계가 계속 바뀔 수 있음.",,,회의록: lastspr/요구리스트관련자료/회의록/260518.md::L88,1,회의결정/논의
REQ-OPS-006,인프라·운영,개인정보 90일 파기 배치,독립,,현재 기준 독립 요구사항으로 판단,"인프라·운영(FG) / 운영 자동화. 3사 비교: BroJ=△, OnFit=△, LessonBook=△, FitGenie=○. 핏지니 개인정보 파기",,"BroJ=△, OnFit=△, LessonBook=△, FitGenie=○",3사앱 기능매트릭스: lastspr/요구리스트관련자료/3사앱 확인/판도/기능매트릭스 비교_v5.xlsx::기능매트릭스!R198,1,원천 기능행
REQ-OPS-007,인프라·운영,다만 판도 내부 검수와 기획 커뮤니케이션을 위해 현재와 같은 화면 기반 프로토타입은 계속 필요하다는 의견이 있음,독립,,현재 기준 독립 요구사항으로 판단,다만 판도 내부 검수와 기획 커뮤니케이션을 위해 현재와 같은 화면 기반 프로토타입은 계속 필요하다는 의견이 있음,,,회의록: lastspr/요구리스트관련자료/회의록/260428.md::L58,1,회의결정/논의
REQ-OPS-008,인프라·운영,"단, 실제 연동 방식과 API 명세는 판도 개발팀이 문서화해서 제로스트에 전달해야 함",독립,,현재 기준 독립 요구사항으로 판단,"단, 실제 연동 방식과 API 명세는 판도 개발팀이 문서화해서 제로스트에 전달해야 함",,,회의록: lastspr/요구리스트관련자료/회의록/260428.md::L78,1,회의결정/논의
REQ-OPS-009,인프라·운영,따라서 회원 앱에서 필요한 API 목록과 R&R을 별도 문서로 정리해야 함,부분포함,,상위 화면의 탭/필터/목록/모달/입력항목으로 포함될 수 있어 화면 단위 검토 필요,따라서 회원 앱에서 필요한 API 목록과 R&R을 별도 문서로 정리해야 함,,,회의록: lastspr/요구리스트관련자료/회의록/260428.md::L110,1,회의결정/논의
REQ-OPS-010,인프라·운영,모바일 앱 연동,유사연계,"REQ-FAC-022, REQ-MKT-017, REQ-APP-014, REQ-APP-034, REQ-HQ-089, REQ-FAC-057","동일 주제권이나 화면/도메인/운영 목적 차이 가능. 관련그룹=출입/키오스크/모바일. 예: REQ-FAC-022 모바일 앱 설정, REQ-MKT-017 모바일앱 배너 관리, REQ-APP-014 로그인·앱 가입·연동, REQ-APP-034 정책 설정 연동","8. UX · 기타. BroJ=★★ (기본); OnFit=★★★ 앱 설정 별도 관리, QR/예약 연동; FitPlat 결정=**OnFit** 채택",,,BroJ vs OnFit 비교분석: lastspr/요구리스트관련자료/3사앱 확인/심프로/비교분석_BroJ_vs_OnFit.md::L154,1,경쟁사 비교/채택전략
REQ-OPS-011,인프라·운영,서버/검수/개발 환경,독립,,현재 기준 독립 요구사항으로 판단,"운영 서버는 실제 매장에서 사용하는 서버, 검수 서버는 TC 검증용, 개발 서버는 양사 연동 개발용으로 구분. / 서버 비용은 판도 부담으로 언급됨. / 운영 서버는 판도 관리가 기본이고, 검수/개발 서버 운영 방식, GitHub/코드 공유 방식은 추후 협의. / 제로스트가 개발 서버/코드 공유/운영 방식에 대한 의견을 먼저 주면 좋겠다는 정리.",,,회의록: lastspr/요구리스트관련자료/회의록/260518.md::L92,1,회의결정/논의
REQ-OPS-012,인프라·운영,시스템 아키텍처·ERD·API 명세서,유사연계,"REQ-STF-012, REQ-STF-043, REQ-STF-055, REQ-STF-017, REQ-STF-015, REQ-STF-041","동일 주제권이나 화면/도메인/운영 목적 차이 가능. 관련그룹=급여/정산/지출. 예: REQ-STF-012 권한·역할 관리, REQ-STF-043 직원 목록, REQ-STF-055 휴직/퇴사 상태 관리, REQ-STF-017 급여 명세서 출력","산출물(FG) / 문서. 3사 비교: BroJ=×, OnFit=×, LessonBook=×, FitGenie=○. 핏지니 산출물",,"BroJ=×, OnFit=×, LessonBook=×, FitGenie=○",3사앱 기능매트릭스: lastspr/요구리스트관련자료/3사앱 확인/판도/기능매트릭스 비교_v5.xlsx::기능매트릭스!R199,1,원천 기능행
REQ-OPS-013,인프라·운영,실시간 업데이트(Realtime),독립,,현재 기준 독립 요구사항으로 판단,"인프라·운영(FG) / 운영 자동화. 3사 비교: BroJ=△, OnFit=△, LessonBook=△, FitGenie=○. 핏지니 Realtime",,"BroJ=△, OnFit=△, LessonBook=△, FitGenie=○",3사앱 기능매트릭스: lastspr/요구리스트관련자료/3사앱 확인/판도/기능매트릭스 비교_v5.xlsx::기능매트릭스!R196,1,원천 기능행
REQ-OPS-014,인프라·운영,체성분 관리,유사연계,"REQ-MBR-046, REQ-MBR-047, REQ-APP-031, REQ-MBR-004, REQ-MBR-055, REQ-MBR-072","동일 주제권이나 화면/도메인/운영 목적 차이 가능. 관련그룹=체성분/인바디. 예: REQ-MBR-046 체성분(InBody) 관리, REQ-MBR-047 인바디 리포트 보기, REQ-APP-031 체성분/FMS 조회, REQ-MBR-004 AI 통합 분석(온핏 분석)","판도가 API를 제공하고, 제로스트가 CRM 화면 개발을 수행하는 구조로 이해.",,,회의록: lastspr/요구리스트관련자료/회의록/260518.md::L46,1,회의결정/논의
REQ-OPS-015,인프라·운영,"인프라 구성은 제로스트가 진행하되, 서버나 외부 API 구매 비용 등은 판도 측 부담으로 정리되어 있음",독립,,현재 기준 독립 요구사항으로 판단,"인프라 구성은 제로스트가 진행하되, 서버나 외부 API 구매 비용 등은 판도 측 부담으로 정리되어 있음",,,회의록: lastspr/요구리스트관련자료/회의록/260428.md::L135,1,회의결정/논의
REQ-OPS-016,인프라·운영,"인프라 구축과 스키마 설계는 프론트엔드 개발과 병행해서 진행하고, 중간에 API 업데이트 및 문서 기반 협업이 이어질 예정이라고 했습니다.",독립,,현재 기준 독립 요구사항으로 판단,"인프라 구축과 스키마 설계는 프론트엔드 개발과 병행해서 진행하고, 중간에 API 업데이트 및 문서 기반 협업이 이어질 예정이라고 했습니다.",,,회의록: lastspr/요구리스트관련자료/회의록/260414.md::L32,1,회의결정/논의
REQ-OPS-017,인프라·운영,일일 만료 처리·자동 알림 배치,유사연계,"REQ-MKT-029, REQ-SET-024, REQ-MKT-026, REQ-MKT-027, REQ-MKT-028, REQ-RSV-014","동일 주제권이나 화면/도메인/운영 목적 차이 가능. 관련그룹=자동알림/메시지. 예: REQ-MKT-029 자동알림 채널, REQ-SET-024 알림 센터, REQ-MKT-026 자동 알림 설정·트리거, REQ-MKT-027 자동알림(신규) 트리거","인프라·운영(FG) / 운영 자동화. 3사 비교: BroJ=△, OnFit=△, LessonBook=△, FitGenie=○. 핏지니 배치",,"BroJ=△, OnFit=△, LessonBook=△, FitGenie=○",3사앱 기능매트릭스: lastspr/요구리스트관련자료/3사앱 확인/판도/기능매트릭스 비교_v5.xlsx::기능매트릭스!R197,1,원천 기능행
REQ-OPS-018,인프라·운영,"전체적으로는 5월 중 백엔드/API 작업이 상당 부분 진행되고, 프론트 연결 및 검증 기간은 6월에 집중될 가능성이 높다고 봤습니다.",독립,,현재 기준 독립 요구사항으로 판단,"전체적으로는 5월 중 백엔드/API 작업이 상당 부분 진행되고, 프론트 연결 및 검증 기간은 6월에 집중될 가능성이 높다고 봤습니다.",,,회의록: lastspr/요구리스트관련자료/회의록/260414.md::L30,1,회의결정/논의
REQ-OPS-019,인프라·운영,"제로스트는 CRM에서 필요한 경우 해당 API와 연동해 조회, 표시, 상태 관리 등을 처리",부분포함,,상위 화면의 탭/필터/목록/모달/입력항목으로 포함될 수 있어 화면 단위 검토 필요,"제로스트는 CRM에서 필요한 경우 해당 API와 연동해 조회, 표시, 상태 관리 등을 처리",,,회의록: lastspr/요구리스트관련자료/회의록/260428.md::L86,1,회의결정/논의
REQ-OPS-020,인프라·운영,"제로스트 측은 계약 기능 리스트에 포함된 내용은 수행하되, 포함되지 않은 신규 기능이나 추가 연동 범위는 별도 산정이 필요하다고 설명",독립,,현재 기준 독립 요구사항으로 판단,"제로스트 측은 계약 기능 리스트에 포함된 내용은 수행하되, 포함되지 않은 신규 기능이나 추가 연동 범위는 별도 산정이 필요하다고 설명",,,회의록: lastspr/요구리스트관련자료/회의록/260428.md::L67,1,회의결정/논의
REQ-OPS-021,인프라·운영,"제로스트 측은 모바일 앱 자체가 계약 범위에는 없으므로, 앱에 필요한 API가 많아질 경우 추가 공수로 볼 수 있다고 설명",독립,,현재 기준 독립 요구사항으로 판단,"제로스트 측은 모바일 앱 자체가 계약 범위에는 없으므로, 앱에 필요한 API가 많아질 경우 추가 공수로 볼 수 있다고 설명",,,회의록: lastspr/요구리스트관련자료/회의록/260428.md::L109,1,회의결정/논의
REQ-OPS-022,인프라·운영,주소 API·DB 마이그레이션·복구,독립,,현재 기준 독립 요구사항으로 판단,"인프라·운영(FG) / 데이터 정합성. 3사 비교: BroJ=△, OnFit=△, LessonBook=△, FitGenie=○. 핏지니 정합성",,"BroJ=△, OnFit=△, LessonBook=△, FitGenie=○",3사앱 기능매트릭스: lastspr/요구리스트관련자료/3사앱 확인/판도/기능매트릭스 비교_v5.xlsx::기능매트릭스!R195,1,원천 기능행
REQ-OPS-023,인프라·운영,"최신 기획/TC: TC는 최신 기획에 가깝게 작성된 것으로 보고, 제로스트가 API 초안 및 TC도 함께 검토하기로 함.",독립,,현재 기준 독립 요구사항으로 판단,"최신 기획/TC: TC는 최신 기획에 가깝게 작성된 것으로 보고, 제로스트가 API 초안 및 TC도 함께 검토하기로 함.",,,회의록: lastspr/요구리스트관련자료/회의록/260518.md::L6,1,회의결정/논의
REQ-OPS-024,인프라·운영,최종 기획본은 **5월 15일까지 내부 검수 완료 후 확정본으로 전달**하는 방향으로 논의,독립,,현재 기준 독립 요구사항으로 판단,최종 기획본은 **5월 15일까지 내부 검수 완료 후 확정본으로 전달**하는 방향으로 논의,,,회의록: lastspr/요구리스트관련자료/회의록/260428.md::L39,1,회의결정/논의
REQ-OPS-025,인프라·운영,테스트 시나리오·운영자 매뉴얼,독립,,현재 기준 독립 요구사항으로 판단,"산출물(FG) / 문서. 3사 비교: BroJ=×, OnFit=×, LessonBook=×, FitGenie=○. 핏지니 산출물",,"BroJ=×, OnFit=×, LessonBook=×, FitGenie=○",3사앱 기능매트릭스: lastspr/요구리스트관련자료/3사앱 확인/판도/기능매트릭스 비교_v5.xlsx::기능매트릭스!R200,1,원천 기능행
REQ-OPS-026,인프라·운영,판도 개발팀은 장비 제어 및 하드웨어 연동 테스트를 자체적으로 수행해야 함,독립,,현재 기준 독립 요구사항으로 판단,판도 개발팀은 장비 제어 및 하드웨어 연동 테스트를 자체적으로 수행해야 함,,,회의록: lastspr/요구리스트관련자료/회의록/260428.md::L127,1,회의결정/논의
REQ-OPS-027,인프라·운영,판도는 시설 관련 장비 제어 API 또는 장비 상태 API를 제공,독립,,현재 기준 독립 요구사항으로 판단,판도는 시설 관련 장비 제어 API 또는 장비 상태 API를 제공,,,회의록: lastspr/요구리스트관련자료/회의록/260428.md::L96,1,회의결정/논의
REQ-OPS-028,인프라·운영,판도는 장비 제어 및 상태 조회 API를 제공,부분포함,,상위 화면의 탭/필터/목록/모달/입력항목으로 포함될 수 있어 화면 단위 검토 필요,판도는 장비 제어 및 상태 조회 API를 제공,,,회의록: lastspr/요구리스트관련자료/회의록/260428.md::L85,1,회의결정/논의
REQ-OPS-029,인프라·운영,"판도 측도 15번, 16번, 17번 항목 및 회원 앱 API 등은 문서로 다시 정리해 제로스트에 전달하기로 함",독립,,현재 기준 독립 요구사항으로 판단,"판도 측도 15번, 16번, 17번 항목 및 회원 앱 API 등은 문서로 다시 정리해 제로스트에 전달하기로 함",,,회의록: lastspr/요구리스트관련자료/회의록/260428.md::L68,1,회의결정/논의
REQ-OPS-030,인프라·운영,판도 측에서는 DB 스키마와 API 설계가 먼저 어느 정도 정리되어야 대시보드 개발이 수월하다는 점을 짚었습니다.,유사연계,"REQ-RSV-018, REQ-HQ-015, REQ-HQ-039, REQ-HQ-142, REQ-HQ-006, REQ-HQ-085","동일 주제권이나 화면/도메인/운영 목적 차이 가능. 관련그룹=대시보드/KPI. 예: REQ-RSV-018 대시보드는 이번 주 안에 우선 고정해서 스포짐 측이 화면을 보고 넣을 것과 뺄 것을 결정해야 다음 일정 지연을 막을 수 있다는 의견이 나왔습니다., REQ-HQ-015 KPI 대시보드(24종), REQ-HQ-039 대시보드 범위는 원래 KPI 중심으로 보는 흐름이었지만, 개발 과정에서 필요하면 판도 측이 대시보드 전체를 가져가는 방식으로도 유연하게 조정 가능하다고 했습니다., REQ-HQ-142 현재 KPI 대시보드는 구글 스프레드시트가 아니라 기존 KPI 대시보드 엑셀을 참고해 만든 것이며, 실제 필요한 데이터 항목은 개발 중 추가 요청 또는 API 확장으로 보완할 수 있다고 했습니다.",판도 측에서는 DB 스키마와 API 설계가 먼저 어느 정도 정리되어야 대시보드 개발이 수월하다는 점을 짚었습니다.,,,회의록: lastspr/요구리스트관련자료/회의록/260414.md::L19,1,회의결정/논의
REQ-OPS-031,인프라·운영,해당 앱에서 필요한 데이터 API는 CRM 또는 제로스트 개발 범위와 연결될 가능성이 있음,독립,,현재 기준 독립 요구사항으로 판단,해당 앱에서 필요한 데이터 API는 CRM 또는 제로스트 개발 범위와 연결될 가능성이 있음,,,회의록: lastspr/요구리스트관련자료/회의록/260428.md::L108,1,회의결정/논의
REQ-OPS-032,인프라·운영,"현재 화면은 더미 데이터와 일부 연동된 백엔드가 혼재되어 있어, 구조 파악용으로는 충분하지만 실제 데이터 기준으로는 일부 차이가 있을 수 있다고 했습니다.",독립,,현재 기준 독립 요구사항으로 판단,"현재 화면은 더미 데이터와 일부 연동된 백엔드가 혼재되어 있어, 구조 파악용으로는 충분하지만 실제 데이터 기준으로는 일부 차이가 있을 수 있다고 했습니다.",,,회의록: lastspr/요구리스트관련자료/회의록/260414.md::L6,1,회의결정/논의
REQ-GEN-001,공통·기타,"CRM은 현재 퍼블리싱 변경 과정에서 구조가 뒤섞여 있어, 실제 정책과 운영 구조를 화면만 보고 파악하기 어렵다는 문제가 공유됐습니다.",독립,,현재 기준 독립 요구사항으로 판단,"CRM은 현재 퍼블리싱 변경 과정에서 구조가 뒤섞여 있어, 실제 정책과 운영 구조를 화면만 보고 파악하기 어렵다는 문제가 공유됐습니다.",,,회의록: lastspr/요구리스트관련자료/회의록/260428.md::L9,1,회의결정/논의
REQ-GEN-002,공통·기타,"Fit Genie는 현재 목업 기반으로 계속 진행 중이며, 전체 기획은 약 80% 완료된 상태이고 남은 20%는 앱 파트와 세부 디테일 조정 영역이라고 설명했습니다.",독립,,현재 기준 독립 요구사항으로 판단,"Fit Genie는 현재 목업 기반으로 계속 진행 중이며, 전체 기획은 약 80% 완료된 상태이고 남은 20%는 앱 파트와 세부 디테일 조정 영역이라고 설명했습니다.",,,회의록: lastspr/요구리스트관련자료/회의록/260414.md::L3,1,회의결정/논의
REQ-GEN-003,공통·기타,FMS/체형 리포트,독립,,현재 기준 독립 요구사항으로 판단,"Member App > AI 진단 리포트 > 리포트 메인. FMS 결과(가동성·불균형·자세 문제)를 시각화해서 보여주고, 문제 부위별 권장 운동/주의사항을 안내한다.. Input=회원ID, FMS 측정 데이터, 체형 분석 결과. Output=문제 부위 리스트, 권장 운동/주의사항 텍스트. 대안=",,,스포짐 요구사항: lastspr/요구리스트관련자료/스포짐요구사항/스포짐FG_수정_공유 2025_1228.xlsx::4. (수정)VC 디스크립션!R25,1,스포짐 원천요구
REQ-GEN-004,공통·기타,One-Line 히스토리 보기,부분포함,,상위 화면의 탭/필터/목록/모달/입력항목으로 포함될 수 있어 화면 단위 검토 필요,"Staff App > One-Line > 히스토리. 지난 One-Line 목표·리플렉션을 날짜별로 조회하여 자신의 성장/패턴을 볼 수 있다.. Input=직원ID, 기간 필터, 저장된 One-Line 기록. Output=히스토리 리스트(날짜/목표/리플렉션/달성 상태). 대안=",,,스포짐 요구사항: lastspr/요구리스트관련자료/스포짐요구사항/스포짐FG_수정_공유 2025_1228.xlsx::4. (수정)VC 디스크립션!R88,1,스포짐 원천요구
REQ-GEN-005,공통·기타,UX,유사연계,"REQ-HQ-008, REQ-APP-026, REQ-MBR-004, REQ-MBR-010, REQ-MBR-020, REQ-MBR-022","동일 주제권이나 화면/도메인/운영 목적 차이 가능. 관련그룹=출입/키오스크/모바일. 예: REQ-HQ-008 GX 수업 예약 및 출석 자동화, REQ-APP-026 수업 목록·예약(PT/OT/GX/Golf), REQ-MBR-004 AI 통합 분석(온핏 분석), REQ-MBR-010 QR 출입 관리 시스템","종합 요약. BroJ=우측 사이드패널, 카드뷰 POS; OnFit=키오스크·모바일앱 별도 관리; FitPlat 결정=BroJ UX 패턴 우선",,,BroJ vs OnFit 비교분석: lastspr/요구리스트관련자료/3사앱 확인/심프로/비교분석_BroJ_vs_OnFit.md::L21,1,경쟁사 비교/채택전략
REQ-GEN-006,공통·기타,"구두 합의나 기억에 의존하지 않고, 최종적으로는 문서에 남기는 방식으로 진행하기로 함",독립,,현재 기준 독립 요구사항으로 판단,"구두 합의나 기억에 의존하지 않고, 최종적으로는 문서에 남기는 방식으로 진행하기로 함",,,회의록: lastspr/요구리스트관련자료/회의록/260428.md::L66,1,회의결정/논의
REQ-GEN-007,공통·기타,구매 요청 승인,독립,,현재 기준 독립 요구사항으로 판단,"Manager App > 전자결재 > 결재 리스트. 지점에서 올라온 구매요청을 결재·반려·코멘트할 수 있다.. Input=결재 요청서, 금액, 첨부 파일, 직원ID. Output=결재 승인/반려 결과, 코멘트 기록. 대안=",,,스포짐 요구사항: lastspr/요구리스트관련자료/스포짐요구사항/스포짐FG_수정_공유 2025_1228.xlsx::4. (수정)VC 디스크립션!R121,1,스포짐 원천요구
REQ-GEN-008,공통·기타,기능 명세와 화면 설계는 **마크다운 파일 형태로 상세본을 전달**하는 것이 가장 효율적이라는 데 의견이 모임,부분포함,,상위 화면의 탭/필터/목록/모달/입력항목으로 포함될 수 있어 화면 단위 검토 필요,기능 명세와 화면 설계는 **마크다운 파일 형태로 상세본을 전달**하는 것이 가장 효율적이라는 데 의견이 모임,,,회의록: lastspr/요구리스트관련자료/회의록/260428.md::L42,1,회의결정/논의
REQ-GEN-009,공통·기타,기본 정보 관리,부분포함,,상위 화면의 탭/필터/목록/모달/입력항목으로 포함될 수 있어 화면 단위 검토 필요,"Member App > 마이페이지 > 프로필. 이름, 연락처, 성별, 생년월일 등 기본 정보를 조회/수정한다.. Input=회원ID, 입력된 프로필 정보. Output=수정된 프로필 데이터, 변경 이력. 대안=",,,스포짐 요구사항: lastspr/요구리스트관련자료/스포짐요구사항/스포짐FG_수정_공유 2025_1228.xlsx::4. (수정)VC 디스크립션!R55,1,스포짐 원천요구
REQ-GEN-010,공통·기타,기존 슬랙 또는 카카오톡방을 활용해 실무 커뮤니케이션을 이어가기로 함,독립,,현재 기준 독립 요구사항으로 판단,기존 슬랙 또는 카카오톡방을 활용해 실무 커뮤니케이션을 이어가기로 함,,,회의록: lastspr/요구리스트관련자료/회의록/260428.md::L143,1,회의결정/논의
REQ-GEN-011,공통·기타,"기획 완료 목표 시점은 5월 15일로 보고 있으나, 실제 개발 착수 가능 수준은 그보다 약 2주 이내에 먼저 확보될 수 있다고 공유했습니다.",독립,,현재 기준 독립 요구사항으로 판단,"기획 완료 목표 시점은 5월 15일로 보고 있으나, 실제 개발 착수 가능 수준은 그보다 약 2주 이내에 먼저 확보될 수 있다고 공유했습니다.",,,회의록: lastspr/요구리스트관련자료/회의록/260414.md::L4,1,회의결정/논의
REQ-GEN-012,공통·기타,기획 파트는 테스트 케이스 포맷을 공유하기로 함,독립,,현재 기준 독립 요구사항으로 판단,기획 파트는 테스트 케이스 포맷을 공유하기로 함,,,회의록: lastspr/요구리스트관련자료/회의록/260428.md::L117,1,회의결정/논의
REQ-GEN-013,공통·기타,"기획 파트는 현재 버전이라도 먼저 공유하고, 변동 가능성이 있는 영역을 함께 표시하기로 함",독립,,현재 기준 독립 요구사항으로 판단,"기획 파트는 현재 버전이라도 먼저 공유하고, 변동 가능성이 있는 영역을 함께 표시하기로 함",,,회의록: lastspr/요구리스트관련자료/회의록/260428.md::L44,1,회의결정/논의
REQ-GEN-014,공통·기타,다만 16번 영역에서 CRM 쪽에 실제로 어떤 기능이 필요한지는 명확한 기능 리스트가 필요함,독립,,현재 기준 독립 요구사항으로 판단,다만 16번 영역에서 CRM 쪽에 실제로 어떤 기능이 필요한지는 명확한 기능 리스트가 필요함,,,회의록: lastspr/요구리스트관련자료/회의록/260428.md::L87,1,회의결정/논의
REQ-GEN-015,공통·기타,"다만 Fit Genie 전체 기획 문서를 완결된 형태로 바로 전달할 시간은 부족하고, 대신 어떤 기능을 개발해야 하는지와 어떤 부분을 추가해야 하는지를 중심으로 설명해주겠다고 했습니다.",독립,,현재 기준 독립 요구사항으로 판단,"다만 Fit Genie 전체 기획 문서를 완결된 형태로 바로 전달할 시간은 부족하고, 대신 어떤 기능을 개발해야 하는지와 어떤 부분을 추가해야 하는지를 중심으로 설명해주겠다고 했습니다.",,,회의록: lastspr/요구리스트관련자료/회의록/260414.md::L20,1,회의결정/논의
REQ-GEN-016,공통·기타,다만 빠른 소통 채널로는 카카오톡방도 병행 활용할 수 있게 유지하기로 했습니다.,독립,,현재 기준 독립 요구사항으로 판단,다만 빠른 소통 채널로는 카카오톡방도 병행 활용할 수 있게 유지하기로 했습니다.,,,회의록: lastspr/요구리스트관련자료/회의록/260414.md::L23,1,회의결정/논의
REQ-GEN-017,공통·기타,"다음 주 월요일에 Fit Genie 측이 직접 방문해 차이 나는 요구사항과 추가 필요한 내용을 설명할 예정이었지만, 판도 측 주요 담당자가 월요일 부재라 화요일로 조정하는 방안이 논의됐습니다.",독립,,현재 기준 독립 요구사항으로 판단,"다음 주 월요일에 Fit Genie 측이 직접 방문해 차이 나는 요구사항과 추가 필요한 내용을 설명할 예정이었지만, 판도 측 주요 담당자가 월요일 부재라 화요일로 조정하는 방안이 논의됐습니다.",,,회의록: lastspr/요구리스트관련자료/회의록/260414.md::L28,1,회의결정/논의
REQ-GEN-018,공통·기타,"단, 중요한 결정사항은 반드시 문서화하기로 함",독립,,현재 기준 독립 요구사항으로 판단,"단, 중요한 결정사항은 반드시 문서화하기로 함",,,회의록: lastspr/요구리스트관련자료/회의록/260428.md::L144,1,회의결정/논의
REQ-GEN-019,공통·기타,"대신 5월 말 중간 점검 미팅을 통해 개발 진행 상황을 공유하고, 필요 시 주간 또는 수시로 진행 상황을 공유하기로 함",독립,,현재 기준 독립 요구사항으로 판단,"대신 5월 말 중간 점검 미팅을 통해 개발 진행 상황을 공유하고, 필요 시 주간 또는 수시로 진행 상황을 공유하기로 함",,,회의록: lastspr/요구리스트관련자료/회의록/260428.md::L147,1,회의결정/논의
REQ-GEN-020,공통·기타,대원칙은 문서화된 계약 범위와 기능 리스트를 기준으로 판단하기로 함,독립,,현재 기준 독립 요구사항으로 판단,대원칙은 문서화된 계약 범위와 기능 리스트를 기준으로 판단하기로 함,,,회의록: lastspr/요구리스트관련자료/회의록/260428.md::L65,1,회의결정/논의
REQ-GEN-021,공통·기타,"따라서 제로스트는 화면 설계와 기능 명세가 명확해지면, 자체적으로 디자인과 퍼블리싱을 진행할 수 있음",독립,,현재 기준 독립 요구사항으로 판단,"따라서 제로스트는 화면 설계와 기능 명세가 명확해지면, 자체적으로 디자인과 퍼블리싱을 진행할 수 있음",,,회의록: lastspr/요구리스트관련자료/회의록/260428.md::L57,1,회의결정/논의
REQ-GEN-022,공통·기타,로그/감사 통합 기준,독립,,현재 기준 독립 요구사항으로 판단,온핏 기반=없음; 브로제이 보완=로그기록(Beta) ✓; 레슨북 고도화=—,,,3사앱 역할비교 DOCX: lastspr/요구리스트관련자료/3사앱 확인/심프로/통합_헬스장_관리시스템_기획문서.docx::기능영역표 R17,1,역할비교/중복보강
REQ-GEN-023,공통·기타,루틴 완료 체크,독립,,현재 기준 독립 요구사항으로 판단,"Member App > 오늘의 운동 루틴 > 루틴 완료. 오늘 루틴의 전체 운동을 완료하면 “완료” 처리 및 요약 화면(칼로리, 사용 시간 등)을 보여준다.. Input=회원ID, 루틴ID, 각 운동 완료 여부, 소요 시간. Output=루틴 완료 플래그, 요약 통계(시간/운동 수/칼로리). 대안=",,,스포짐 요구사항: lastspr/요구리스트관련자료/스포짐요구사항/스포짐FG_수정_공유 2025_1228.xlsx::4. (수정)VC 디스크립션!R22,1,스포짐 원천요구
REQ-GEN-024,공통·기타,루틴 완료 포인트,부분포함,,상위 화면의 탭/필터/목록/모달/입력항목으로 포함될 수 있어 화면 단위 검토 필요,"Member App > 스트레칭존 > 루틴 완료. 스트레칭 루틴을 완료하면 포인트를 지급하고, 스트레칭 이용량에 따라 배지를 부여한다.. Input=회원ID, 스트레칭 루틴ID, 완료 여부, 수행 횟수. Output=포인트/배지 지급 로그, 스트레칭 이용 통계. 대안=",,,스포짐 요구사항: lastspr/요구리스트관련자료/스포짐요구사항/스포짐FG_수정_공유 2025_1228.xlsx::4. (수정)VC 디스크립션!R43,1,스포짐 원천요구
REQ-GEN-025,공통·기타,리커버리/사우나 추천 영역,부분포함,,상위 화면의 탭/필터/목록/모달/입력항목으로 포함될 수 있어 화면 단위 검토 필요,"Member App > 홈 > 홈 메인. 최근 운동·방문 패턴을 기반으로 사우나/리커버리존 이용을 추천하는 카드(예: “오늘은 회복 루틴 + 사우나 10분”)를 노출한다.. Input=회원 방문 기록, 루틴 수행 기록, 사우나/리커버리 이용 기록. Output=추천 카드 내용, 추천 클릭/무시 로그. 대안=",,,스포짐 요구사항: lastspr/요구리스트관련자료/스포짐요구사항/스포짐FG_수정_공유 2025_1228.xlsx::4. (수정)VC 디스크립션!R6,1,스포짐 원천요구
REQ-GEN-026,공통·기타,멀티지점 관리,독립,,현재 기준 독립 요구사항으로 판단,8. UX · 기타. BroJ=★★; OnFit=★★★ 지점별 설정·통합 통계; FitPlat 결정=**OnFit** 채택,,,BroJ vs OnFit 비교분석: lastspr/요구리스트관련자료/3사앱 확인/심프로/비교분석_BroJ_vs_OnFit.md::L155,1,경쟁사 비교/채택전략
REQ-GEN-027,공통·기타,"모바일 디자인은 아직 최종 디자인 산출물로 보기 어렵고, 현재 자료는 기획·퍼블리싱 중간 단계에 가깝다는 인식이 공유됐습니다.",독립,,현재 기준 독립 요구사항으로 판단,"모바일 디자인은 아직 최종 디자인 산출물로 보기 어렵고, 현재 자료는 기획·퍼블리싱 중간 단계에 가깝다는 인식이 공유됐습니다.",,,회의록: lastspr/요구리스트관련자료/회의록/260428.md::L11,1,회의결정/논의
REQ-GEN-028,공통·기타,방문 히스토리,독립,,현재 기준 독립 요구사항으로 판단,"Member App > 마이페이지 > 방문 기록. 최근 방문 일자, 주간/월간 방문 빈도, 출석 패턴을 보여준다.. Input=체크인 로그, 회원ID. Output=방문 히스토리 리스트, 주간/월간 통계. 대안=",,,스포짐 요구사항: lastspr/요구리스트관련자료/스포짐요구사항/스포짐FG_수정_공유 2025_1228.xlsx::4. (수정)VC 디스크립션!R57,1,스포짐 원천요구
REQ-GEN-029,공통·기타,배지 목록/조건 보기,부분포함,,상위 화면의 탭/필터/목록/모달/입력항목으로 포함될 수 있어 화면 단위 검토 필요,"Member App > 포인트/배지 > 배지 컬렉션. 획득한 배지/미획득 배지를 모아서 보여주고, 각 배지의 달성 조건을 설명한다.. Input=회원ID, 배지 마스터, 회원 배지 획득 이력. Output=보유 배지 리스트, 미획득 배지 및 조건 정보. 대안=",,,스포짐 요구사항: lastspr/요구리스트관련자료/스포짐요구사항/스포짐FG_수정_공유 2025_1228.xlsx::4. (수정)VC 디스크립션!R50,1,스포짐 원천요구
REQ-GEN-030,공통·기타,별도 WBS는 만들지 않는 방향으로 논의,독립,,현재 기준 독립 요구사항으로 판단,별도 WBS는 만들지 않는 방향으로 논의,,,회의록: lastspr/요구리스트관련자료/회의록/260428.md::L146,1,회의결정/논의
REQ-GEN-031,공통·기타,세트/반복/중량 안내,부분포함,,상위 화면의 탭/필터/목록/모달/입력항목으로 포함될 수 있어 화면 단위 검토 필요,"Member App > 오늘의 운동 루틴 > 운동 상세. 각 운동별 세트수, 반복수, 권장 중량, 난이도(Level 1~4)를 상세 화면에서 안내한다.. Input=운동ID, AI 추천 파라미터, 회원 레벨. Output=운동 상세 정보(세트/반복/중량/난이도) 표시 데이터. 대안=",,,스포짐 요구사항: lastspr/요구리스트관련자료/스포짐요구사항/스포짐FG_수정_공유 2025_1228.xlsx::4. (수정)VC 디스크립션!R20,1,스포짐 원천요구
REQ-GEN-032,공통·기타,수행 기록 입력,부분포함,,상위 화면의 탭/필터/목록/모달/입력항목으로 포함될 수 있어 화면 단위 검토 필요,"Member App > 오늘의 운동 루틴 > 운동 상세. 실제 수행 세트·반복·중량, 난이도 체감, 통증 상태를 입력해 운동 기록과 AI 학습 데이터로 저장한다.. Input=회원ID, 운동ID, 수행 세트/반복/중량, 통증 점수, 난이도 체감. Output=운동 수행 기록(Workout_Record), 다음 루틴 추천에 활용되는 피드백 데이터. 대안=",,,스포짐 요구사항: lastspr/요구리스트관련자료/스포짐요구사항/스포짐FG_수정_공유 2025_1228.xlsx::4. (수정)VC 디스크립션!R21,1,스포짐 원천요구
REQ-GEN-033,공통·기타,승인/반려 처리,유사연계,"REQ-OPS-017, REQ-MBR-022, REQ-PAY-031, REQ-FAC-048, REQ-MKT-030, REQ-MBR-010","동일 주제권이나 화면/도메인/운영 목적 차이 가능. 관련그룹=자동알림/메시지. 예: REQ-OPS-017 일일 만료 처리·자동 알림 배치, REQ-MBR-022 법인 회원권, REQ-PAY-031 미수금 관리, REQ-FAC-048 청결 인증률 보기","Manager App > 전자결재 > 결재 상세. 결재 시 의견을 남기거나 반려 사유를 입력할 수 있다.. Input=결재자ID, 승인/반려 액션, 코멘트. Output=결재 처리 결과 로그, 알림 발송. 대안=",,,스포짐 요구사항: lastspr/요구리스트관련자료/스포짐요구사항/스포짐FG_수정_공유 2025_1228.xlsx::4. (수정)VC 디스크립션!R125,1,스포짐 원천요구
REQ-GEN-034,공통·기타,시간별 루틴 옵션,독립,,현재 기준 독립 요구사항으로 판단,"Member App > 오늘의 운동 루틴 > 루틴 리스트. 20/40/60분 등 가용 시간에 따라 다른 버전의 루틴(짧은 버전/표준/롱)을 선택할 수 있게 한다.. Input=회원 가용 시간 선택, AI 루틴 템플릿. Output=선택 가능한 시간별 루틴 옵션, 선택된 루틴ID. 대안=",,,스포짐 요구사항: lastspr/요구리스트관련자료/스포짐요구사항/스포짐FG_수정_공유 2025_1228.xlsx::4. (수정)VC 디스크립션!R18,1,스포짐 원천요구
REQ-GEN-035,공통·기타,액션 큐,독립,,현재 기준 독립 요구사항으로 판단,긴급/우선/일반/완료/미룸 기준이 명확히 정의되어 있지 않음. / 일자순일 가능성이 언급됐으나 확정 기준은 아니므로 기준 정의 필요.,,,회의록: lastspr/요구리스트관련자료/회의록/260518.md::L26,1,회의결정/논의
REQ-GEN-036,공통·기타,오늘의 One-Line 목표 입력,유사연계,"REQ-HQ-021, REQ-STF-008, REQ-HQ-001, REQ-HQ-020, REQ-HQ-062, REQ-CLS-010","동일 주제권이나 화면/도메인/운영 목적 차이 가능. 관련그룹=대시보드/KPI, 권한/역할. 예: REQ-HQ-021 One-Line 목표 달성률, REQ-STF-008 One-Line 패턴 분석, REQ-HQ-001 AI One-Line 추천 리스트, REQ-HQ-020 One-Line Daily Mission (DM)","Staff App > One-Line > One-Line 메인. 아침에 “오늘 나는 무엇을 달성하겠다” 한 줄 목표를 입력하거나 AI 추천 문장 중 하나를 선택한다.. Input=직원ID, 역할, 지점/지점 KPI, 개인 KPI, AI 추천 후보 문장 리스트, 선택/직접 입력 텍스트. Output=저장된 One-Line 목표, 선택/수정 이력. 대안=",,,스포짐 요구사항: lastspr/요구리스트관련자료/스포짐요구사항/스포짐FG_수정_공유 2025_1228.xlsx::4. (수정)VC 디스크립션!R85,1,스포짐 원천요구
REQ-GEN-037,공통·기타,오늘의 운동 카드,유사연계,"REQ-MBR-073, REQ-STF-031, REQ-MBR-049, REQ-HQ-102, REQ-MBR-030, REQ-HQ-111","동일 주제권이나 화면/도메인/운영 목적 차이 가능. 관련그룹=회원등급/세그먼트. 예: REQ-MBR-073 회원 요약 카드, REQ-STF-031 인센티브 자동 산출, REQ-MBR-049 재등록 대상 자동 추출, REQ-HQ-102 자동 생성 Task 리스트","Member App > 홈 > 홈 메인. 오늘 방문 시 수행해야 할 AI 루틴(5~7개)을 카드 형태로 보여주고, “시작하기”로 루틴 화면으로 진입한다.. Input=회원ID, 오늘 날짜, AI 루틴 리스트, LTV/P-Score. Output=오늘의 루틴 카드 정보, 선택/시작 이벤트 로그. 대안=",,,스포짐 요구사항: lastspr/요구리스트관련자료/스포짐요구사항/스포짐FG_수정_공유 2025_1228.xlsx::4. (수정)VC 디스크립션!R3,1,스포짐 원천요구
REQ-GEN-038,공통·기타,오늘의 할 일,독립,,현재 기준 독립 요구사항으로 판단,답변/라벨이 잘못 작성된 부분이 있어 기획 측에서 수정 및 보완하기로 함.,,,회의록: lastspr/요구리스트관련자료/회의록/260518.md::L68,1,회의결정/논의
REQ-GEN-039,공통·기타,"온핏 등 기존 시스템을 참고하되, 실제 백엔드 로직은 보이지 않으므로 필요한 정책은 새로 정의해야 함",독립,,현재 기준 독립 요구사항으로 판단,"온핏 등 기존 시스템을 참고하되, 실제 백엔드 로직은 보이지 않으므로 필요한 정책은 새로 정의해야 함",,,회의록: lastspr/요구리스트관련자료/회의록/260428.md::L99,1,회의결정/논의
REQ-GEN-040,공통·기타,우측 사이드패널,중복병합,"REQ-APP-022, REQ-STF-053, REQ-HQ-037, REQ-CLS-053, REQ-STF-048, REQ-STF-051","동일 또는 사실상 같은 요구를 2개 출처에서 병합. 관련그룹=권한/역할, 자동알림/메시지",8. UX · 기타. BroJ=★★★ **알림센터·일정관리·방문회원·원격제어센터** 상시 접근; OnFit=✗ 없음; FitPlat 결정=**BroJ** 사이드패널 채택 / PRD_08 시스템설정·권한 — 추가 필요,,,BroJ vs OnFit 비교분석: lastspr/요구리스트관련자료/3사앱 확인/심프로/비교분석_BroJ_vs_OnFit.md::L152 | BroJ vs OnFit PRD 보완: lastspr/요구리스트관련자료/3사앱 확인/심프로/비교분석_BroJ_vs_OnFit.md::L200,2,경쟁사 비교/채택전략
REQ-GEN-041,공통·기타,원격 제어,독립,,현재 기준 독립 요구사항으로 판단,8. UX · 기타. BroJ=★★★ 원격제어센터 (문 개방 등); OnFit=✗ 없음; FitPlat 결정=**BroJ** 원격제어 채택,,,BroJ vs OnFit 비교분석: lastspr/요구리스트관련자료/3사앱 확인/심프로/비교분석_BroJ_vs_OnFit.md::L157,1,경쟁사 비교/채택전략
REQ-GEN-042,공통·기타,위험 동작 자동 제외,독립,,현재 기준 독립 요구사항으로 판단,"Member App > 오늘의 운동 루틴 > 루틴 리스트. 통증 기록·FMS 결과를 반영해 허리/무릎 등 위험 부위에 부담되는 동작을 루틴에서 자동 제외하거나 대체 동작을 제안한다.. Input=회원 통증 기록, FMS 결과, 운동 라이브러리 태그. Output=제외된 동작 리스트, 대체 운동 매핑 정보. 대안=",,,스포짐 요구사항: lastspr/요구리스트관련자료/스포짐요구사항/스포짐FG_수정_공유 2025_1228.xlsx::4. (수정)VC 디스크립션!R19,1,스포짐 원천요구
REQ-GEN-043,공통·기타,일반적인 개발 순서는 다음과 같다고 정리됨,독립,,현재 기준 독립 요구사항으로 판단,화면 설계 / 와이어프레임 확정 / 디자인 시안 및 최종 디자인 확정 / 퍼블리싱 / 구현,,,회의록: lastspr/요구리스트관련자료/회의록/260428.md::L52,1,회의결정/논의
REQ-GEN-044,공통·기타,전자 계약 통합 기준,유사연계,"REQ-PAY-056, REQ-STF-033, REQ-STF-034, REQ-MBR-054, REQ-PAY-054, REQ-STF-013","동일 주제권이나 화면/도메인/운영 목적 차이 가능. 관련그룹=전자계약/서명. 예: REQ-PAY-056 전자 계약서, REQ-STF-033 전자계약서 유형, REQ-STF-034 전자 계약 (전자서명), REQ-MBR-054 즉시 전자서명",온핏 기반=모바일/태블릿 전자서명 ✓; 브로제이 보완=사진 업로드 방식 (구형); 레슨북 고도화=—,,,3사앱 역할비교 DOCX: lastspr/요구리스트관련자료/3사앱 확인/심프로/통합_헬스장_관리시스템_기획문서.docx::기능영역표 R3,1,역할비교/중복보강
REQ-GEN-045,공통·기타,"제로스트는 테스트 케이스 기준으로 내부 PM과 개발진이 단위 테스트를 수행하고, Pass/Fail 형태로 결과를 표시해 공유하는 방식으로 진행 가능하다고 설명",독립,,현재 기준 독립 요구사항으로 판단,"제로스트는 테스트 케이스 기준으로 내부 PM과 개발진이 단위 테스트를 수행하고, Pass/Fail 형태로 결과를 표시해 공유하는 방식으로 진행 가능하다고 설명",,,회의록: lastspr/요구리스트관련자료/회의록/260428.md::L125,1,회의결정/논의
REQ-GEN-046,공통·기타,제로스트 측은 16번과 17번 관련해서 “제로스트가 구현해야 할 기능 목록”이 있어야 공수와 추가 비용 여부를 판단할 수 있다고 설명,부분포함,,상위 화면의 탭/필터/목록/모달/입력항목으로 포함될 수 있어 화면 단위 검토 필요,제로스트 측은 16번과 17번 관련해서 “제로스트가 구현해야 할 기능 목록”이 있어야 공수와 추가 비용 여부를 판단할 수 있다고 설명,,,회의록: lastspr/요구리스트관련자료/회의록/260428.md::L88,1,회의결정/논의
REQ-GEN-047,공통·기타,제로스트 측은 개발 착수를 위해 **명확한 R&R과 완성도 높은 기획서**가 필요하다고 요청,독립,,현재 기준 독립 요구사항으로 판단,제로스트 측은 개발 착수를 위해 **명확한 R&R과 완성도 높은 기획서**가 필요하다고 요청,,,회의록: lastspr/요구리스트관련자료/회의록/260428.md::L37,1,회의결정/논의
REQ-GEN-048,공통·기타,"제로스트 측은 구두 논의만으로는 오류가 생길 수 있으므로, 최종 합의사항과 기능 정의는 문서로 남기는 것이 필요하다고 강조",독립,,현재 기준 독립 요구사항으로 판단,"제로스트 측은 구두 논의만으로는 오류가 생길 수 있으므로, 최종 합의사항과 기능 정의는 문서로 남기는 것이 필요하다고 강조",,,회의록: lastspr/요구리스트관련자료/회의록/260428.md::L145,1,회의결정/논의
REQ-GEN-049,공통·기타,제로스트 측은 디자인이 확정되지 않은 상태의 퍼블리싱은 재사용하기 어렵다고 설명,독립,,현재 기준 독립 요구사항으로 판단,제로스트 측은 디자인이 확정되지 않은 상태의 퍼블리싱은 재사용하기 어렵다고 설명,,,회의록: lastspr/요구리스트관련자료/회의록/260428.md::L51,1,회의결정/논의
REQ-GEN-050,공통·기타,"제로스트 측은 현재 포맷을 검토한 뒤, 추가로 필요한 항목이나 보완 포맷을 **목요일까지 피드백**하기로 함",독립,,현재 기준 독립 요구사항으로 판단,"제로스트 측은 현재 포맷을 검토한 뒤, 추가로 필요한 항목이나 보완 포맷을 **목요일까지 피드백**하기로 함",,,회의록: lastspr/요구리스트관련자료/회의록/260428.md::L41,1,회의결정/논의
REQ-GEN-051,공통·기타,"진행 방식: 제로스트가 기능별로 애매한 항목을 질의하고, 판도/기획 측이 기능 의도, 범위 판단, 추가 확인 필요 여부를 답변.",독립,,현재 기준 독립 요구사항으로 판단,"진행 방식: 제로스트가 기능별로 애매한 항목을 질의하고, 판도/기획 측이 기능 의도, 범위 판단, 추가 확인 필요 여부를 답변.",,,회의록: lastspr/요구리스트관련자료/회의록/260518.md::L4,1,회의결정/논의
REQ-GEN-052,공통·기타,최종적으로는 엔드투엔드 테스트 시나리오를 문서화해야 함,독립,,현재 기준 독립 요구사항으로 판단,최종적으로는 엔드투엔드 테스트 시나리오를 문서화해야 함,,,회의록: lastspr/요구리스트관련자료/회의록/260428.md::L128,1,회의결정/논의
REQ-GEN-053,공통·기타,추천 스트레칭 루틴,독립,,현재 기준 독립 요구사항으로 판단,"Member App > 스트레칭존 > 스트레칭 홈. FMS/통증/운동 패턴을 기반으로 오늘 필요한 스트레칭·폼롤러 루틴(3~5개)을 제안한다.. Input=회원 FMS, 통증 기록, 최근 운동/스트레칭 이용 데이터. Output=추천 스트레칭 루틴 리스트, 루틴ID. 대안=",,,스포짐 요구사항: lastspr/요구리스트관련자료/스포짐요구사항/스포짐FG_수정_공유 2025_1228.xlsx::4. (수정)VC 디스크립션!R41,1,스포짐 원천요구
REQ-GEN-054,공통·기타,카테고리별 스트레칭 영상,부분포함,,상위 화면의 탭/필터/목록/모달/입력항목으로 포함될 수 있어 화면 단위 검토 필요,"Member App > 스트레칭존 > 영상 리스트. 전신/어깨/허리/골반/종아리 등 카테고리로 나누어 스트레칭·폼롤러·코어 영상을 탐색할 수 있다.. Input=스트레칭 영상 라이브러리 메타데이터, 카테고리 정보. Output=필터링된 영상 리스트, 선택된 영상 재생ID. 대안=",,,스포짐 요구사항: lastspr/요구리스트관련자료/스포짐요구사항/스포짐FG_수정_공유 2025_1228.xlsx::4. (수정)VC 디스크립션!R42,1,스포짐 원천요구
REQ-GEN-055,공통·기타,"커뮤니케이션 도구는 기록을 남기기 위해 슬랙이 적합하다는 의견이 나왔고, 판도 측 이메일로 게스트 초대를 보내기로 했습니다.",독립,,현재 기준 독립 요구사항으로 판단,"커뮤니케이션 도구는 기록을 남기기 위해 슬랙이 적합하다는 의견이 나왔고, 판도 측 이메일로 게스트 초대를 보내기로 했습니다.",,,회의록: lastspr/요구리스트관련자료/회의록/260414.md::L22,1,회의결정/논의
REQ-GEN-056,공통·기타,"큰 정리 방향: 각 항목을 계약 포함 가능, 신규/추가 개발로 보임, 기획 명확화 후 판단 3가지로 구분해 후속 논의하기로 함.",독립,,현재 기준 독립 요구사항으로 판단,"큰 정리 방향: 각 항목을 계약 포함 가능, 신규/추가 개발로 보임, 기획 명확화 후 판단 3가지로 구분해 후속 논의하기로 함.",,,회의록: lastspr/요구리스트관련자료/회의록/260518.md::L5,1,회의결정/논의
REQ-GEN-057,공통·기타,테스트 케이스 기본 항목은 다음과 같이 언급됨,독립,,현재 기준 독립 요구사항으로 판단,TC ID / 화면 / 테스트 항목 / 선행 조건 / 수행 절차 / 기대 결과,,,회의록: lastspr/요구리스트관련자료/회의록/260428.md::L118,1,회의결정/논의
REQ-GEN-058,공통·기타,"통계/리포트 엑셀, PDF, 액션 버튼",부분포함,,상위 화면의 탭/필터/목록/모달/입력항목으로 포함될 수 있어 화면 단위 검토 필요,화면상 제공되는 기본 조작 버튼과 엑셀/PDF 다운로드 기능으로 이해. / 일부 문구/기획은 수정 후 다시 전달 필요.,,,회의록: lastspr/요구리스트관련자료/회의록/260518.md::L55,1,회의결정/논의
REQ-GEN-059,공통·기타,통증·부상 현황,독립,,현재 기준 독립 요구사항으로 판단,"Member App > AI 진단 리포트 > 리포트 메인. 통증 기록 히스토리와 최근 변화(개선/악화)를 보여주고, 통증 개선 상태를 점수화한다.. Input=회원 통증 기록 이력, 부상 관련 메모. Output=통증 변화 그래프, 통증 개선 점수. 대안=",,,스포짐 요구사항: lastspr/요구리스트관련자료/스포짐요구사항/스포짐FG_수정_공유 2025_1228.xlsx::4. (수정)VC 디스크립션!R26,1,스포짐 원천요구
REQ-GEN-060,공통·기타,퇴근 전 One-Line 리플렉션,유사연계,"REQ-HQ-001, REQ-STF-008, REQ-HQ-021, REQ-HQ-020, REQ-HQ-111, REQ-HQ-110","동일 주제권이나 화면/도메인/운영 목적 차이 가능. 관련그룹=대시보드/KPI. 예: REQ-HQ-001 AI One-Line 추천 리스트, REQ-STF-008 One-Line 패턴 분석, REQ-HQ-021 One-Line 목표 달성률, REQ-HQ-020 One-Line Daily Mission (DM)","Staff App > One-Line > 리플렉션. 퇴근 전 “오늘 나는 무엇을 달성했는가?” 한 줄 회고를 작성한다.. Input=직원ID, 당일 One-Line 목표, Today’s Work 완료 현황, 입력한 리플렉션 텍스트. Output=리플렉션 기록, 목표 달성 여부 태그, 다음날 우선순위 재배치 입력값. 대안=",,,스포짐 요구사항: lastspr/요구리스트관련자료/스포짐요구사항/스포짐FG_수정_공유 2025_1228.xlsx::4. (수정)VC 디스크립션!R87,1,스포짐 원천요구
REQ-GEN-061,공통·기타,"판도/기획 파트에서 진행 중인 “퍼블리싱”은 제로스트가 그대로 사용할 최종 퍼블리싱 산출물이라기보다는, 내부 검토와 UX 확인을 위한 프로토타입 성격이 강함",독립,,현재 기준 독립 요구사항으로 판단,"판도/기획 파트에서 진행 중인 “퍼블리싱”은 제로스트가 그대로 사용할 최종 퍼블리싱 산출물이라기보다는, 내부 검토와 UX 확인을 위한 프로토타입 성격이 강함",,,회의록: lastspr/요구리스트관련자료/회의록/260428.md::L50,1,회의결정/논의
REQ-GEN-062,공통·기타,포인트 내역 조회,유사연계,"REQ-MBR-060, REQ-PAY-044, REQ-PAY-059, REQ-HQ-149, REQ-PAY-001, REQ-PAY-002","동일 주제권이나 화면/도메인/운영 목적 차이 가능. 관련그룹=미수금/미납/잔액. 예: REQ-MBR-060 포인트/배지 요약, REQ-PAY-044 선수익금 조회, REQ-PAY-059 제로스트는 CRM 내에서 결제 상태, 회원 정보, 결제 이력, 미수금, 부분 결제, 승인번호 등 계약 범위에 포함된 관리 기능을 처리, REQ-HQ-149 회원 앱 결제
 : 언제 어디서나 간편 결제 가능
자동 정산
 : 모든 결제 데이터 실시간 회계 시스템 연동
미수금 자동 관리
 : 연체 시 자동 알림 및 결제 독촉
다양한 결제 수단
 : 카드, 계좌이체, 간편결제 등 선택권 확대","Member App > 포인트/배지 > 리워드 센터. 운동 루틴 완료, 스트레칭 이용, UGC 업로드 등으로 적립된 포인트 내역을 리스트로 보여준다.. Input=회원ID, 포인트 적립/사용 내역. Output=포인트 트랜잭션 리스트, 현재 잔액. 대안=",,,스포짐 요구사항: lastspr/요구리스트관련자료/스포짐요구사항/스포짐FG_수정_공유 2025_1228.xlsx::4. (수정)VC 디스크립션!R48,1,스포짐 원천요구
REQ-GEN-063,공통·기타,"프로젝트 종료 예상 시점을 6월 3주 차 정도로 보고 있으며, 목표는 6월 중순 전후로 완성도 높은 상태를 만드는 것이라고 설명했습니다.",독립,,현재 기준 독립 요구사항으로 판단,"프로젝트 종료 예상 시점을 6월 3주 차 정도로 보고 있으며, 목표는 6월 중순 전후로 완성도 높은 상태를 만드는 것이라고 설명했습니다.",,,회의록: lastspr/요구리스트관련자료/회의록/260414.md::L31,1,회의결정/논의
REQ-GEN-064,공통·기타,"피그마에서는 사이드바 기준으로 섹터와 페이지가 나뉘어 있어, 페이지 단위로 읽어보는 방식이 가장 이해하기 쉽다고 안내했습니다.",독립,,현재 기준 독립 요구사항으로 판단,"피그마에서는 사이드바 기준으로 섹터와 페이지가 나뉘어 있어, 페이지 단위로 읽어보는 방식이 가장 이해하기 쉽다고 안내했습니다.",,,회의록: lastspr/요구리스트관련자료/회의록/260414.md::L12,1,회의결정/논의
REQ-GEN-065,공통·기타,"현재 기획 산출물은 일반적인 와이어프레임 형태는 아니며, 화면과 기능 명세가 결합된 형태로 구성되어 있음",독립,,현재 기준 독립 요구사항으로 판단,"현재 기획 산출물은 일반적인 와이어프레임 형태는 아니며, 화면과 기능 명세가 결합된 형태로 구성되어 있음",,,회의록: lastspr/요구리스트관련자료/회의록/260428.md::L40,1,회의결정/논의
REQ-GEN-066,공통·기타,"협업이 필요한 구간은 대면보다 줌, 구글 미팅, 카카오톡, 슬랙 등 실시간 커뮤니케이션으로 빠르게 붙여서 해결하는 방식으로 진행하기로 했습니다.",독립,,현재 기준 독립 요구사항으로 판단,"협업이 필요한 구간은 대면보다 줌, 구글 미팅, 카카오톡, 슬랙 등 실시간 커뮤니케이션으로 빠르게 붙여서 해결하는 방식으로 진행하기로 했습니다.",,,회의록: lastspr/요구리스트관련자료/회의록/260414.md::L21,1,회의결정/논의
REQ-GEN-067,공통·기타,"회의 목적: 상세 기능 리스트, 기획 MD, 견적/계약 범위 간 불명확 항목을 확인하고 개발 범위 판단 기준을 맞추는 회의.",부분포함,,상위 화면의 탭/필터/목록/모달/입력항목으로 포함될 수 있어 화면 단위 검토 필요,"회의 목적: 상세 기능 리스트, 기획 MD, 견적/계약 범위 간 불명확 항목을 확인하고 개발 범위 판단 기준을 맞추는 회의.",,,회의록: lastspr/요구리스트관련자료/회의록/260518.md::L3,1,회의결정/논의
REQ-GEN-068,공통·기타,"회의에서는 이 부분을 즉석에서 확정하지 않고, 판도 개발팀과 기획 파트가 먼저 정리한 뒤 제로스트에 공유하기로 함",독립,,현재 기준 독립 요구사항으로 판단,"회의에서는 이 부분을 즉석에서 확정하지 않고, 판도 개발팀과 기획 파트가 먼저 정리한 뒤 제로스트에 공유하기로 함",,,회의록: lastspr/요구리스트관련자료/회의록/260428.md::L111,1,회의결정/논의
REQ-GEN-069,공통·기타,"회의 중 가장 큰 쟁점은 “어디까지 제로스트가 개발하고, 어디까지 판도 개발팀이 개발하는가”였음",독립,,현재 기준 독립 요구사항으로 판단,"회의 중 가장 큰 쟁점은 “어디까지 제로스트가 개발하고, 어디까지 판도 개발팀이 개발하는가”였음",,,회의록: lastspr/요구리스트관련자료/회의록/260428.md::L64,1,회의결정/논의
