"screenIndex","category","title","route","buttonNo","label","tag","status","actionability","detail","screenshot"
"1","공통","다이어그램 브라우저","/diagrams","1","▸ 1. 사이트맵 화면 간 이동 전체도","button","active","ok","클릭 가능","screenshots/screens/001-common-diagrams.png"
"1","공통","다이어그램 브라우저","/diagrams","2","▸ 2. 권한 매트릭스 6개 역할의 접근 범위","button","active","ok","클릭 가능","screenshots/screens/001-common-diagrams.png"
"1","공통","다이어그램 브라우저","/diagrams","3","▸ 3. 상태 전이 엔티티 16개 상태 흐름","button","active","ok","클릭 가능","screenshots/screens/001-common-diagrams.png"
"1","공통","다이어그램 브라우저","/diagrams","4","▸ 4. 업무 시나리오 X01~X30 실무 흐름","button","active","ok","클릭 가능","screenshots/screens/001-common-diagrams.png"
"1","공통","다이어그램 브라우저","/diagrams","5","▸ D01. 공통 / 대시보드 로그인·알림·글로벌검색","button","active","ok","클릭 가능","screenshots/screens/001-common-diagrams.png"
"1","공통","다이어그램 브라우저","/diagrams","6","▸ D02. 회원관리 [중요] 회원·이용권·체성분","button","active","ok","클릭 가능","screenshots/screens/001-common-diagrams.png"
"1","공통","다이어그램 브라우저","/diagrams","7","▸ D03. 매출 [중요] POS·결제·환불·미수금","button","active","ok","클릭 가능","screenshots/screens/001-common-diagrams.png"
"1","공통","다이어그램 브라우저","/diagrams","8","▸ D04. 수업 / PT [중요] 캘린더·그룹수업·횟수","button","active","ok","클릭 가능","screenshots/screens/001-common-diagrams.png"
"1","공통","다이어그램 브라우저","/diagrams","9","▸ D05. 상품 상품·할인·재고","button","active","ok","클릭 가능","screenshots/screens/001-common-diagrams.png"
"1","공통","다이어그램 브라우저","/diagrams","10","▸ D06. 시설 락커·운동복·타석","button","active","ok","클릭 가능","screenshots/screens/001-common-diagrams.png"
"1","공통","다이어그램 브라우저","/diagrams","11","▸ D07. 직원 근태·급여·퇴사","button","active","ok","클릭 가능","screenshots/screens/001-common-diagrams.png"
"1","공통","다이어그램 브라우저","/diagrams","12","▸ D08. 마케팅 [중요] 리드·쿠폰·전자계약","button","active","ok","클릭 가능","screenshots/screens/001-common-diagrams.png"
"1","공통","다이어그램 브라우저","/diagrams","13","▸ D09. 설정 센터·권한·키오스크","button","active","ok","클릭 가능","screenshots/screens/001-common-diagrams.png"
"1","공통","다이어그램 브라우저","/diagrams","14","▸ D10. 본사 본사·지점·KPI·감사","button","active","ok","클릭 가능","screenshots/screens/001-common-diagrams.png"
"1","공통","다이어그램 브라우저","/diagrams","15","▸ D11. IoT / 헬스 출입·체성분·밴드","button","active","ok","클릭 가능","screenshots/screens/001-common-diagrams.png"
"1","공통","다이어그램 브라우저","/diagrams","16","▸ 5. 자동화 크론 매일/매월 자동 실행","button","active","ok","클릭 가능","screenshots/screens/001-common-diagrams.png"
"1","공통","다이어그램 브라우저","/diagrams","17","▸ 6. 에러 카탈로그 에러코드별 대응","button","active","ok","클릭 가능","screenshots/screens/001-common-diagrams.png"
"1","공통","다이어그램 브라우저","/diagrams","18","▸ 60_kiosk_연동","button","active","ok","클릭 가능","screenshots/screens/001-common-diagrams.png"
"1","공통","다이어그램 브라우저","/diagrams","19","원본 보기 →","a","active","ok","클릭 가능","screenshots/screens/001-common-diagrams.png"
"1","공통","다이어그램 브라우저","/diagrams","20","+","button","active","ok","클릭 가능","screenshots/screens/001-common-diagrams.png"
"1","공통","다이어그램 브라우저","/diagrams","21","−","button","active","ok","클릭 가능","screenshots/screens/001-common-diagrams.png"
"1","공통","다이어그램 브라우저","/diagrams","22","화면맞춤","button","active","ok","클릭 가능","screenshots/screens/001-common-diagrams.png"
"1","공통","다이어그램 브라우저","/diagrams","23","100%","button","active","ok","클릭 가능","screenshots/screens/001-common-diagrams.png"
"1","공통","다이어그램 브라우저","/diagrams","24","200%","button","active","ok","클릭 가능","screenshots/screens/001-common-diagrams.png"
"2","공통","접근 권한 없음","/forbidden","1","통합 대시보드로 이동","button","active","ok","클릭 가능","screenshots/screens/002-common-forbidden.png"
"2","공통","접근 권한 없음","/forbidden","2","이전 페이지로","button","active","ok","클릭 가능","screenshots/screens/002-common-forbidden.png"
"3","공통","페이지를 찾을 수 없음","/not-found","1","통합 대시보드로 이동","button","active","ok","클릭 가능","screenshots/screens/003-common-not-found.png"
"3","공통","페이지를 찾을 수 없음","/not-found","2","이전 페이지로","button","active","ok","클릭 가능","screenshots/screens/003-common-not-found.png"
"4","인증","로그인","/login","1","button#1","button","active","ok","클릭 가능","screenshots/screens/004-auth-login.png"
"4","인증","로그인","/login","2","지점 관리","button","active","ok","클릭 가능","screenshots/screens/004-auth-login.png"
"4","인증","로그인","/login","3","상세 보기","button","active","ok","클릭 가능","screenshots/screens/004-auth-login.png"
"4","인증","로그인","/login","4","상세 보기","button","active","ok","클릭 가능","screenshots/screens/004-auth-login.png"
"4","인증","로그인","/login","5","상세 보기","button","active","ok","클릭 가능","screenshots/screens/004-auth-login.png"
"4","인증","로그인","/login","6","전체 보기","button","active","ok","클릭 가능","screenshots/screens/004-auth-login.png"
"5","인증","비밀번호 재설정","/reset-password","1","인증 메일 발송","button","active","ok","클릭 가능","screenshots/screens/005-auth-reset-password.png"
"5","인증","비밀번호 재설정","/reset-password","2","로그인으로 돌아가기","a","active","ok","클릭 가능","screenshots/screens/005-auth-reset-password.png"
"6","인증","프로필 / 계정 설정","/profile","1","button#1","button","active","ok","클릭 가능","screenshots/screens/006-auth-profile.png"
"6","인증","프로필 / 계정 설정","/profile","2","저장","button","active","ok","클릭 가능","screenshots/screens/006-auth-profile.png"
"6","인증","프로필 / 계정 설정","/profile","3","변경하기","button","active","ok","클릭 가능","screenshots/screens/006-auth-profile.png"
"6","인증","프로필 / 계정 설정","/profile","4","로그아웃","button","active","ok","클릭 가능","screenshots/screens/006-auth-profile.png"
"7","본사관리","대시보드","/","1","기능 보기","button","active","ok","클릭 가능","screenshots/screens/007-hq-screen.png"
"7","본사관리","대시보드","/","2","button#2","button","active","ok","클릭 가능","screenshots/screens/007-hq-screen.png"
"7","본사관리","대시보드","/","3","새로고침","button","active","ok","클릭 가능","screenshots/screens/007-hq-screen.png"
"7","본사관리","대시보드","/","4","회원 신규 등록","button","active","ok","클릭 가능","screenshots/screens/007-hq-screen.png"
"7","본사관리","대시보드","/","5","Today Tasks","button","active","ok","클릭 가능","screenshots/screens/007-hq-screen.png"
"7","본사관리","대시보드","/","6","만료 임박 회원 21명 가장 가까운 만료: 권하준 D-0 회원 보기","button","active","ok","클릭 가능","screenshots/screens/007-hq-screen.png"
"7","본사관리","대시보드","/","7","미수금 추적 3404만원 조재원 120,000원 · 494일 경과 매출 보기","button","active","ok","클릭 가능","screenshots/screens/007-hq-screen.png"
"7","본사관리","대시보드","/","8","홀딩 관리 4건 권시아 · 9일 남음 회원 보기","button","active","ok","클릭 가능","screenshots/screens/007-hq-screen.png"
"7","본사관리","대시보드","/","9","슈퍼 대시보드 지점 전체 KPI 이동","button","active","ok","클릭 가능","screenshots/screens/007-hq-screen.png"
"7","본사관리","대시보드","/","10","Today Tasks 지점별 당일 업무 점검","button","active","ok","클릭 가능","screenshots/screens/007-hq-screen.png"
"7","본사관리","대시보드","/","11","지점 관리 운영 상태가 흔들리는 지점 확인","button","active","ok","클릭 가능","screenshots/screens/007-hq-screen.png"
"7","본사관리","대시보드","/","12","자동 알림 만료·미수 추적 알림 설정","button","active","ok","클릭 가능","screenshots/screens/007-hq-screen.png"
"7","본사관리","대시보드","/","13","더보기","button","active","ok","클릭 가능","screenshots/screens/007-hq-screen.png"
"7","본사관리","대시보드","/","14","결제","button","active","ok","클릭 가능","screenshots/screens/007-hq-screen.png"
"7","본사관리","대시보드","/","15","결제","button","active","ok","클릭 가능","screenshots/screens/007-hq-screen.png"
"7","본사관리","대시보드","/","16","결제","button","active","ok","클릭 가능","screenshots/screens/007-hq-screen.png"
"7","본사관리","대시보드","/","17","결제","button","active","ok","클릭 가능","screenshots/screens/007-hq-screen.png"
"7","본사관리","대시보드","/","18","결제","button","active","ok","클릭 가능","screenshots/screens/007-hq-screen.png"
"7","본사관리","대시보드","/","19","button#19","button","active","ok","클릭 가능","screenshots/screens/007-hq-screen.png"
"7","본사관리","대시보드","/","20","button#20","button","active","ok","클릭 가능","screenshots/screens/007-hq-screen.png"
"7","본사관리","대시보드","/","21","button#21","button","active","ok","클릭 가능","screenshots/screens/007-hq-screen.png"
"7","본사관리","대시보드","/","22","button#22","button","active","ok","클릭 가능","screenshots/screens/007-hq-screen.png"
"7","본사관리","대시보드","/","23","재등록 상담","button","active","ok","클릭 가능","screenshots/screens/007-hq-screen.png"
"7","본사관리","대시보드","/","24","재등록 상담","button","active","ok","클릭 가능","screenshots/screens/007-hq-screen.png"
"7","본사관리","대시보드","/","25","재등록 상담","button","active","ok","클릭 가능","screenshots/screens/007-hq-screen.png"
"7","본사관리","대시보드","/","26","재등록 상담","button","active","ok","클릭 가능","screenshots/screens/007-hq-screen.png"
"7","본사관리","대시보드","/","27","재등록 상담","button","active","ok","클릭 가능","screenshots/screens/007-hq-screen.png"
"8","본사관리","슈퍼 대시보드","/super-dashboard","1","button#1","button","active","ok","클릭 가능","screenshots/screens/008-hq-super-dashboard.png"
"8","본사관리","슈퍼 대시보드","/super-dashboard","2","지점 관리","button","active","ok","클릭 가능","screenshots/screens/008-hq-super-dashboard.png"
"8","본사관리","슈퍼 대시보드","/super-dashboard","3","상세 보기","button","active","ok","클릭 가능","screenshots/screens/008-hq-super-dashboard.png"
"8","본사관리","슈퍼 대시보드","/super-dashboard","4","상세 보기","button","active","ok","클릭 가능","screenshots/screens/008-hq-super-dashboard.png"
"8","본사관리","슈퍼 대시보드","/super-dashboard","5","상세 보기","button","active","ok","클릭 가능","screenshots/screens/008-hq-super-dashboard.png"
"8","본사관리","슈퍼 대시보드","/super-dashboard","6","전체 보기","button","active","ok","클릭 가능","screenshots/screens/008-hq-super-dashboard.png"
"9","본사관리","온보딩 대시보드","/onboarding","1","새로고침","button","active","ok","클릭 가능","screenshots/screens/009-hq-onboarding.png"
"10","본사관리","자동 리포트","/reports","1","새로고침","button","disabled","disabled","비활성 상태","screenshots/screens/010-hq-reports.png"
"10","본사관리","자동 리포트","/reports","2","엑셀 다운로드","button","active","ok","클릭 가능","screenshots/screens/010-hq-reports.png"
"10","본사관리","자동 리포트","/reports","3","리포트 생성","button","active","ok","클릭 가능","screenshots/screens/010-hq-reports.png"
"10","본사관리","자동 리포트","/reports","4","전체","button","active","ok","클릭 가능","screenshots/screens/010-hq-reports.png"
"10","본사관리","자동 리포트","/reports","5","일간","button","active","ok","클릭 가능","screenshots/screens/010-hq-reports.png"
"10","본사관리","자동 리포트","/reports","6","주간","button","active","ok","클릭 가능","screenshots/screens/010-hq-reports.png"
"10","본사관리","자동 리포트","/reports","7","월간","button","active","ok","클릭 가능","screenshots/screens/010-hq-reports.png"
"11","본사관리","지점 리포트","/branch-report","1","2026년 5월","button","active","ok","클릭 가능","screenshots/screens/011-hq-branch-report.png"
"11","본사관리","지점 리포트","/branch-report","2","엑셀 다운로드","button","active","ok","클릭 가능","screenshots/screens/011-hq-branch-report.png"
"11","본사관리","지점 리포트","/branch-report","3","Excel","button","active","ok","클릭 가능","screenshots/screens/011-hq-branch-report.png"
"11","본사관리","지점 리포트","/branch-report","4","총회원","button","active","ok","클릭 가능","screenshots/screens/011-hq-branch-report.png"
"11","본사관리","지점 리포트","/branch-report","5","신규가입","button","active","ok","클릭 가능","screenshots/screens/011-hq-branch-report.png"
"11","본사관리","지점 리포트","/branch-report","6","활성회원","button","active","ok","클릭 가능","screenshots/screens/011-hq-branch-report.png"
"11","본사관리","지점 리포트","/branch-report","7","만료회원","button","active","ok","클릭 가능","screenshots/screens/011-hq-branch-report.png"
"11","본사관리","지점 리포트","/branch-report","8","총매출","button","active","ok","클릭 가능","screenshots/screens/011-hq-branch-report.png"
"11","본사관리","지점 리포트","/branch-report","9","객단가","button","active","ok","클릭 가능","screenshots/screens/011-hq-branch-report.png"
"12","본사관리","커스텀 대시보드 빌더","/dashboard/builder","1","편집","button","active","ok","클릭 가능","screenshots/screens/012-hq-dashboard-builder.png"
"13","본사관리","KPI 대시보드","/kpi","1","목표 설정","button","active","ok","클릭 가능","screenshots/screens/013-hq-kpi.png"
"13","본사관리","KPI 대시보드","/kpi","2","새로고침","button","active","ok","클릭 가능","screenshots/screens/013-hq-kpi.png"
"13","본사관리","KPI 대시보드","/kpi","3","목표 수정","button","active","ok","클릭 가능","screenshots/screens/013-hq-kpi.png"
"14","본사관리","KPI 센터","/kpi-preview","1","샘플 재생성","button","active","ok","클릭 가능","screenshots/screens/014-hq-kpi-preview.png"
"14","본사관리","KPI 센터","/kpi-preview","2","자동알림","button","active","ok","클릭 가능","screenshots/screens/014-hq-kpi-preview.png"
"14","본사관리","KPI 센터","/kpi-preview","3","Today Tasks","button","active","ok","클릭 가능","screenshots/screens/014-hq-kpi-preview.png"
"14","본사관리","KPI 센터","/kpi-preview","4","매출 보기","button","active","ok","클릭 가능","screenshots/screens/014-hq-kpi-preview.png"
"14","본사관리","KPI 센터","/kpi-preview","5","회원 보기","button","active","ok","클릭 가능","screenshots/screens/014-hq-kpi-preview.png"
"14","본사관리","KPI 센터","/kpi-preview","6","본사","button","active","ok","클릭 가능","screenshots/screens/014-hq-kpi-preview.png"
"14","본사관리","KPI 센터","/kpi-preview","7","지점","button","active","ok","클릭 가능","screenshots/screens/014-hq-kpi-preview.png"
"14","본사관리","KPI 센터","/kpi-preview","8","FC","button","active","ok","클릭 가능","screenshots/screens/014-hq-kpi-preview.png"
"14","본사관리","KPI 센터","/kpi-preview","9","트레이너","button","active","ok","클릭 가능","screenshots/screens/014-hq-kpi-preview.png"
"14","본사관리","KPI 센터","/kpi-preview","10","운영","button","active","ok","클릭 가능","screenshots/screens/014-hq-kpi-preview.png"
"14","본사관리","KPI 센터","/kpi-preview","11","🏢 본사 보드 전사 통합 지표 전사 매출 5.86억 전월 대비 +17% 전사 활성 회원 3,801명 전 지점 활성 회원 합계 지점 성과 랭킹 1위 송도점 목표 달성 119% FC 상담 전환율 평균 40.7% 전 지","button","active","ok","클릭 가능","screenshots/screens/014-hq-kpi-preview.png"
"14","본사관리","KPI 센터","/kpi-preview","12","🏋️ 지점 보드 지점 운영 현황 이번달 매출 3,168만원 월 목표 91% 달성 신규 등록 20명 이번달 신규 회원 재등록 성공률 54.6% 등록 / 재등록 상담 전체 미수금 총액 177만원 미결제 누적 금액","button","active","ok","클릭 가능","screenshots/screens/014-hq-kpi-preview.png"
"14","본사관리","KPI 센터","/kpi-preview","13","💬 FC 보드 리드·전환 관리 신규 리드 38건 오늘 유입 / 미응답 6건 TI 방문 전환율 34% 전화문의 중 대면 상담 전환 WI 등록률 48% 방문문의 중 등록 완료 TI 등록률 34% 전화문의 중 등록 완료","button","active","ok","클릭 가능","screenshots/screens/014-hq-kpi-preview.png"
"14","본사관리","KPI 센터","/kpi-preview","14","🎯 트레이너 보드 PT 세션 현황 이번달 PT 매출 916만원 개인 PT 누적 매출 OT 배정 합계 18건 [강습업무보고] E열 합계 OT 등록 전환율 50% 등록 / OT 진행 OT 체험→등록률 27% OT 체험","button","active","ok","클릭 가능","screenshots/screens/014-hq-kpi-preview.png"
"14","본사관리","KPI 센터","/kpi-preview","15","⚙️ 운영 보드 출석·운영 관리 오늘 출석 141명 오늘 센터 출석 회원수 만료 예정 61명 30일 내 이용권 만료 회원 미결제 건수 16건 미수금 처리 대기 건수 이번달 GX 가동률 87% GX 수업 정원 대비 출","button","active","ok","클릭 가능","screenshots/screens/014-hq-kpi-preview.png"
"14","본사관리","KPI 센터","/kpi-preview","16","상세 보기","button","active","ok","클릭 가능","screenshots/screens/014-hq-kpi-preview.png"
"14","본사관리","KPI 센터","/kpi-preview","17","회원 목록 회원 상세, 상담, 이력 확인","button","active","ok","클릭 가능","screenshots/screens/014-hq-kpi-preview.png"
"14","본사관리","KPI 센터","/kpi-preview","18","매출 통계 월매출, 환불, 미수금 점검","button","active","ok","클릭 가능","screenshots/screens/014-hq-kpi-preview.png"
"14","본사관리","KPI 센터","/kpi-preview","19","자동 알림 트리거와 템플릿 관리","button","active","ok","클릭 가능","screenshots/screens/014-hq-kpi-preview.png"
"14","본사관리","KPI 센터","/kpi-preview","20","Today Tasks 오늘 배정된 업무 리스트 확인","button","active","ok","클릭 가능","screenshots/screens/014-hq-kpi-preview.png"
"15","본사관리","벤치마크 비교","/benchmark","1","월 매출","button","active","ok","클릭 가능","screenshots/screens/015-hq-benchmark.png"
"15","본사관리","벤치마크 비교","/benchmark","2","출석률","button","active","ok","클릭 가능","screenshots/screens/015-hq-benchmark.png"
"15","본사관리","벤치마크 비교","/benchmark","3","재등록률","button","active","ok","클릭 가능","screenshots/screens/015-hq-benchmark.png"
"15","본사관리","벤치마크 비교","/benchmark","4","신규 등록","button","active","ok","클릭 가능","screenshots/screens/015-hq-benchmark.png"
"16","본사관리","예측 분석","/analytics/forecast","1","seed 갱신","button","active","ok","클릭 가능","screenshots/screens/016-hq-analytics-forecast.png"
"16","본사관리","예측 분석","/analytics/forecast","2","예측지표","button","active","ok","클릭 가능","screenshots/screens/016-hq-analytics-forecast.png"
"16","본사관리","예측 분석","/analytics/forecast","3","이탈위험","button","active","ok","클릭 가능","screenshots/screens/016-hq-analytics-forecast.png"
"17","본사관리","자동화 정책 라이브러리","/hq/automation-policies","1","정책 세트 생성","button","active","ok","클릭 가능","screenshots/screens/017-hq-hq-automation-policies.png"
"17","본사관리","자동화 정책 라이브러리","/hq/automation-policies","2","표준 만료 알림 정책 사용 중 전 지점 · 5개 스텝 · 12개 지점 적용","button","active","ok","클릭 가능","screenshots/screens/017-hq-hq-automation-policies.png"
"17","본사관리","자동화 정책 라이브러리","/hq/automation-policies","3","VIP 재등록 집중 관리 검수 중 프리미엄 지점 · 4개 스텝 · 4개 지점 적용","button","active","ok","클릭 가능","screenshots/screens/017-hq-hq-automation-policies.png"
"17","본사관리","자동화 정책 라이브러리","/hq/automation-policies","4","휴면 회원 복귀 캠페인 일시 중지 선택 지점 · 3개 스텝 · 8개 지점 적용","button","active","ok","클릭 가능","screenshots/screens/017-hq-hq-automation-policies.png"
"17","본사관리","자동화 정책 라이브러리","/hq/automation-policies","5","허용 범위 설정","button","active","ok","클릭 가능","screenshots/screens/017-hq-hq-automation-policies.png"
"18","본사관리","지점 관리","/branches","1","지점 이동 신청","button","active","ok","클릭 가능","screenshots/screens/018-hq-branches.png"
"18","본사관리","지점 관리","/branches","2","신규 지점 등록","button","active","ok","클릭 가능","screenshots/screens/018-hq-branches.png"
"18","본사관리","지점 관리","/branches","3","지점 목록","button","active","ok","클릭 가능","screenshots/screens/018-hq-branches.png"
"18","본사관리","지점 관리","/branches","4","통합 현황","button","active","ok","클릭 가능","screenshots/screens/018-hq-branches.png"
"18","본사관리","지점 관리","/branches","5","지점 간 이동","button","active","ok","클릭 가능","screenshots/screens/018-hq-branches.png"
"18","본사관리","지점 관리","/branches","6","Excel","button","active","ok","클릭 가능","screenshots/screens/018-hq-branches.png"
"18","본사관리","지점 관리","/branches","7","지점명","th","active","ok","클릭 가능","screenshots/screens/018-hq-branches.png"
"18","본사관리","지점 관리","/branches","8","광화문","button","active","ok","클릭 가능","screenshots/screens/018-hq-branches.png"
"18","본사관리","지점 관리","/branches","9","관리","button","active","ok","클릭 가능","screenshots/screens/018-hq-branches.png"
"18","본사관리","지점 관리","/branches","10","수정","button","active","ok","클릭 가능","screenshots/screens/018-hq-branches.png"
"18","본사관리","지점 관리","/branches","11","비활성","button","active","ok","클릭 가능","screenshots/screens/018-hq-branches.png"
"18","본사관리","지점 관리","/branches","12","상태변경","button","active","ok","클릭 가능","screenshots/screens/018-hq-branches.png"
"18","본사관리","지점 관리","/branches","13","을지로","button","active","ok","클릭 가능","screenshots/screens/018-hq-branches.png"
"18","본사관리","지점 관리","/branches","14","관리","button","active","ok","클릭 가능","screenshots/screens/018-hq-branches.png"
"18","본사관리","지점 관리","/branches","15","수정","button","active","ok","클릭 가능","screenshots/screens/018-hq-branches.png"
"18","본사관리","지점 관리","/branches","16","비활성","button","active","ok","클릭 가능","screenshots/screens/018-hq-branches.png"
"18","본사관리","지점 관리","/branches","17","상태변경","button","active","ok","클릭 가능","screenshots/screens/018-hq-branches.png"
"18","본사관리","지점 관리","/branches","18","종각","button","active","ok","클릭 가능","screenshots/screens/018-hq-branches.png"
"18","본사관리","지점 관리","/branches","19","관리","button","active","ok","클릭 가능","screenshots/screens/018-hq-branches.png"
"18","본사관리","지점 관리","/branches","20","수정","button","active","ok","클릭 가능","screenshots/screens/018-hq-branches.png"
"18","본사관리","지점 관리","/branches","21","비활성","button","active","ok","클릭 가능","screenshots/screens/018-hq-branches.png"
"18","본사관리","지점 관리","/branches","22","상태변경","button","active","ok","클릭 가능","screenshots/screens/018-hq-branches.png"
"18","본사관리","지점 관리","/branches","23","종로","button","active","ok","클릭 가능","screenshots/screens/018-hq-branches.png"
"18","본사관리","지점 관리","/branches","24","관리","button","active","ok","클릭 가능","screenshots/screens/018-hq-branches.png"
"18","본사관리","지점 관리","/branches","25","수정","button","active","ok","클릭 가능","screenshots/screens/018-hq-branches.png"
"18","본사관리","지점 관리","/branches","26","비활성","button","active","ok","클릭 가능","screenshots/screens/018-hq-branches.png"
"18","본사관리","지점 관리","/branches","27","상태변경","button","active","ok","클릭 가능","screenshots/screens/018-hq-branches.png"
"18","본사관리","지점 관리","/branches","28","서교","button","active","ok","클릭 가능","screenshots/screens/018-hq-branches.png"
"18","본사관리","지점 관리","/branches","29","관리","button","active","ok","클릭 가능","screenshots/screens/018-hq-branches.png"
"18","본사관리","지점 관리","/branches","30","수정","button","active","ok","클릭 가능","screenshots/screens/018-hq-branches.png"
"18","본사관리","지점 관리","/branches","31","비활성","button","active","ok","클릭 가능","screenshots/screens/018-hq-branches.png"
"18","본사관리","지점 관리","/branches","32","상태변경","button","active","ok","클릭 가능","screenshots/screens/018-hq-branches.png"
"18","본사관리","지점 관리","/branches","33","신당","button","active","ok","클릭 가능","screenshots/screens/018-hq-branches.png"
"18","본사관리","지점 관리","/branches","34","관리","button","active","ok","클릭 가능","screenshots/screens/018-hq-branches.png"
"18","본사관리","지점 관리","/branches","35","수정","button","active","ok","클릭 가능","screenshots/screens/018-hq-branches.png"
"18","본사관리","지점 관리","/branches","36","비활성","button","active","ok","클릭 가능","screenshots/screens/018-hq-branches.png"
"18","본사관리","지점 관리","/branches","37","상태변경","button","active","ok","클릭 가능","screenshots/screens/018-hq-branches.png"
"18","본사관리","지점 관리","/branches","38","가양","button","active","ok","클릭 가능","screenshots/screens/018-hq-branches.png"
"18","본사관리","지점 관리","/branches","39","관리","button","active","ok","클릭 가능","screenshots/screens/018-hq-branches.png"
"18","본사관리","지점 관리","/branches","40","수정","button","active","ok","클릭 가능","screenshots/screens/018-hq-branches.png"
"18","본사관리","지점 관리","/branches","41","비활성","button","active","ok","클릭 가능","screenshots/screens/018-hq-branches.png"
"18","본사관리","지점 관리","/branches","42","상태변경","button","active","ok","클릭 가능","screenshots/screens/018-hq-branches.png"
"18","본사관리","지점 관리","/branches","43","고덕역","button","active","ok","클릭 가능","screenshots/screens/018-hq-branches.png"
"18","본사관리","지점 관리","/branches","44","관리","button","active","ok","클릭 가능","screenshots/screens/018-hq-branches.png"
"18","본사관리","지점 관리","/branches","45","수정","button","active","ok","클릭 가능","screenshots/screens/018-hq-branches.png"
"18","본사관리","지점 관리","/branches","46","비활성","button","active","ok","클릭 가능","screenshots/screens/018-hq-branches.png"
"18","본사관리","지점 관리","/branches","47","상태변경","button","active","ok","클릭 가능","screenshots/screens/018-hq-branches.png"
"18","본사관리","지점 관리","/branches","48","양천향교","button","active","ok","클릭 가능","screenshots/screens/018-hq-branches.png"
"18","본사관리","지점 관리","/branches","49","관리","button","active","ok","클릭 가능","screenshots/screens/018-hq-branches.png"
"18","본사관리","지점 관리","/branches","50","수정","button","active","ok","클릭 가능","screenshots/screens/018-hq-branches.png"
"18","본사관리","지점 관리","/branches","51","비활성","button","active","ok","클릭 가능","screenshots/screens/018-hq-branches.png"
"18","본사관리","지점 관리","/branches","52","상태변경","button","active","ok","클릭 가능","screenshots/screens/018-hq-branches.png"
"18","본사관리","지점 관리","/branches","53","판교","button","active","ok","클릭 가능","screenshots/screens/018-hq-branches.png"
"18","본사관리","지점 관리","/branches","54","관리","button","active","ok","클릭 가능","screenshots/screens/018-hq-branches.png"
"18","본사관리","지점 관리","/branches","55","수정","button","active","ok","클릭 가능","screenshots/screens/018-hq-branches.png"
"18","본사관리","지점 관리","/branches","56","비활성","button","active","ok","클릭 가능","screenshots/screens/018-hq-branches.png"
"18","본사관리","지점 관리","/branches","57","상태변경","button","active","ok","클릭 가능","screenshots/screens/018-hq-branches.png"
"18","본사관리","지점 관리","/branches","58","판교역","button","active","ok","클릭 가능","screenshots/screens/018-hq-branches.png"
"18","본사관리","지점 관리","/branches","59","관리","button","active","ok","클릭 가능","screenshots/screens/018-hq-branches.png"
"18","본사관리","지점 관리","/branches","60","수정","button","active","ok","클릭 가능","screenshots/screens/018-hq-branches.png"
"18","본사관리","지점 관리","/branches","61","비활성","button","active","ok","클릭 가능","screenshots/screens/018-hq-branches.png"
"18","본사관리","지점 관리","/branches","62","상태변경","button","active","ok","클릭 가능","screenshots/screens/018-hq-branches.png"
"18","본사관리","지점 관리","/branches","63","대치","button","active","ok","클릭 가능","screenshots/screens/018-hq-branches.png"
"18","본사관리","지점 관리","/branches","64","관리","button","active","ok","클릭 가능","screenshots/screens/018-hq-branches.png"
"18","본사관리","지점 관리","/branches","65","수정","button","active","ok","클릭 가능","screenshots/screens/018-hq-branches.png"
"18","본사관리","지점 관리","/branches","66","비활성","button","active","ok","클릭 가능","screenshots/screens/018-hq-branches.png"
"18","본사관리","지점 관리","/branches","67","상태변경","button","active","ok","클릭 가능","screenshots/screens/018-hq-branches.png"
"18","본사관리","지점 관리","/branches","68","고척","button","active","ok","클릭 가능","screenshots/screens/018-hq-branches.png"
"18","본사관리","지점 관리","/branches","69","관리","button","active","ok","클릭 가능","screenshots/screens/018-hq-branches.png"
"18","본사관리","지점 관리","/branches","70","수정","button","active","ok","클릭 가능","screenshots/screens/018-hq-branches.png"
"18","본사관리","지점 관리","/branches","71","비활성","button","active","ok","클릭 가능","screenshots/screens/018-hq-branches.png"
"18","본사관리","지점 관리","/branches","72","상태변경","button","active","ok","클릭 가능","screenshots/screens/018-hq-branches.png"
"18","본사관리","지점 관리","/branches","73","부천","button","active","ok","클릭 가능","screenshots/screens/018-hq-branches.png"
"18","본사관리","지점 관리","/branches","74","관리","button","active","ok","클릭 가능","screenshots/screens/018-hq-branches.png"
"18","본사관리","지점 관리","/branches","75","수정","button","active","ok","클릭 가능","screenshots/screens/018-hq-branches.png"
"18","본사관리","지점 관리","/branches","76","비활성","button","active","ok","클릭 가능","screenshots/screens/018-hq-branches.png"
"18","본사관리","지점 관리","/branches","77","상태변경","button","active","ok","클릭 가능","screenshots/screens/018-hq-branches.png"
"18","본사관리","지점 관리","/branches","78","목동","button","active","ok","클릭 가능","screenshots/screens/018-hq-branches.png"
"18","본사관리","지점 관리","/branches","79","관리","button","active","ok","클릭 가능","screenshots/screens/018-hq-branches.png"
"18","본사관리","지점 관리","/branches","80","수정","button","active","ok","클릭 가능","screenshots/screens/018-hq-branches.png"
"18","본사관리","지점 관리","/branches","81","비활성","button","active","ok","클릭 가능","screenshots/screens/018-hq-branches.png"
"18","본사관리","지점 관리","/branches","82","상태변경","button","active","ok","클릭 가능","screenshots/screens/018-hq-branches.png"
"18","본사관리","지점 관리","/branches","83","용산","button","active","ok","클릭 가능","screenshots/screens/018-hq-branches.png"
"18","본사관리","지점 관리","/branches","84","관리","button","active","ok","클릭 가능","screenshots/screens/018-hq-branches.png"
"18","본사관리","지점 관리","/branches","85","수정","button","active","ok","클릭 가능","screenshots/screens/018-hq-branches.png"
"18","본사관리","지점 관리","/branches","86","비활성","button","active","ok","클릭 가능","screenshots/screens/018-hq-branches.png"
"18","본사관리","지점 관리","/branches","87","상태변경","button","active","ok","클릭 가능","screenshots/screens/018-hq-branches.png"
"19","본사관리","히스토리 로그","/audit-log","1","전체","button","active","ok","클릭 가능","screenshots/screens/019-hq-audit-log.png"
"19","본사관리","히스토리 로그","/audit-log","2","전체","button","active","ok","클릭 가능","screenshots/screens/019-hq-audit-log.png"
"19","본사관리","히스토리 로그","/audit-log","3","전체","button","active","ok","클릭 가능","screenshots/screens/019-hq-audit-log.png"
"19","본사관리","히스토리 로그","/audit-log","4","검색","button","active","ok","클릭 가능","screenshots/screens/019-hq-audit-log.png"
"19","본사관리","히스토리 로그","/audit-log","5","엑셀 다운로드","button","active","ok","클릭 가능","screenshots/screens/019-hq-audit-log.png"
"19","본사관리","히스토리 로그","/audit-log","6","button#6","button","disabled","disabled","비활성 상태","screenshots/screens/019-hq-audit-log.png"
"19","본사관리","히스토리 로그","/audit-log","7","1","button","active","ok","클릭 가능","screenshots/screens/019-hq-audit-log.png"
"19","본사관리","히스토리 로그","/audit-log","8","2","button","active","ok","클릭 가능","screenshots/screens/019-hq-audit-log.png"
"19","본사관리","히스토리 로그","/audit-log","9","button#9","button","active","ok","클릭 가능","screenshots/screens/019-hq-audit-log.png"
"20","본사관리","NPS 설문","/nps","1","설문 발송","button","active","ok","클릭 가능","screenshots/screens/020-hq-nps.png"
"20","본사관리","NPS 설문","/nps","2","결과","button","active","ok","클릭 가능","screenshots/screens/020-hq-nps.png"
"20","본사관리","NPS 설문","/nps","3","설문발송","button","active","ok","클릭 가능","screenshots/screens/020-hq-nps.png"
"21","본사관리","Today Tasks","/today-tasks","1","전체 0","button","active","ok","클릭 가능","screenshots/screens/021-hq-today-tasks.png"
"21","본사관리","Today Tasks","/today-tasks","2","대기 0","button","active","ok","클릭 가능","screenshots/screens/021-hq-today-tasks.png"
"21","본사관리","Today Tasks","/today-tasks","3","진행중 0","button","active","ok","클릭 가능","screenshots/screens/021-hq-today-tasks.png"
"21","본사관리","Today Tasks","/today-tasks","4","완료 0","button","active","ok","클릭 가능","screenshots/screens/021-hq-today-tasks.png"
"21","본사관리","Today Tasks","/today-tasks","5","회원 목록 재등록·이탈·상담 대상 확인","button","active","ok","클릭 가능","screenshots/screens/021-hq-today-tasks.png"
"21","본사관리","Today Tasks","/today-tasks","6","매출 현황 미수·환불 관련 태스크 처리","button","active","ok","클릭 가능","screenshots/screens/021-hq-today-tasks.png"
"21","본사관리","Today Tasks","/today-tasks","7","자동 알림 반복 메시지 태스크 자동화","button","active","ok","클릭 가능","screenshots/screens/021-hq-today-tasks.png"
"21","본사관리","Today Tasks","/today-tasks","8","캘린더 수업·예약 관련 당일 업무 확인","button","active","ok","클릭 가능","screenshots/screens/021-hq-today-tasks.png"
"21","본사관리","Today Tasks","/today-tasks","9","운영","button","active","ok","클릭 가능","screenshots/screens/021-hq-today-tasks.png"
"21","본사관리","Today Tasks","/today-tasks","10","보통","button","active","ok","클릭 가능","screenshots/screens/021-hq-today-tasks.png"
"21","본사관리","Today Tasks","/today-tasks","11","대기","button","active","ok","클릭 가능","screenshots/screens/021-hq-today-tasks.png"
"21","본사관리","Today Tasks","/today-tasks","12","업무 추가","button","active","ok","클릭 가능","screenshots/screens/021-hq-today-tasks.png"
"22","통합운영","키오스크 운영 현황","/kiosk-ops","1","상태 새로고침","button","active","ok","클릭 가능","screenshots/screens/022-integration-kiosk-ops.png"
"22","통합운영","키오스크 운영 현황","/kiosk-ops","2","전체 기기 4대","button","active","ok","클릭 가능","screenshots/screens/022-integration-kiosk-ops.png"
"22","통합운영","키오스크 운영 현황","/kiosk-ops","3","정상 2대","button","active","ok","클릭 가능","screenshots/screens/022-integration-kiosk-ops.png"
"22","통합운영","키오스크 운영 현황","/kiosk-ops","4","오프라인 1대","button","active","ok","클릭 가능","screenshots/screens/022-integration-kiosk-ops.png"
"22","통합운영","키오스크 운영 현황","/kiosk-ops","5","오류 1대","button","active","ok","클릭 가능","screenshots/screens/022-integration-kiosk-ops.png"
"22","통합운영","키오스크 운영 현황","/kiosk-ops","6","1층 입구 키오스크","button","active","ok","클릭 가능","screenshots/screens/022-integration-kiosk-ops.png"
"22","통합운영","키오스크 운영 현황","/kiosk-ops","7","원격 재시작","button","active","ok","클릭 가능","screenshots/screens/022-integration-kiosk-ops.png"
"22","통합운영","키오스크 운영 현황","/kiosk-ops","8","PT존 태블릿","button","active","ok","클릭 가능","screenshots/screens/022-integration-kiosk-ops.png"
"22","통합운영","키오스크 운영 현황","/kiosk-ops","9","원격 재시작","button","active","ok","클릭 가능","screenshots/screens/022-integration-kiosk-ops.png"
"22","통합운영","키오스크 운영 현황","/kiosk-ops","10","골프존 키오스크","button","active","ok","클릭 가능","screenshots/screens/022-integration-kiosk-ops.png"
"22","통합운영","키오스크 운영 현황","/kiosk-ops","11","원격 재시작","button","active","ok","클릭 가능","screenshots/screens/022-integration-kiosk-ops.png"
"22","통합운영","키오스크 운영 현황","/kiosk-ops","12","프런트 보조 태블릿","button","active","ok","클릭 가능","screenshots/screens/022-integration-kiosk-ops.png"
"22","통합운영","키오스크 운영 현황","/kiosk-ops","13","원격 재시작","button","active","ok","클릭 가능","screenshots/screens/022-integration-kiosk-ops.png"
"23","통합운영","통합 출석 관리","/attendance","1","button#1","button","active","ok","클릭 가능","screenshots/screens/023-integration-attendance.png"
"23","통합운영","통합 출석 관리","/attendance","2","button#2","button","active","ok","클릭 가능","screenshots/screens/023-integration-attendance.png"
"23","통합운영","통합 출석 관리","/attendance","3","일별","button","active","ok","클릭 가능","screenshots/screens/023-integration-attendance.png"
"23","통합운영","통합 출석 관리","/attendance","4","주별","button","active","ok","클릭 가능","screenshots/screens/023-integration-attendance.png"
"23","통합운영","통합 출석 관리","/attendance","5","월별","button","active","ok","클릭 가능","screenshots/screens/023-integration-attendance.png"
"23","통합운영","통합 출석 관리","/attendance","6","실시간 ON","button","active","ok","클릭 가능","screenshots/screens/023-integration-attendance.png"
"23","통합운영","통합 출석 관리","/attendance","7","수동 출석","button","active","ok","클릭 가능","screenshots/screens/023-integration-attendance.png"
"23","통합운영","통합 출석 관리","/attendance","8","데모 팝업","button","active","ok","클릭 가능","screenshots/screens/023-integration-attendance.png"
"23","통합운영","통합 출석 관리","/attendance","9","초기화","button","active","ok","클릭 가능","screenshots/screens/023-integration-attendance.png"
"23","통합운영","통합 출석 관리","/attendance","10","Excel","button","active","ok","클릭 가능","screenshots/screens/023-integration-attendance.png"
"23","통합운영","통합 출석 관리","/attendance","11","button#11","button","disabled","disabled","비활성 상태","screenshots/screens/023-integration-attendance.png"
"23","통합운영","통합 출석 관리","/attendance","12","button#12","button","active","ok","클릭 가능","screenshots/screens/023-integration-attendance.png"
"23","통합운영","통합 출석 관리","/attendance","13","운영 실험 도구 시뮬레이터와 구역별 분석은 필요할 때만 펼쳐서 확인합니다. 접힘","button","active","ok","클릭 가능","screenshots/screens/023-integration-attendance.png"
"25","회원관리","체성분 관리 - 추이 화면","/body-composition?memberId=1001&scenario=default","1","회원 상세로 돌아가기","button","active","ok","클릭 가능","screenshots/screens/025-member-body-composition-memberId-1001-scenario-default.png"
"25","회원관리","체성분 관리 - 추이 화면","/body-composition?memberId=1001&scenario=default","2","전체 기록 추출","button","active","ok","클릭 가능","screenshots/screens/025-member-body-composition-memberId-1001-scenario-default.png"
"25","회원관리","체성분 관리 - 추이 화면","/body-composition?memberId=1001&scenario=default","3","새 측정 기록 추가","button","active","ok","클릭 가능","screenshots/screens/025-member-body-composition-memberId-1001-scenario-default.png"
"25","회원관리","체성분 관리 - 추이 화면","/body-composition?memberId=1001&scenario=default","4","기록 목록","button","active","ok","클릭 가능","screenshots/screens/025-member-body-composition-memberId-1001-scenario-default.png"
"25","회원관리","체성분 관리 - 추이 화면","/body-composition?memberId=1001&scenario=default","5","변화 그래프","button","active","ok","클릭 가능","screenshots/screens/025-member-body-composition-memberId-1001-scenario-default.png"
"25","회원관리","체성분 관리 - 추이 화면","/body-composition?memberId=1001&scenario=default","6","목표 관리","button","active","ok","클릭 가능","screenshots/screens/025-member-body-composition-memberId-1001-scenario-default.png"
"25","회원관리","체성분 관리 - 추이 화면","/body-composition?memberId=1001&scenario=default","7","button#7","button","active","ok","클릭 가능","screenshots/screens/025-member-body-composition-memberId-1001-scenario-default.png"
"25","회원관리","체성분 관리 - 추이 화면","/body-composition?memberId=1001&scenario=default","8","button#8","button","active","ok","클릭 가능","screenshots/screens/025-member-body-composition-memberId-1001-scenario-default.png"
"25","회원관리","체성분 관리 - 추이 화면","/body-composition?memberId=1001&scenario=default","9","button#9","button","active","ok","클릭 가능","screenshots/screens/025-member-body-composition-memberId-1001-scenario-default.png"
"25","회원관리","체성분 관리 - 추이 화면","/body-composition?memberId=1001&scenario=default","10","button#10","button","active","ok","클릭 가능","screenshots/screens/025-member-body-composition-memberId-1001-scenario-default.png"
"26","회원관리","회원 상세","/members/detail","1","회원 목록","button","active","ok","클릭 가능","screenshots/screens/026-member-members-detail.png"
"26","회원관리","회원 상세","/members/detail","2","button#2","button","active","ok","클릭 가능","screenshots/screens/026-member-members-detail.png"
"26","회원관리","회원 상세","/members/detail","3","수동출석","button","active","ok","클릭 가능","screenshots/screens/026-member-members-detail.png"
"26","회원관리","회원 상세","/members/detail","4","수정","button","active","ok","클릭 가능","screenshots/screens/026-member-members-detail.png"
"26","회원관리","회원 상세","/members/detail","5","상품구매","button","active","ok","클릭 가능","screenshots/screens/026-member-members-detail.png"
"26","회원관리","회원 상세","/members/detail","6","메시지","button","active","ok","클릭 가능","screenshots/screens/026-member-members-detail.png"
"26","회원관리","회원 상세","/members/detail","7","지점이관","button","active","ok","클릭 가능","screenshots/screens/026-member-members-detail.png"
"26","회원관리","회원 상세","/members/detail","8","탈퇴","button","active","ok","클릭 가능","screenshots/screens/026-member-members-detail.png"
"26","회원관리","회원 상세","/members/detail","9","재등록 안내 발송","button","active","ok","클릭 가능","screenshots/screens/026-member-members-detail.png"
"26","회원관리","회원 상세","/members/detail","10","추가 상품 제안","button","active","ok","클릭 가능","screenshots/screens/026-member-members-detail.png"
"26","회원관리","회원 상세","/members/detail","11","홀딩 처리","button","active","ok","클릭 가능","screenshots/screens/026-member-members-detail.png"
"26","회원관리","회원 상세","/members/detail","12","회원정보","button","active","ok","클릭 가능","screenshots/screens/026-member-members-detail.png"
"26","회원관리","회원 상세","/members/detail","13","이용권 2","button","active","ok","클릭 가능","screenshots/screens/026-member-members-detail.png"
"26","회원관리","회원 상세","/members/detail","14","출석 이력","button","active","ok","클릭 가능","screenshots/screens/026-member-members-detail.png"
"26","회원관리","회원 상세","/members/detail","15","결제 이력","button","active","ok","클릭 가능","screenshots/screens/026-member-members-detail.png"
"26","회원관리","회원 상세","/members/detail","16","결제내역","button","active","ok","클릭 가능","screenshots/screens/026-member-members-detail.png"
"26","회원관리","회원 상세","/members/detail","17","예약내역","button","active","ok","클릭 가능","screenshots/screens/026-member-members-detail.png"
"26","회원관리","회원 상세","/members/detail","18","상세내역","button","active","ok","클릭 가능","screenshots/screens/026-member-members-detail.png"
"26","회원관리","회원 상세","/members/detail","19","체성분","button","active","ok","클릭 가능","screenshots/screens/026-member-members-detail.png"
"26","회원관리","회원 상세","/members/detail","20","상담·메모","button","active","ok","클릭 가능","screenshots/screens/026-member-members-detail.png"
"26","회원관리","회원 상세","/members/detail","21","레슨","button","active","ok","클릭 가능","screenshots/screens/026-member-members-detail.png"
"26","회원관리","회원 상세","/members/detail","22","신체정보","button","active","ok","클릭 가능","screenshots/screens/026-member-members-detail.png"
"26","회원관리","회원 상세","/members/detail","23","종합평가","button","active","ok","클릭 가능","screenshots/screens/026-member-members-detail.png"
"26","회원관리","회원 상세","/members/detail","24","상담이력","button","active","ok","클릭 가능","screenshots/screens/026-member-members-detail.png"
"26","회원관리","회원 상세","/members/detail","25","운동프로그램","button","active","ok","클릭 가능","screenshots/screens/026-member-members-detail.png"
"26","회원관리","회원 상세","/members/detail","26","운동이력","button","active","ok","클릭 가능","screenshots/screens/026-member-members-detail.png"
"26","회원관리","회원 상세","/members/detail","27","홀딩 처리","button","active","ok","클릭 가능","screenshots/screens/026-member-members-detail.png"
"26","회원관리","회원 상세","/members/detail","28","회원 삭제","button","active","ok","클릭 가능","screenshots/screens/026-member-members-detail.png"
"27","회원관리","회원 상세 - 기본 정보","/members/detail?id=1001&tab=info&scenario=active","1","회원 목록","button","active","ok","클릭 가능","screenshots/screens/027-member-members-detail-id-1001-tab-info-scenario-active.png"
"27","회원관리","회원 상세 - 기본 정보","/members/detail?id=1001&tab=info&scenario=active","2","button#2","button","active","ok","클릭 가능","screenshots/screens/027-member-members-detail-id-1001-tab-info-scenario-active.png"
"27","회원관리","회원 상세 - 기본 정보","/members/detail?id=1001&tab=info&scenario=active","3","수동출석","button","active","ok","클릭 가능","screenshots/screens/027-member-members-detail-id-1001-tab-info-scenario-active.png"
"27","회원관리","회원 상세 - 기본 정보","/members/detail?id=1001&tab=info&scenario=active","4","수정","button","active","ok","클릭 가능","screenshots/screens/027-member-members-detail-id-1001-tab-info-scenario-active.png"
"27","회원관리","회원 상세 - 기본 정보","/members/detail?id=1001&tab=info&scenario=active","5","상품구매","button","active","ok","클릭 가능","screenshots/screens/027-member-members-detail-id-1001-tab-info-scenario-active.png"
"27","회원관리","회원 상세 - 기본 정보","/members/detail?id=1001&tab=info&scenario=active","6","메시지","button","active","ok","클릭 가능","screenshots/screens/027-member-members-detail-id-1001-tab-info-scenario-active.png"
"27","회원관리","회원 상세 - 기본 정보","/members/detail?id=1001&tab=info&scenario=active","7","지점이관","button","active","ok","클릭 가능","screenshots/screens/027-member-members-detail-id-1001-tab-info-scenario-active.png"
"27","회원관리","회원 상세 - 기본 정보","/members/detail?id=1001&tab=info&scenario=active","8","탈퇴","button","active","ok","클릭 가능","screenshots/screens/027-member-members-detail-id-1001-tab-info-scenario-active.png"
"27","회원관리","회원 상세 - 기본 정보","/members/detail?id=1001&tab=info&scenario=active","9","재등록 안내 발송","button","active","ok","클릭 가능","screenshots/screens/027-member-members-detail-id-1001-tab-info-scenario-active.png"
"27","회원관리","회원 상세 - 기본 정보","/members/detail?id=1001&tab=info&scenario=active","10","추가 상품 제안","button","active","ok","클릭 가능","screenshots/screens/027-member-members-detail-id-1001-tab-info-scenario-active.png"
"27","회원관리","회원 상세 - 기본 정보","/members/detail?id=1001&tab=info&scenario=active","11","홀딩 처리","button","active","ok","클릭 가능","screenshots/screens/027-member-members-detail-id-1001-tab-info-scenario-active.png"
"27","회원관리","회원 상세 - 기본 정보","/members/detail?id=1001&tab=info&scenario=active","12","회원정보","button","active","ok","클릭 가능","screenshots/screens/027-member-members-detail-id-1001-tab-info-scenario-active.png"
"27","회원관리","회원 상세 - 기본 정보","/members/detail?id=1001&tab=info&scenario=active","13","이용권 2","button","active","ok","클릭 가능","screenshots/screens/027-member-members-detail-id-1001-tab-info-scenario-active.png"
"27","회원관리","회원 상세 - 기본 정보","/members/detail?id=1001&tab=info&scenario=active","14","출석 이력","button","active","ok","클릭 가능","screenshots/screens/027-member-members-detail-id-1001-tab-info-scenario-active.png"
"27","회원관리","회원 상세 - 기본 정보","/members/detail?id=1001&tab=info&scenario=active","15","결제 이력","button","active","ok","클릭 가능","screenshots/screens/027-member-members-detail-id-1001-tab-info-scenario-active.png"
"27","회원관리","회원 상세 - 기본 정보","/members/detail?id=1001&tab=info&scenario=active","16","결제내역","button","active","ok","클릭 가능","screenshots/screens/027-member-members-detail-id-1001-tab-info-scenario-active.png"
"27","회원관리","회원 상세 - 기본 정보","/members/detail?id=1001&tab=info&scenario=active","17","예약내역","button","active","ok","클릭 가능","screenshots/screens/027-member-members-detail-id-1001-tab-info-scenario-active.png"
"27","회원관리","회원 상세 - 기본 정보","/members/detail?id=1001&tab=info&scenario=active","18","상세내역","button","active","ok","클릭 가능","screenshots/screens/027-member-members-detail-id-1001-tab-info-scenario-active.png"
"27","회원관리","회원 상세 - 기본 정보","/members/detail?id=1001&tab=info&scenario=active","19","체성분","button","active","ok","클릭 가능","screenshots/screens/027-member-members-detail-id-1001-tab-info-scenario-active.png"
"27","회원관리","회원 상세 - 기본 정보","/members/detail?id=1001&tab=info&scenario=active","20","상담·메모","button","active","ok","클릭 가능","screenshots/screens/027-member-members-detail-id-1001-tab-info-scenario-active.png"
"27","회원관리","회원 상세 - 기본 정보","/members/detail?id=1001&tab=info&scenario=active","21","레슨","button","active","ok","클릭 가능","screenshots/screens/027-member-members-detail-id-1001-tab-info-scenario-active.png"
"27","회원관리","회원 상세 - 기본 정보","/members/detail?id=1001&tab=info&scenario=active","22","신체정보","button","active","ok","클릭 가능","screenshots/screens/027-member-members-detail-id-1001-tab-info-scenario-active.png"
"27","회원관리","회원 상세 - 기본 정보","/members/detail?id=1001&tab=info&scenario=active","23","종합평가","button","active","ok","클릭 가능","screenshots/screens/027-member-members-detail-id-1001-tab-info-scenario-active.png"
"27","회원관리","회원 상세 - 기본 정보","/members/detail?id=1001&tab=info&scenario=active","24","상담이력","button","active","ok","클릭 가능","screenshots/screens/027-member-members-detail-id-1001-tab-info-scenario-active.png"
"27","회원관리","회원 상세 - 기본 정보","/members/detail?id=1001&tab=info&scenario=active","25","운동프로그램","button","active","ok","클릭 가능","screenshots/screens/027-member-members-detail-id-1001-tab-info-scenario-active.png"
"27","회원관리","회원 상세 - 기본 정보","/members/detail?id=1001&tab=info&scenario=active","26","운동이력","button","active","ok","클릭 가능","screenshots/screens/027-member-members-detail-id-1001-tab-info-scenario-active.png"
"27","회원관리","회원 상세 - 기본 정보","/members/detail?id=1001&tab=info&scenario=active","27","홀딩 처리","button","active","ok","클릭 가능","screenshots/screens/027-member-members-detail-id-1001-tab-info-scenario-active.png"
"27","회원관리","회원 상세 - 기본 정보","/members/detail?id=1001&tab=info&scenario=active","28","회원 삭제","button","active","ok","클릭 가능","screenshots/screens/027-member-members-detail-id-1001-tab-info-scenario-active.png"
"28","회원관리","회원 상세 - 만료/결제 탭","/members/detail?id=1002&tab=payment&scenario=expired","1","회원 목록","button","active","ok","클릭 가능","screenshots/screens/028-member-members-detail-id-1002-tab-payment-scenario-expired.png"
"28","회원관리","회원 상세 - 만료/결제 탭","/members/detail?id=1002&tab=payment&scenario=expired","2","button#2","button","active","ok","클릭 가능","screenshots/screens/028-member-members-detail-id-1002-tab-payment-scenario-expired.png"
"28","회원관리","회원 상세 - 만료/결제 탭","/members/detail?id=1002&tab=payment&scenario=expired","3","수동출석","button","active","ok","클릭 가능","screenshots/screens/028-member-members-detail-id-1002-tab-payment-scenario-expired.png"
"28","회원관리","회원 상세 - 만료/결제 탭","/members/detail?id=1002&tab=payment&scenario=expired","4","수정","button","active","ok","클릭 가능","screenshots/screens/028-member-members-detail-id-1002-tab-payment-scenario-expired.png"
"28","회원관리","회원 상세 - 만료/결제 탭","/members/detail?id=1002&tab=payment&scenario=expired","5","상품구매","button","active","ok","클릭 가능","screenshots/screens/028-member-members-detail-id-1002-tab-payment-scenario-expired.png"
"28","회원관리","회원 상세 - 만료/결제 탭","/members/detail?id=1002&tab=payment&scenario=expired","6","메시지","button","active","ok","클릭 가능","screenshots/screens/028-member-members-detail-id-1002-tab-payment-scenario-expired.png"
"28","회원관리","회원 상세 - 만료/결제 탭","/members/detail?id=1002&tab=payment&scenario=expired","7","지점이관","button","active","ok","클릭 가능","screenshots/screens/028-member-members-detail-id-1002-tab-payment-scenario-expired.png"
"28","회원관리","회원 상세 - 만료/결제 탭","/members/detail?id=1002&tab=payment&scenario=expired","8","탈퇴","button","active","ok","클릭 가능","screenshots/screens/028-member-members-detail-id-1002-tab-payment-scenario-expired.png"
"28","회원관리","회원 상세 - 만료/결제 탭","/members/detail?id=1002&tab=payment&scenario=expired","9","리텐션 메시지 발송","button","active","ok","클릭 가능","screenshots/screens/028-member-members-detail-id-1002-tab-payment-scenario-expired.png"
"28","회원관리","회원 상세 - 만료/결제 탭","/members/detail?id=1002&tab=payment&scenario=expired","10","미수 결제 처리","button","active","ok","클릭 가능","screenshots/screens/028-member-members-detail-id-1002-tab-payment-scenario-expired.png"
"28","회원관리","회원 상세 - 만료/결제 탭","/members/detail?id=1002&tab=payment&scenario=expired","11","상담이력 확인","button","active","ok","클릭 가능","screenshots/screens/028-member-members-detail-id-1002-tab-payment-scenario-expired.png"
"28","회원관리","회원 상세 - 만료/결제 탭","/members/detail?id=1002&tab=payment&scenario=expired","12","회원정보","button","active","ok","클릭 가능","screenshots/screens/028-member-members-detail-id-1002-tab-payment-scenario-expired.png"
"28","회원관리","회원 상세 - 만료/결제 탭","/members/detail?id=1002&tab=payment&scenario=expired","13","이용권 1","button","active","ok","클릭 가능","screenshots/screens/028-member-members-detail-id-1002-tab-payment-scenario-expired.png"
"28","회원관리","회원 상세 - 만료/결제 탭","/members/detail?id=1002&tab=payment&scenario=expired","14","출석 이력","button","active","ok","클릭 가능","screenshots/screens/028-member-members-detail-id-1002-tab-payment-scenario-expired.png"
"28","회원관리","회원 상세 - 만료/결제 탭","/members/detail?id=1002&tab=payment&scenario=expired","15","결제 이력","button","active","ok","클릭 가능","screenshots/screens/028-member-members-detail-id-1002-tab-payment-scenario-expired.png"
"28","회원관리","회원 상세 - 만료/결제 탭","/members/detail?id=1002&tab=payment&scenario=expired","16","결제내역","button","active","ok","클릭 가능","screenshots/screens/028-member-members-detail-id-1002-tab-payment-scenario-expired.png"
"28","회원관리","회원 상세 - 만료/결제 탭","/members/detail?id=1002&tab=payment&scenario=expired","17","예약내역","button","active","ok","클릭 가능","screenshots/screens/028-member-members-detail-id-1002-tab-payment-scenario-expired.png"
"28","회원관리","회원 상세 - 만료/결제 탭","/members/detail?id=1002&tab=payment&scenario=expired","18","상세내역","button","active","ok","클릭 가능","screenshots/screens/028-member-members-detail-id-1002-tab-payment-scenario-expired.png"
"28","회원관리","회원 상세 - 만료/결제 탭","/members/detail?id=1002&tab=payment&scenario=expired","19","체성분","button","active","ok","클릭 가능","screenshots/screens/028-member-members-detail-id-1002-tab-payment-scenario-expired.png"
"28","회원관리","회원 상세 - 만료/결제 탭","/members/detail?id=1002&tab=payment&scenario=expired","20","상담·메모","button","active","ok","클릭 가능","screenshots/screens/028-member-members-detail-id-1002-tab-payment-scenario-expired.png"
"28","회원관리","회원 상세 - 만료/결제 탭","/members/detail?id=1002&tab=payment&scenario=expired","21","레슨","button","active","ok","클릭 가능","screenshots/screens/028-member-members-detail-id-1002-tab-payment-scenario-expired.png"
"28","회원관리","회원 상세 - 만료/결제 탭","/members/detail?id=1002&tab=payment&scenario=expired","22","신체정보","button","active","ok","클릭 가능","screenshots/screens/028-member-members-detail-id-1002-tab-payment-scenario-expired.png"
"28","회원관리","회원 상세 - 만료/결제 탭","/members/detail?id=1002&tab=payment&scenario=expired","23","종합평가","button","active","ok","클릭 가능","screenshots/screens/028-member-members-detail-id-1002-tab-payment-scenario-expired.png"
"28","회원관리","회원 상세 - 만료/결제 탭","/members/detail?id=1002&tab=payment&scenario=expired","24","상담이력","button","active","ok","클릭 가능","screenshots/screens/028-member-members-detail-id-1002-tab-payment-scenario-expired.png"
"28","회원관리","회원 상세 - 만료/결제 탭","/members/detail?id=1002&tab=payment&scenario=expired","25","운동프로그램","button","active","ok","클릭 가능","screenshots/screens/028-member-members-detail-id-1002-tab-payment-scenario-expired.png"
"28","회원관리","회원 상세 - 만료/결제 탭","/members/detail?id=1002&tab=payment&scenario=expired","26","운동이력","button","active","ok","클릭 가능","screenshots/screens/028-member-members-detail-id-1002-tab-payment-scenario-expired.png"
"28","회원관리","회원 상세 - 만료/결제 탭","/members/detail?id=1002&tab=payment&scenario=expired","27","상세","button","active","ok","클릭 가능","screenshots/screens/028-member-members-detail-id-1002-tab-payment-scenario-expired.png"
"28","회원관리","회원 상세 - 만료/결제 탭","/members/detail?id=1002&tab=payment&scenario=expired","28","환불","button","active","ok","클릭 가능","screenshots/screens/028-member-members-detail-id-1002-tab-payment-scenario-expired.png"
"28","회원관리","회원 상세 - 만료/결제 탭","/members/detail?id=1002&tab=payment&scenario=expired","29","상세","button","active","ok","클릭 가능","screenshots/screens/028-member-members-detail-id-1002-tab-payment-scenario-expired.png"
"28","회원관리","회원 상세 - 만료/결제 탭","/members/detail?id=1002&tab=payment&scenario=expired","30","환불","button","active","ok","클릭 가능","screenshots/screens/028-member-members-detail-id-1002-tab-payment-scenario-expired.png"
"28","회원관리","회원 상세 - 만료/결제 탭","/members/detail?id=1002&tab=payment&scenario=expired","31","button#31","button","disabled","disabled","비활성 상태","screenshots/screens/028-member-members-detail-id-1002-tab-payment-scenario-expired.png"
"28","회원관리","회원 상세 - 만료/결제 탭","/members/detail?id=1002&tab=payment&scenario=expired","32","1","button","active","ok","클릭 가능","screenshots/screens/028-member-members-detail-id-1002-tab-payment-scenario-expired.png"
"28","회원관리","회원 상세 - 만료/결제 탭","/members/detail?id=1002&tab=payment&scenario=expired","33","button#33","button","disabled","disabled","비활성 상태","screenshots/screens/028-member-members-detail-id-1002-tab-payment-scenario-expired.png"
"28","회원관리","회원 상세 - 만료/결제 탭","/members/detail?id=1002&tab=payment&scenario=expired","34","회원 삭제","button","active","ok","클릭 가능","screenshots/screens/028-member-members-detail-id-1002-tab-payment-scenario-expired.png"
"29","회원관리","회원 상세 - 체성분 탭","/members/detail?id=1001&tab=body&scenario=active","1","회원 목록","button","active","ok","클릭 가능","screenshots/screens/029-member-members-detail-id-1001-tab-body-scenario-active.png"
"29","회원관리","회원 상세 - 체성분 탭","/members/detail?id=1001&tab=body&scenario=active","2","button#2","button","active","ok","클릭 가능","screenshots/screens/029-member-members-detail-id-1001-tab-body-scenario-active.png"
"29","회원관리","회원 상세 - 체성분 탭","/members/detail?id=1001&tab=body&scenario=active","3","수동출석","button","active","ok","클릭 가능","screenshots/screens/029-member-members-detail-id-1001-tab-body-scenario-active.png"
"29","회원관리","회원 상세 - 체성분 탭","/members/detail?id=1001&tab=body&scenario=active","4","수정","button","active","ok","클릭 가능","screenshots/screens/029-member-members-detail-id-1001-tab-body-scenario-active.png"
"29","회원관리","회원 상세 - 체성분 탭","/members/detail?id=1001&tab=body&scenario=active","5","상품구매","button","active","ok","클릭 가능","screenshots/screens/029-member-members-detail-id-1001-tab-body-scenario-active.png"
"29","회원관리","회원 상세 - 체성분 탭","/members/detail?id=1001&tab=body&scenario=active","6","메시지","button","active","ok","클릭 가능","screenshots/screens/029-member-members-detail-id-1001-tab-body-scenario-active.png"
"29","회원관리","회원 상세 - 체성분 탭","/members/detail?id=1001&tab=body&scenario=active","7","지점이관","button","active","ok","클릭 가능","screenshots/screens/029-member-members-detail-id-1001-tab-body-scenario-active.png"
"29","회원관리","회원 상세 - 체성분 탭","/members/detail?id=1001&tab=body&scenario=active","8","탈퇴","button","active","ok","클릭 가능","screenshots/screens/029-member-members-detail-id-1001-tab-body-scenario-active.png"
"29","회원관리","회원 상세 - 체성분 탭","/members/detail?id=1001&tab=body&scenario=active","9","재등록 안내 발송","button","active","ok","클릭 가능","screenshots/screens/029-member-members-detail-id-1001-tab-body-scenario-active.png"
"29","회원관리","회원 상세 - 체성분 탭","/members/detail?id=1001&tab=body&scenario=active","10","추가 상품 제안","button","active","ok","클릭 가능","screenshots/screens/029-member-members-detail-id-1001-tab-body-scenario-active.png"
"29","회원관리","회원 상세 - 체성분 탭","/members/detail?id=1001&tab=body&scenario=active","11","홀딩 처리","button","active","ok","클릭 가능","screenshots/screens/029-member-members-detail-id-1001-tab-body-scenario-active.png"
"29","회원관리","회원 상세 - 체성분 탭","/members/detail?id=1001&tab=body&scenario=active","12","회원정보","button","active","ok","클릭 가능","screenshots/screens/029-member-members-detail-id-1001-tab-body-scenario-active.png"
"29","회원관리","회원 상세 - 체성분 탭","/members/detail?id=1001&tab=body&scenario=active","13","이용권 2","button","active","ok","클릭 가능","screenshots/screens/029-member-members-detail-id-1001-tab-body-scenario-active.png"
"29","회원관리","회원 상세 - 체성분 탭","/members/detail?id=1001&tab=body&scenario=active","14","출석 이력","button","active","ok","클릭 가능","screenshots/screens/029-member-members-detail-id-1001-tab-body-scenario-active.png"
"29","회원관리","회원 상세 - 체성분 탭","/members/detail?id=1001&tab=body&scenario=active","15","결제 이력","button","active","ok","클릭 가능","screenshots/screens/029-member-members-detail-id-1001-tab-body-scenario-active.png"
"29","회원관리","회원 상세 - 체성분 탭","/members/detail?id=1001&tab=body&scenario=active","16","결제내역","button","active","ok","클릭 가능","screenshots/screens/029-member-members-detail-id-1001-tab-body-scenario-active.png"
"29","회원관리","회원 상세 - 체성분 탭","/members/detail?id=1001&tab=body&scenario=active","17","예약내역","button","active","ok","클릭 가능","screenshots/screens/029-member-members-detail-id-1001-tab-body-scenario-active.png"
"29","회원관리","회원 상세 - 체성분 탭","/members/detail?id=1001&tab=body&scenario=active","18","상세내역","button","active","ok","클릭 가능","screenshots/screens/029-member-members-detail-id-1001-tab-body-scenario-active.png"
"29","회원관리","회원 상세 - 체성분 탭","/members/detail?id=1001&tab=body&scenario=active","19","체성분","button","active","ok","클릭 가능","screenshots/screens/029-member-members-detail-id-1001-tab-body-scenario-active.png"
"29","회원관리","회원 상세 - 체성분 탭","/members/detail?id=1001&tab=body&scenario=active","20","상담·메모","button","active","ok","클릭 가능","screenshots/screens/029-member-members-detail-id-1001-tab-body-scenario-active.png"
"29","회원관리","회원 상세 - 체성분 탭","/members/detail?id=1001&tab=body&scenario=active","21","레슨","button","active","ok","클릭 가능","screenshots/screens/029-member-members-detail-id-1001-tab-body-scenario-active.png"
"29","회원관리","회원 상세 - 체성분 탭","/members/detail?id=1001&tab=body&scenario=active","22","신체정보","button","active","ok","클릭 가능","screenshots/screens/029-member-members-detail-id-1001-tab-body-scenario-active.png"
"29","회원관리","회원 상세 - 체성분 탭","/members/detail?id=1001&tab=body&scenario=active","23","종합평가","button","active","ok","클릭 가능","screenshots/screens/029-member-members-detail-id-1001-tab-body-scenario-active.png"
"29","회원관리","회원 상세 - 체성분 탭","/members/detail?id=1001&tab=body&scenario=active","24","상담이력","button","active","ok","클릭 가능","screenshots/screens/029-member-members-detail-id-1001-tab-body-scenario-active.png"
"29","회원관리","회원 상세 - 체성분 탭","/members/detail?id=1001&tab=body&scenario=active","25","운동프로그램","button","active","ok","클릭 가능","screenshots/screens/029-member-members-detail-id-1001-tab-body-scenario-active.png"
"29","회원관리","회원 상세 - 체성분 탭","/members/detail?id=1001&tab=body&scenario=active","26","운동이력","button","active","ok","클릭 가능","screenshots/screens/029-member-members-detail-id-1001-tab-body-scenario-active.png"
"29","회원관리","회원 상세 - 체성분 탭","/members/detail?id=1001&tab=body&scenario=active","27","측정 추가","button","active","ok","클릭 가능","screenshots/screens/029-member-members-detail-id-1001-tab-body-scenario-active.png"
"29","회원관리","회원 상세 - 체성분 탭","/members/detail?id=1001&tab=body&scenario=active","28","체중(kg)","button","active","ok","클릭 가능","screenshots/screens/029-member-members-detail-id-1001-tab-body-scenario-active.png"
"29","회원관리","회원 상세 - 체성분 탭","/members/detail?id=1001&tab=body&scenario=active","29","골격근(kg)","button","active","ok","클릭 가능","screenshots/screens/029-member-members-detail-id-1001-tab-body-scenario-active.png"
"29","회원관리","회원 상세 - 체성분 탭","/members/detail?id=1001&tab=body&scenario=active","30","체지방률(%)","button","active","ok","클릭 가능","screenshots/screens/029-member-members-detail-id-1001-tab-body-scenario-active.png"
"29","회원관리","회원 상세 - 체성분 탭","/members/detail?id=1001&tab=body&scenario=active","31","홀딩 처리","button","active","ok","클릭 가능","screenshots/screens/029-member-members-detail-id-1001-tab-body-scenario-active.png"
"29","회원관리","회원 상세 - 체성분 탭","/members/detail?id=1001&tab=body&scenario=active","32","회원 삭제","button","active","ok","클릭 가능","screenshots/screens/029-member-members-detail-id-1001-tab-body-scenario-active.png"
"30","회원관리","회원 등록","/members/new","1","초기화","button","active","ok","클릭 가능","screenshots/screens/030-member-members-new.png"
"30","회원관리","회원 등록","/members/new","2","취소","button","active","ok","클릭 가능","screenshots/screens/030-member-members-new.png"
"30","회원관리","회원 등록","/members/new","3","Step 1. 필수 정보","button","active","ok","클릭 가능","screenshots/screens/030-member-members-new.png"
"30","회원관리","회원 등록","/members/new","4","Step 2. 추가 정보","button","active","ok","클릭 가능","screenshots/screens/030-member-members-new.png"
"30","회원관리","회원 등록","/members/new","5","button#5","button","active","ok","클릭 가능","screenshots/screens/030-member-members-new.png"
"30","회원관리","회원 등록","/members/new","6","남성","button","active","ok","클릭 가능","screenshots/screens/030-member-members-new.png"
"30","회원관리","회원 등록","/members/new","7","여성","button","active","ok","클릭 가능","screenshots/screens/030-member-members-new.png"
"30","회원관리","회원 등록","/members/new","8","중복확인","button","disabled","disabled","비활성 상태","screenshots/screens/030-member-members-new.png"
"30","회원관리","회원 등록","/members/new","9","다음 단계","button","disabled","disabled","비활성 상태","screenshots/screens/030-member-members-new.png"
"31","회원관리","회원 등록 - 수정 모드","/members/edit?id=1001&scenario=edit","1","초기화","button","active","ok","클릭 가능","screenshots/screens/031-member-members-edit-id-1001-scenario-edit.png"
"31","회원관리","회원 등록 - 수정 모드","/members/edit?id=1001&scenario=edit","2","취소","button","active","ok","클릭 가능","screenshots/screens/031-member-members-edit-id-1001-scenario-edit.png"
"31","회원관리","회원 등록 - 수정 모드","/members/edit?id=1001&scenario=edit","3","Step 1. 필수 정보","button","active","ok","클릭 가능","screenshots/screens/031-member-members-edit-id-1001-scenario-edit.png"
"31","회원관리","회원 등록 - 수정 모드","/members/edit?id=1001&scenario=edit","4","Step 2. 추가 정보","button","active","ok","클릭 가능","screenshots/screens/031-member-members-edit-id-1001-scenario-edit.png"
"31","회원관리","회원 등록 - 수정 모드","/members/edit?id=1001&scenario=edit","5","button#5","button","active","ok","클릭 가능","screenshots/screens/031-member-members-edit-id-1001-scenario-edit.png"
"31","회원관리","회원 등록 - 수정 모드","/members/edit?id=1001&scenario=edit","6","남성","button","active","ok","클릭 가능","screenshots/screens/031-member-members-edit-id-1001-scenario-edit.png"
"31","회원관리","회원 등록 - 수정 모드","/members/edit?id=1001&scenario=edit","7","여성","button","active","ok","클릭 가능","screenshots/screens/031-member-members-edit-id-1001-scenario-edit.png"
"31","회원관리","회원 등록 - 수정 모드","/members/edit?id=1001&scenario=edit","8","button#8","button","disabled","disabled","비활성 상태","screenshots/screens/031-member-members-edit-id-1001-scenario-edit.png"
"31","회원관리","회원 등록 - 수정 모드","/members/edit?id=1001&scenario=edit","9","다음 단계","button","active","ok","클릭 가능","screenshots/screens/031-member-members-edit-id-1001-scenario-edit.png"
"32","회원관리","회원 등록 - 신규 입력","/members/new?scenario=create","1","초기화","button","active","ok","클릭 가능","screenshots/screens/032-member-members-new-scenario-create.png"
"32","회원관리","회원 등록 - 신규 입력","/members/new?scenario=create","2","취소","button","active","ok","클릭 가능","screenshots/screens/032-member-members-new-scenario-create.png"
"32","회원관리","회원 등록 - 신규 입력","/members/new?scenario=create","3","Step 1. 필수 정보","button","active","ok","클릭 가능","screenshots/screens/032-member-members-new-scenario-create.png"
"32","회원관리","회원 등록 - 신규 입력","/members/new?scenario=create","4","Step 2. 추가 정보","button","active","ok","클릭 가능","screenshots/screens/032-member-members-new-scenario-create.png"
"32","회원관리","회원 등록 - 신규 입력","/members/new?scenario=create","5","button#5","button","active","ok","클릭 가능","screenshots/screens/032-member-members-new-scenario-create.png"
"32","회원관리","회원 등록 - 신규 입력","/members/new?scenario=create","6","남성","button","active","ok","클릭 가능","screenshots/screens/032-member-members-new-scenario-create.png"
"32","회원관리","회원 등록 - 신규 입력","/members/new?scenario=create","7","여성","button","active","ok","클릭 가능","screenshots/screens/032-member-members-new-scenario-create.png"
"32","회원관리","회원 등록 - 신규 입력","/members/new?scenario=create","8","중복확인","button","disabled","disabled","비활성 상태","screenshots/screens/032-member-members-new-scenario-create.png"
"32","회원관리","회원 등록 - 신규 입력","/members/new?scenario=create","9","다음 단계","button","disabled","disabled","비활성 상태","screenshots/screens/032-member-members-new-scenario-create.png"
"33","회원관리","회원 수정","/members/edit","1","초기화","button","active","ok","클릭 가능","screenshots/screens/033-member-members-edit.png"
"33","회원관리","회원 수정","/members/edit","2","취소","button","active","ok","클릭 가능","screenshots/screens/033-member-members-edit.png"
"33","회원관리","회원 수정","/members/edit","3","Step 1. 필수 정보","button","active","ok","클릭 가능","screenshots/screens/033-member-members-edit.png"
"33","회원관리","회원 수정","/members/edit","4","Step 2. 추가 정보","button","active","ok","클릭 가능","screenshots/screens/033-member-members-edit.png"
"33","회원관리","회원 수정","/members/edit","5","button#5","button","active","ok","클릭 가능","screenshots/screens/033-member-members-edit.png"
"33","회원관리","회원 수정","/members/edit","6","남성","button","active","ok","클릭 가능","screenshots/screens/033-member-members-edit.png"
"33","회원관리","회원 수정","/members/edit","7","여성","button","active","ok","클릭 가능","screenshots/screens/033-member-members-edit.png"
"33","회원관리","회원 수정","/members/edit","8","중복확인","button","disabled","disabled","비활성 상태","screenshots/screens/033-member-members-edit.png"
"33","회원관리","회원 수정","/members/edit","9","다음 단계","button","disabled","disabled","비활성 상태","screenshots/screens/033-member-members-edit.png"
"34","회원관리","회원 이관","/members/transfer","1","엑셀 다운로드","button","active","ok","클릭 가능","screenshots/screens/034-member-members-transfer.png"
"34","회원관리","회원 이관","/members/transfer","2","회원 추가","button","blocked","fail","locator.click: Timeout 1500ms exceeded.","screenshots/screens/034-member-members-transfer.png"
"34","회원관리","회원 이관","/members/transfer","3","재등록 집중 보기 1명 14일 내 만료 예정 회원","button","active","ok","클릭 가능","screenshots/screens/034-member-members-transfer.png"
"34","회원관리","회원 이관","/members/transfer","4","이탈 위험 보기 1명 14일 이상 미방문 회원","button","active","ok","클릭 가능","screenshots/screens/034-member-members-transfer.png"
"34","회원관리","회원 이관","/members/transfer","5","관심회원 보기 2명 후속 관리 우선 대상","button","active","ok","클릭 가능","screenshots/screens/034-member-members-transfer.png"
"34","회원관리","회원 이관","/members/transfer","6","선택 회원 메시지 발송","button","active","ok","클릭 가능","screenshots/screens/034-member-members-transfer.png"
"34","회원관리","회원 이관","/members/transfer","7","선택 회원 상태 변경","button","active","ok","클릭 가능","screenshots/screens/034-member-members-transfer.png"
"34","회원관리","회원 이관","/members/transfer","8","선택 회원 수동 출석","button","active","ok","클릭 가능","screenshots/screens/034-member-members-transfer.png"
"34","회원관리","회원 이관","/members/transfer","9","회원 전체","button","active","ok","클릭 가능","screenshots/screens/034-member-members-transfer.png"
"34","회원관리","회원 이관","/members/transfer","10","보유상품별","button","active","ok","클릭 가능","screenshots/screens/034-member-members-transfer.png"
"34","회원관리","회원 이관","/members/transfer","11","이용권 목록","button","active","ok","클릭 가능","screenshots/screens/034-member-members-transfer.png"
"34","회원관리","회원 이관","/members/transfer","12","상담내역 4","button","active","ok","클릭 가능","screenshots/screens/034-member-members-transfer.png"
"34","회원관리","회원 이관","/members/transfer","13","상담예약 2","button","active","ok","클릭 가능","screenshots/screens/034-member-members-transfer.png"
"34","회원관리","회원 이관","/members/transfer","14","재등록대상 2","button","active","ok","클릭 가능","screenshots/screens/034-member-members-transfer.png"
"34","회원관리","회원 이관","/members/transfer","15","(구)고객관리 2","button","active","ok","클릭 가능","screenshots/screens/034-member-members-transfer.png"
"34","회원관리","회원 이관","/members/transfer","16","전체 4","button","active","ok","클릭 가능","screenshots/screens/034-member-members-transfer.png"
"34","회원관리","회원 이관","/members/transfer","17","활성 1","button","active","ok","클릭 가능","screenshots/screens/034-member-members-transfer.png"
"34","회원관리","회원 이관","/members/transfer","18","만료 1","button","active","ok","클릭 가능","screenshots/screens/034-member-members-transfer.png"
"34","회원관리","회원 이관","/members/transfer","19","미등록 0","button","active","ok","클릭 가능","screenshots/screens/034-member-members-transfer.png"
"34","회원관리","회원 이관","/members/transfer","20","홀딩 1","button","active","ok","클릭 가능","screenshots/screens/034-member-members-transfer.png"
"34","회원관리","회원 이관","/members/transfer","21","정지 1","button","active","ok","클릭 가능","screenshots/screens/034-member-members-transfer.png"
"34","회원관리","회원 이관","/members/transfer","22","초기화","button","active","ok","클릭 가능","screenshots/screens/034-member-members-transfer.png"
"34","회원관리","회원 이관","/members/transfer","23","전체","button","active","ok","클릭 가능","screenshots/screens/034-member-members-transfer.png"
"34","회원관리","회원 이관","/members/transfer","24","전체","button","active","ok","클릭 가능","screenshots/screens/034-member-members-transfer.png"
"34","회원관리","회원 이관","/members/transfer","25","전체","button","active","ok","클릭 가능","screenshots/screens/034-member-members-transfer.png"
"34","회원관리","회원 이관","/members/transfer","26","회원명","th","active","ok","클릭 가능","screenshots/screens/034-member-members-transfer.png"
"34","회원관리","회원 이관","/members/transfer","27","만료일","th","active","ok","클릭 가능","screenshots/screens/034-member-members-transfer.png"
"34","회원관리","회원 이관","/members/transfer","28","등록일","th","active","ok","클릭 가능","screenshots/screens/034-member-members-transfer.png"
"34","회원관리","회원 이관","/members/transfer","29","★","button","active","ok","클릭 가능","screenshots/screens/034-member-members-transfer.png"
"34","회원관리","회원 이관","/members/transfer","30","김민지","button","active","ok","클릭 가능","screenshots/screens/034-member-members-transfer.png"
"34","회원관리","회원 이관","/members/transfer","31","이관","button","active","ok","클릭 가능","screenshots/screens/034-member-members-transfer.png"
"34","회원관리","회원 이관","/members/transfer","32","☆","button","active","ok","클릭 가능","screenshots/screens/034-member-members-transfer.png"
"34","회원관리","회원 이관","/members/transfer","33","박준호","button","active","ok","클릭 가능","screenshots/screens/034-member-members-transfer.png"
"34","회원관리","회원 이관","/members/transfer","34","이관","button","active","ok","클릭 가능","screenshots/screens/034-member-members-transfer.png"
"34","회원관리","회원 이관","/members/transfer","35","★","button","active","ok","클릭 가능","screenshots/screens/034-member-members-transfer.png"
"34","회원관리","회원 이관","/members/transfer","36","이서연","button","active","ok","클릭 가능","screenshots/screens/034-member-members-transfer.png"
"34","회원관리","회원 이관","/members/transfer","37","이관","button","active","ok","클릭 가능","screenshots/screens/034-member-members-transfer.png"
"34","회원관리","회원 이관","/members/transfer","38","☆","button","active","ok","클릭 가능","screenshots/screens/034-member-members-transfer.png"
"34","회원관리","회원 이관","/members/transfer","39","최현우","button","active","ok","클릭 가능","screenshots/screens/034-member-members-transfer.png"
"34","회원관리","회원 이관","/members/transfer","40","이관","button","active","ok","클릭 가능","screenshots/screens/034-member-members-transfer.png"
"34","회원관리","회원 이관","/members/transfer","41","button#41","button","disabled","disabled","비활성 상태","screenshots/screens/034-member-members-transfer.png"
"34","회원관리","회원 이관","/members/transfer","42","1","button","active","ok","클릭 가능","screenshots/screens/034-member-members-transfer.png"
"34","회원관리","회원 이관","/members/transfer","43","button#43","button","disabled","disabled","비활성 상태","screenshots/screens/034-member-members-transfer.png"
"35","회원관리","회원 이관 - 가능 상태","/members/transfer?memberId=1001&scenario=eligible","1","뒤로가기","button","active","ok","클릭 가능","screenshots/screens/035-member-members-transfer-memberId-1001-scenario-eligible.png"
"35","회원관리","회원 이관 - 가능 상태","/members/transfer?memberId=1001&scenario=eligible","2","지점을 선택하세요","button","active","ok","클릭 가능","screenshots/screens/035-member-members-transfer-memberId-1001-scenario-eligible.png"
"35","회원관리","회원 이관 - 가능 상태","/members/transfer?memberId=1001&scenario=eligible","3","취소","button","active","ok","클릭 가능","screenshots/screens/035-member-members-transfer-memberId-1001-scenario-eligible.png"
"35","회원관리","회원 이관 - 가능 상태","/members/transfer?memberId=1001&scenario=eligible","4","이관 실행","button","disabled","disabled","비활성 상태","screenshots/screens/035-member-members-transfer-memberId-1001-scenario-eligible.png"
"36","회원관리","회원 이관 - 차단 상태","/members/transfer?memberId=1002&scenario=blocked","1","뒤로가기","button","active","ok","클릭 가능","screenshots/screens/036-member-members-transfer-memberId-1002-scenario-blocked.png"
"36","회원관리","회원 이관 - 차단 상태","/members/transfer?memberId=1002&scenario=blocked","2","지점을 선택하세요","button","disabled","disabled","비활성 상태","screenshots/screens/036-member-members-transfer-memberId-1002-scenario-blocked.png"
"36","회원관리","회원 이관 - 차단 상태","/members/transfer?memberId=1002&scenario=blocked","3","취소","button","active","ok","클릭 가능","screenshots/screens/036-member-members-transfer-memberId-1002-scenario-blocked.png"
"36","회원관리","회원 이관 - 차단 상태","/members/transfer?memberId=1002&scenario=blocked","4","이관 실행","button","disabled","disabled","비활성 상태","screenshots/screens/036-member-members-transfer-memberId-1002-scenario-blocked.png"
"37","회원관리","가족 회원","/members/family","1","seed 갱신","button","active","ok","클릭 가능","screenshots/screens/037-member-members-family.png"
"37","회원관리","가족 회원","/members/family","2","가족 연결","button","active","ok","클릭 가능","screenshots/screens/037-member-members-family.png"
"37","회원관리","가족 회원","/members/family","3","연결 해제","button","active","ok","클릭 가능","screenshots/screens/037-member-members-family.png"
"37","회원관리","가족 회원","/members/family","4","연결 해제","button","active","ok","클릭 가능","screenshots/screens/037-member-members-family.png"
"37","회원관리","가족 회원","/members/family","5","연결 해제","button","active","ok","클릭 가능","screenshots/screens/037-member-members-family.png"
"37","회원관리","가족 회원","/members/family","6","연결 해제","button","active","ok","클릭 가능","screenshots/screens/037-member-members-family.png"
"37","회원관리","가족 회원","/members/family","7","연결 해제","button","active","ok","클릭 가능","screenshots/screens/037-member-members-family.png"
"38","회원관리","등급 관리","/members/grade","1","등급 기준 설정","button","active","ok","클릭 가능","screenshots/screens/038-member-members-grade.png"
"39","회원관리","세그먼트 관리","/members/segment","1","seed 갱신","button","active","ok","클릭 가능","screenshots/screens/039-member-members-segment.png"
"39","회원관리","세그먼트 관리","/members/segment","2","세그먼트 생성","button","active","ok","클릭 가능","screenshots/screens/039-member-members-segment.png"
"39","회원관리","세그먼트 관리","/members/segment","3","메시지 발송","button","active","ok","클릭 가능","screenshots/screens/039-member-members-segment.png"
"39","회원관리","세그먼트 관리","/members/segment","4","보기","button","active","ok","클릭 가능","screenshots/screens/039-member-members-segment.png"
"39","회원관리","세그먼트 관리","/members/segment","5","메시지 발송","button","active","ok","클릭 가능","screenshots/screens/039-member-members-segment.png"
"39","회원관리","세그먼트 관리","/members/segment","6","보기","button","active","ok","클릭 가능","screenshots/screens/039-member-members-segment.png"
"39","회원관리","세그먼트 관리","/members/segment","7","메시지 발송","button","active","ok","클릭 가능","screenshots/screens/039-member-members-segment.png"
"39","회원관리","세그먼트 관리","/members/segment","8","보기","button","active","ok","클릭 가능","screenshots/screens/039-member-members-segment.png"
"39","회원관리","세그먼트 관리","/members/segment","9","메시지 발송","button","active","ok","클릭 가능","screenshots/screens/039-member-members-segment.png"
"39","회원관리","세그먼트 관리","/members/segment","10","보기","button","active","ok","클릭 가능","screenshots/screens/039-member-members-segment.png"
"39","회원관리","세그먼트 관리","/members/segment","11","메시지 발송","button","active","ok","클릭 가능","screenshots/screens/039-member-members-segment.png"
"39","회원관리","세그먼트 관리","/members/segment","12","보기","button","active","ok","클릭 가능","screenshots/screens/039-member-members-segment.png"
"40","회원관리","체성분 관리","/body-composition","1","회원 상세로 돌아가기","button","active","ok","클릭 가능","screenshots/screens/040-member-body-composition.png"
"40","회원관리","체성분 관리","/body-composition","2","전체 기록 추출","button","active","ok","클릭 가능","screenshots/screens/040-member-body-composition.png"
"40","회원관리","체성분 관리","/body-composition","3","새 측정 기록 추가","button","active","ok","클릭 가능","screenshots/screens/040-member-body-composition.png"
"40","회원관리","체성분 관리","/body-composition","4","기록 목록","button","active","ok","클릭 가능","screenshots/screens/040-member-body-composition.png"
"40","회원관리","체성분 관리","/body-composition","5","변화 그래프","button","active","ok","클릭 가능","screenshots/screens/040-member-body-composition.png"
"40","회원관리","체성분 관리","/body-composition","6","목표 관리","button","active","ok","클릭 가능","screenshots/screens/040-member-body-composition.png"
"40","회원관리","체성분 관리","/body-composition","7","button#7","button","active","ok","클릭 가능","screenshots/screens/040-member-body-composition.png"
"40","회원관리","체성분 관리","/body-composition","8","button#8","button","active","ok","클릭 가능","screenshots/screens/040-member-body-composition.png"
"40","회원관리","체성분 관리","/body-composition","9","button#9","button","active","ok","클릭 가능","screenshots/screens/040-member-body-composition.png"
"40","회원관리","체성분 관리","/body-composition","10","button#10","button","active","ok","클릭 가능","screenshots/screens/040-member-body-composition.png"
"41","회원관리","회원 목록","/members","1","엑셀 다운로드","button","active","ok","클릭 가능","screenshots/screens/041-member-members.png"
"41","회원관리","회원 목록","/members","2","회원 추가","button","active","ok","클릭 가능","screenshots/screens/041-member-members.png"
"41","회원관리","회원 목록","/members","3","재등록 집중 보기 1명 14일 내 만료 예정 회원","button","active","ok","클릭 가능","screenshots/screens/041-member-members.png"
"41","회원관리","회원 목록","/members","4","이탈 위험 보기 1명 14일 이상 미방문 회원","button","active","ok","클릭 가능","screenshots/screens/041-member-members.png"
"41","회원관리","회원 목록","/members","5","관심회원 보기 2명 후속 관리 우선 대상","button","active","ok","클릭 가능","screenshots/screens/041-member-members.png"
"41","회원관리","회원 목록","/members","6","선택 회원 메시지 발송","button","active","ok","클릭 가능","screenshots/screens/041-member-members.png"
"41","회원관리","회원 목록","/members","7","선택 회원 상태 변경","button","active","ok","클릭 가능","screenshots/screens/041-member-members.png"
"41","회원관리","회원 목록","/members","8","선택 회원 수동 출석","button","active","ok","클릭 가능","screenshots/screens/041-member-members.png"
"41","회원관리","회원 목록","/members","9","회원 전체","button","active","ok","클릭 가능","screenshots/screens/041-member-members.png"
"41","회원관리","회원 목록","/members","10","보유상품별","button","active","ok","클릭 가능","screenshots/screens/041-member-members.png"
"41","회원관리","회원 목록","/members","11","이용권 목록","button","active","ok","클릭 가능","screenshots/screens/041-member-members.png"
"41","회원관리","회원 목록","/members","12","상담내역 4","button","active","ok","클릭 가능","screenshots/screens/041-member-members.png"
"41","회원관리","회원 목록","/members","13","상담예약 2","button","active","ok","클릭 가능","screenshots/screens/041-member-members.png"
"41","회원관리","회원 목록","/members","14","재등록대상 2","button","active","ok","클릭 가능","screenshots/screens/041-member-members.png"
"41","회원관리","회원 목록","/members","15","(구)고객관리 2","button","active","ok","클릭 가능","screenshots/screens/041-member-members.png"
"41","회원관리","회원 목록","/members","16","전체 4","button","active","ok","클릭 가능","screenshots/screens/041-member-members.png"
"41","회원관리","회원 목록","/members","17","활성 1","button","active","ok","클릭 가능","screenshots/screens/041-member-members.png"
"41","회원관리","회원 목록","/members","18","만료 1","button","active","ok","클릭 가능","screenshots/screens/041-member-members.png"
"41","회원관리","회원 목록","/members","19","미등록 0","button","active","ok","클릭 가능","screenshots/screens/041-member-members.png"
"41","회원관리","회원 목록","/members","20","홀딩 1","button","active","ok","클릭 가능","screenshots/screens/041-member-members.png"
"41","회원관리","회원 목록","/members","21","정지 1","button","active","ok","클릭 가능","screenshots/screens/041-member-members.png"
"41","회원관리","회원 목록","/members","22","초기화","button","active","ok","클릭 가능","screenshots/screens/041-member-members.png"
"41","회원관리","회원 목록","/members","23","전체","button","active","ok","클릭 가능","screenshots/screens/041-member-members.png"
"41","회원관리","회원 목록","/members","24","전체","button","active","ok","클릭 가능","screenshots/screens/041-member-members.png"
"41","회원관리","회원 목록","/members","25","전체","button","active","ok","클릭 가능","screenshots/screens/041-member-members.png"
"41","회원관리","회원 목록","/members","26","회원명","th","active","ok","클릭 가능","screenshots/screens/041-member-members.png"
"41","회원관리","회원 목록","/members","27","만료일","th","active","ok","클릭 가능","screenshots/screens/041-member-members.png"
"41","회원관리","회원 목록","/members","28","등록일","th","active","ok","클릭 가능","screenshots/screens/041-member-members.png"
"41","회원관리","회원 목록","/members","29","★","button","active","ok","클릭 가능","screenshots/screens/041-member-members.png"
"41","회원관리","회원 목록","/members","30","김민지","button","active","ok","클릭 가능","screenshots/screens/041-member-members.png"
"41","회원관리","회원 목록","/members","31","이관","button","active","ok","클릭 가능","screenshots/screens/041-member-members.png"
"41","회원관리","회원 목록","/members","32","☆","button","active","ok","클릭 가능","screenshots/screens/041-member-members.png"
"41","회원관리","회원 목록","/members","33","박준호","button","active","ok","클릭 가능","screenshots/screens/041-member-members.png"
"41","회원관리","회원 목록","/members","34","이관","button","active","ok","클릭 가능","screenshots/screens/041-member-members.png"
"41","회원관리","회원 목록","/members","35","★","button","active","ok","클릭 가능","screenshots/screens/041-member-members.png"
"41","회원관리","회원 목록","/members","36","이서연","button","active","ok","클릭 가능","screenshots/screens/041-member-members.png"
"41","회원관리","회원 목록","/members","37","이관","button","active","ok","클릭 가능","screenshots/screens/041-member-members.png"
"41","회원관리","회원 목록","/members","38","☆","button","active","ok","클릭 가능","screenshots/screens/041-member-members.png"
"41","회원관리","회원 목록","/members","39","최현우","button","active","ok","클릭 가능","screenshots/screens/041-member-members.png"
"41","회원관리","회원 목록","/members","40","이관","button","active","ok","클릭 가능","screenshots/screens/041-member-members.png"
"41","회원관리","회원 목록","/members","41","button#41","button","disabled","disabled","비활성 상태","screenshots/screens/041-member-members.png"
"41","회원관리","회원 목록","/members","42","1","button","active","ok","클릭 가능","screenshots/screens/041-member-members.png"
"41","회원관리","회원 목록","/members","43","button#43","button","disabled","disabled","비활성 상태","screenshots/screens/041-member-members.png"
"42","회원관리","회원 목록 - 관심회원","/members?scenario=favorites","1","엑셀 다운로드","button","active","ok","클릭 가능","screenshots/screens/042-member-members-scenario-favorites.png"
"42","회원관리","회원 목록 - 관심회원","/members?scenario=favorites","2","회원 추가","button","active","ok","클릭 가능","screenshots/screens/042-member-members-scenario-favorites.png"
"42","회원관리","회원 목록 - 관심회원","/members?scenario=favorites","3","재등록 집중 보기 1명 14일 내 만료 예정 회원","button","active","ok","클릭 가능","screenshots/screens/042-member-members-scenario-favorites.png"
"42","회원관리","회원 목록 - 관심회원","/members?scenario=favorites","4","이탈 위험 보기 1명 14일 이상 미방문 회원","button","active","ok","클릭 가능","screenshots/screens/042-member-members-scenario-favorites.png"
"42","회원관리","회원 목록 - 관심회원","/members?scenario=favorites","5","관심회원 보기 2명 후속 관리 우선 대상","button","active","ok","클릭 가능","screenshots/screens/042-member-members-scenario-favorites.png"
"42","회원관리","회원 목록 - 관심회원","/members?scenario=favorites","6","선택 회원 메시지 발송","button","active","ok","클릭 가능","screenshots/screens/042-member-members-scenario-favorites.png"
"42","회원관리","회원 목록 - 관심회원","/members?scenario=favorites","7","선택 회원 상태 변경","button","active","ok","클릭 가능","screenshots/screens/042-member-members-scenario-favorites.png"
"42","회원관리","회원 목록 - 관심회원","/members?scenario=favorites","8","선택 회원 수동 출석","button","active","ok","클릭 가능","screenshots/screens/042-member-members-scenario-favorites.png"
"42","회원관리","회원 목록 - 관심회원","/members?scenario=favorites","9","회원 전체","button","active","ok","클릭 가능","screenshots/screens/042-member-members-scenario-favorites.png"
"42","회원관리","회원 목록 - 관심회원","/members?scenario=favorites","10","보유상품별","button","active","ok","클릭 가능","screenshots/screens/042-member-members-scenario-favorites.png"
"42","회원관리","회원 목록 - 관심회원","/members?scenario=favorites","11","이용권 목록","button","active","ok","클릭 가능","screenshots/screens/042-member-members-scenario-favorites.png"
"42","회원관리","회원 목록 - 관심회원","/members?scenario=favorites","12","상담내역 2","button","active","ok","클릭 가능","screenshots/screens/042-member-members-scenario-favorites.png"
"42","회원관리","회원 목록 - 관심회원","/members?scenario=favorites","13","상담예약 2","button","active","ok","클릭 가능","screenshots/screens/042-member-members-scenario-favorites.png"
"42","회원관리","회원 목록 - 관심회원","/members?scenario=favorites","14","재등록대상 1","button","active","ok","클릭 가능","screenshots/screens/042-member-members-scenario-favorites.png"
"42","회원관리","회원 목록 - 관심회원","/members?scenario=favorites","15","(구)고객관리 1","button","active","ok","클릭 가능","screenshots/screens/042-member-members-scenario-favorites.png"
"42","회원관리","회원 목록 - 관심회원","/members?scenario=favorites","16","전체 4","button","active","ok","클릭 가능","screenshots/screens/042-member-members-scenario-favorites.png"
"42","회원관리","회원 목록 - 관심회원","/members?scenario=favorites","17","활성 1","button","active","ok","클릭 가능","screenshots/screens/042-member-members-scenario-favorites.png"
"42","회원관리","회원 목록 - 관심회원","/members?scenario=favorites","18","만료 1","button","active","ok","클릭 가능","screenshots/screens/042-member-members-scenario-favorites.png"
"42","회원관리","회원 목록 - 관심회원","/members?scenario=favorites","19","미등록 0","button","active","ok","클릭 가능","screenshots/screens/042-member-members-scenario-favorites.png"
"42","회원관리","회원 목록 - 관심회원","/members?scenario=favorites","20","홀딩 1","button","active","ok","클릭 가능","screenshots/screens/042-member-members-scenario-favorites.png"
"42","회원관리","회원 목록 - 관심회원","/members?scenario=favorites","21","정지 1","button","active","ok","클릭 가능","screenshots/screens/042-member-members-scenario-favorites.png"
"42","회원관리","회원 목록 - 관심회원","/members?scenario=favorites","22","초기화","button","active","ok","클릭 가능","screenshots/screens/042-member-members-scenario-favorites.png"
"42","회원관리","회원 목록 - 관심회원","/members?scenario=favorites","23","전체","button","active","ok","클릭 가능","screenshots/screens/042-member-members-scenario-favorites.png"
"42","회원관리","회원 목록 - 관심회원","/members?scenario=favorites","24","전체","button","active","ok","클릭 가능","screenshots/screens/042-member-members-scenario-favorites.png"
"42","회원관리","회원 목록 - 관심회원","/members?scenario=favorites","25","전체","button","active","ok","클릭 가능","screenshots/screens/042-member-members-scenario-favorites.png"
"42","회원관리","회원 목록 - 관심회원","/members?scenario=favorites","26","회원명","th","active","ok","클릭 가능","screenshots/screens/042-member-members-scenario-favorites.png"
"42","회원관리","회원 목록 - 관심회원","/members?scenario=favorites","27","만료일","th","active","ok","클릭 가능","screenshots/screens/042-member-members-scenario-favorites.png"
"42","회원관리","회원 목록 - 관심회원","/members?scenario=favorites","28","등록일","th","active","ok","클릭 가능","screenshots/screens/042-member-members-scenario-favorites.png"
"42","회원관리","회원 목록 - 관심회원","/members?scenario=favorites","29","★","button","active","ok","클릭 가능","screenshots/screens/042-member-members-scenario-favorites.png"
"42","회원관리","회원 목록 - 관심회원","/members?scenario=favorites","30","김민지","button","active","ok","클릭 가능","screenshots/screens/042-member-members-scenario-favorites.png"
"42","회원관리","회원 목록 - 관심회원","/members?scenario=favorites","31","이관","button","active","ok","클릭 가능","screenshots/screens/042-member-members-scenario-favorites.png"
"42","회원관리","회원 목록 - 관심회원","/members?scenario=favorites","32","★","button","active","ok","클릭 가능","screenshots/screens/042-member-members-scenario-favorites.png"
"42","회원관리","회원 목록 - 관심회원","/members?scenario=favorites","33","이서연","button","active","ok","클릭 가능","screenshots/screens/042-member-members-scenario-favorites.png"
"42","회원관리","회원 목록 - 관심회원","/members?scenario=favorites","34","이관","button","active","ok","클릭 가능","screenshots/screens/042-member-members-scenario-favorites.png"
"42","회원관리","회원 목록 - 관심회원","/members?scenario=favorites","35","button#35","button","disabled","disabled","비활성 상태","screenshots/screens/042-member-members-scenario-favorites.png"
"42","회원관리","회원 목록 - 관심회원","/members?scenario=favorites","36","1","button","active","ok","클릭 가능","screenshots/screens/042-member-members-scenario-favorites.png"
"42","회원관리","회원 목록 - 관심회원","/members?scenario=favorites","37","button#37","button","disabled","disabled","비활성 상태","screenshots/screens/042-member-members-scenario-favorites.png"
"43","회원관리","회원 목록 - 기본","/members?scenario=default","1","엑셀 다운로드","button","active","ok","클릭 가능","screenshots/screens/043-member-members-scenario-default.png"
"43","회원관리","회원 목록 - 기본","/members?scenario=default","2","회원 추가","button","active","ok","클릭 가능","screenshots/screens/043-member-members-scenario-default.png"
"43","회원관리","회원 목록 - 기본","/members?scenario=default","3","재등록 집중 보기 1명 14일 내 만료 예정 회원","button","active","ok","클릭 가능","screenshots/screens/043-member-members-scenario-default.png"
"43","회원관리","회원 목록 - 기본","/members?scenario=default","4","이탈 위험 보기 1명 14일 이상 미방문 회원","button","active","ok","클릭 가능","screenshots/screens/043-member-members-scenario-default.png"
"43","회원관리","회원 목록 - 기본","/members?scenario=default","5","관심회원 보기 2명 후속 관리 우선 대상","button","active","ok","클릭 가능","screenshots/screens/043-member-members-scenario-default.png"
"43","회원관리","회원 목록 - 기본","/members?scenario=default","6","선택 회원 메시지 발송","button","active","ok","클릭 가능","screenshots/screens/043-member-members-scenario-default.png"
"43","회원관리","회원 목록 - 기본","/members?scenario=default","7","선택 회원 상태 변경","button","active","ok","클릭 가능","screenshots/screens/043-member-members-scenario-default.png"
"43","회원관리","회원 목록 - 기본","/members?scenario=default","8","선택 회원 수동 출석","button","active","ok","클릭 가능","screenshots/screens/043-member-members-scenario-default.png"
"43","회원관리","회원 목록 - 기본","/members?scenario=default","9","회원 전체","button","active","ok","클릭 가능","screenshots/screens/043-member-members-scenario-default.png"
"43","회원관리","회원 목록 - 기본","/members?scenario=default","10","보유상품별","button","active","ok","클릭 가능","screenshots/screens/043-member-members-scenario-default.png"
"43","회원관리","회원 목록 - 기본","/members?scenario=default","11","이용권 목록","button","active","ok","클릭 가능","screenshots/screens/043-member-members-scenario-default.png"
"43","회원관리","회원 목록 - 기본","/members?scenario=default","12","상담내역 4","button","active","ok","클릭 가능","screenshots/screens/043-member-members-scenario-default.png"
"43","회원관리","회원 목록 - 기본","/members?scenario=default","13","상담예약 2","button","active","ok","클릭 가능","screenshots/screens/043-member-members-scenario-default.png"
"43","회원관리","회원 목록 - 기본","/members?scenario=default","14","재등록대상 2","button","active","ok","클릭 가능","screenshots/screens/043-member-members-scenario-default.png"
"43","회원관리","회원 목록 - 기본","/members?scenario=default","15","(구)고객관리 2","button","active","ok","클릭 가능","screenshots/screens/043-member-members-scenario-default.png"
"43","회원관리","회원 목록 - 기본","/members?scenario=default","16","전체 4","button","active","ok","클릭 가능","screenshots/screens/043-member-members-scenario-default.png"
"43","회원관리","회원 목록 - 기본","/members?scenario=default","17","활성 1","button","active","ok","클릭 가능","screenshots/screens/043-member-members-scenario-default.png"
"43","회원관리","회원 목록 - 기본","/members?scenario=default","18","만료 1","button","active","ok","클릭 가능","screenshots/screens/043-member-members-scenario-default.png"
"43","회원관리","회원 목록 - 기본","/members?scenario=default","19","미등록 0","button","active","ok","클릭 가능","screenshots/screens/043-member-members-scenario-default.png"
"43","회원관리","회원 목록 - 기본","/members?scenario=default","20","홀딩 1","button","active","ok","클릭 가능","screenshots/screens/043-member-members-scenario-default.png"
"43","회원관리","회원 목록 - 기본","/members?scenario=default","21","정지 1","button","active","ok","클릭 가능","screenshots/screens/043-member-members-scenario-default.png"
"43","회원관리","회원 목록 - 기본","/members?scenario=default","22","초기화","button","active","ok","클릭 가능","screenshots/screens/043-member-members-scenario-default.png"
"43","회원관리","회원 목록 - 기본","/members?scenario=default","23","전체","button","active","ok","클릭 가능","screenshots/screens/043-member-members-scenario-default.png"
"43","회원관리","회원 목록 - 기본","/members?scenario=default","24","전체","button","active","ok","클릭 가능","screenshots/screens/043-member-members-scenario-default.png"
"43","회원관리","회원 목록 - 기본","/members?scenario=default","25","전체","button","active","ok","클릭 가능","screenshots/screens/043-member-members-scenario-default.png"
"43","회원관리","회원 목록 - 기본","/members?scenario=default","26","회원명","th","active","ok","클릭 가능","screenshots/screens/043-member-members-scenario-default.png"
"43","회원관리","회원 목록 - 기본","/members?scenario=default","27","만료일","th","active","ok","클릭 가능","screenshots/screens/043-member-members-scenario-default.png"
"43","회원관리","회원 목록 - 기본","/members?scenario=default","28","등록일","th","active","ok","클릭 가능","screenshots/screens/043-member-members-scenario-default.png"
"43","회원관리","회원 목록 - 기본","/members?scenario=default","29","★","button","active","ok","클릭 가능","screenshots/screens/043-member-members-scenario-default.png"
"43","회원관리","회원 목록 - 기본","/members?scenario=default","30","김민지","button","active","ok","클릭 가능","screenshots/screens/043-member-members-scenario-default.png"
"43","회원관리","회원 목록 - 기본","/members?scenario=default","31","이관","button","active","ok","클릭 가능","screenshots/screens/043-member-members-scenario-default.png"
"43","회원관리","회원 목록 - 기본","/members?scenario=default","32","☆","button","active","ok","클릭 가능","screenshots/screens/043-member-members-scenario-default.png"
"43","회원관리","회원 목록 - 기본","/members?scenario=default","33","박준호","button","active","ok","클릭 가능","screenshots/screens/043-member-members-scenario-default.png"
"43","회원관리","회원 목록 - 기본","/members?scenario=default","34","이관","button","active","ok","클릭 가능","screenshots/screens/043-member-members-scenario-default.png"
"43","회원관리","회원 목록 - 기본","/members?scenario=default","35","★","button","active","ok","클릭 가능","screenshots/screens/043-member-members-scenario-default.png"
"43","회원관리","회원 목록 - 기본","/members?scenario=default","36","이서연","button","active","ok","클릭 가능","screenshots/screens/043-member-members-scenario-default.png"
"43","회원관리","회원 목록 - 기본","/members?scenario=default","37","이관","button","active","ok","클릭 가능","screenshots/screens/043-member-members-scenario-default.png"
"43","회원관리","회원 목록 - 기본","/members?scenario=default","38","☆","button","active","ok","클릭 가능","screenshots/screens/043-member-members-scenario-default.png"
"43","회원관리","회원 목록 - 기본","/members?scenario=default","39","최현우","button","active","ok","클릭 가능","screenshots/screens/043-member-members-scenario-default.png"
"43","회원관리","회원 목록 - 기본","/members?scenario=default","40","이관","button","active","ok","클릭 가능","screenshots/screens/043-member-members-scenario-default.png"
"43","회원관리","회원 목록 - 기본","/members?scenario=default","41","button#41","button","disabled","disabled","비활성 상태","screenshots/screens/043-member-members-scenario-default.png"
"43","회원관리","회원 목록 - 기본","/members?scenario=default","42","1","button","active","ok","클릭 가능","screenshots/screens/043-member-members-scenario-default.png"
"43","회원관리","회원 목록 - 기본","/members?scenario=default","43","button#43","button","disabled","disabled","비활성 상태","screenshots/screens/043-member-members-scenario-default.png"
"44","회원관리","회원 목록 - 만료 회원","/members?scenario=expired&status=EXPIRED","1","엑셀 다운로드","button","active","ok","클릭 가능","screenshots/screens/044-member-members-scenario-expired-status-EXPIRED.png"
"44","회원관리","회원 목록 - 만료 회원","/members?scenario=expired&status=EXPIRED","2","회원 추가","button","active","ok","클릭 가능","screenshots/screens/044-member-members-scenario-expired-status-EXPIRED.png"
"44","회원관리","회원 목록 - 만료 회원","/members?scenario=expired&status=EXPIRED","3","재등록 집중 보기 0명 14일 내 만료 예정 회원","button","active","ok","클릭 가능","screenshots/screens/044-member-members-scenario-expired-status-EXPIRED.png"
"44","회원관리","회원 목록 - 만료 회원","/members?scenario=expired&status=EXPIRED","4","이탈 위험 보기 0명 14일 이상 미방문 회원","button","active","ok","클릭 가능","screenshots/screens/044-member-members-scenario-expired-status-EXPIRED.png"
"44","회원관리","회원 목록 - 만료 회원","/members?scenario=expired&status=EXPIRED","5","관심회원 보기 0명 후속 관리 우선 대상","button","active","ok","클릭 가능","screenshots/screens/044-member-members-scenario-expired-status-EXPIRED.png"
"44","회원관리","회원 목록 - 만료 회원","/members?scenario=expired&status=EXPIRED","6","선택 회원 메시지 발송","button","active","ok","클릭 가능","screenshots/screens/044-member-members-scenario-expired-status-EXPIRED.png"
"44","회원관리","회원 목록 - 만료 회원","/members?scenario=expired&status=EXPIRED","7","선택 회원 상태 변경","button","active","ok","클릭 가능","screenshots/screens/044-member-members-scenario-expired-status-EXPIRED.png"
"44","회원관리","회원 목록 - 만료 회원","/members?scenario=expired&status=EXPIRED","8","선택 회원 수동 출석","button","active","ok","클릭 가능","screenshots/screens/044-member-members-scenario-expired-status-EXPIRED.png"
"44","회원관리","회원 목록 - 만료 회원","/members?scenario=expired&status=EXPIRED","9","회원 전체","button","active","ok","클릭 가능","screenshots/screens/044-member-members-scenario-expired-status-EXPIRED.png"
"44","회원관리","회원 목록 - 만료 회원","/members?scenario=expired&status=EXPIRED","10","보유상품별","button","active","ok","클릭 가능","screenshots/screens/044-member-members-scenario-expired-status-EXPIRED.png"
"44","회원관리","회원 목록 - 만료 회원","/members?scenario=expired&status=EXPIRED","11","이용권 목록","button","active","ok","클릭 가능","screenshots/screens/044-member-members-scenario-expired-status-EXPIRED.png"
"44","회원관리","회원 목록 - 만료 회원","/members?scenario=expired&status=EXPIRED","12","상담내역 1","button","active","ok","클릭 가능","screenshots/screens/044-member-members-scenario-expired-status-EXPIRED.png"
"44","회원관리","회원 목록 - 만료 회원","/members?scenario=expired&status=EXPIRED","13","상담예약 0","button","active","ok","클릭 가능","screenshots/screens/044-member-members-scenario-expired-status-EXPIRED.png"
"44","회원관리","회원 목록 - 만료 회원","/members?scenario=expired&status=EXPIRED","14","재등록대상 1","button","active","ok","클릭 가능","screenshots/screens/044-member-members-scenario-expired-status-EXPIRED.png"
"44","회원관리","회원 목록 - 만료 회원","/members?scenario=expired&status=EXPIRED","15","(구)고객관리 1","button","active","ok","클릭 가능","screenshots/screens/044-member-members-scenario-expired-status-EXPIRED.png"
"44","회원관리","회원 목록 - 만료 회원","/members?scenario=expired&status=EXPIRED","16","전체 4","button","active","ok","클릭 가능","screenshots/screens/044-member-members-scenario-expired-status-EXPIRED.png"
"44","회원관리","회원 목록 - 만료 회원","/members?scenario=expired&status=EXPIRED","17","활성 1","button","active","ok","클릭 가능","screenshots/screens/044-member-members-scenario-expired-status-EXPIRED.png"
"44","회원관리","회원 목록 - 만료 회원","/members?scenario=expired&status=EXPIRED","18","만료 1","button","active","ok","클릭 가능","screenshots/screens/044-member-members-scenario-expired-status-EXPIRED.png"
"44","회원관리","회원 목록 - 만료 회원","/members?scenario=expired&status=EXPIRED","19","미등록 0","button","active","ok","클릭 가능","screenshots/screens/044-member-members-scenario-expired-status-EXPIRED.png"
"44","회원관리","회원 목록 - 만료 회원","/members?scenario=expired&status=EXPIRED","20","홀딩 1","button","active","ok","클릭 가능","screenshots/screens/044-member-members-scenario-expired-status-EXPIRED.png"
"44","회원관리","회원 목록 - 만료 회원","/members?scenario=expired&status=EXPIRED","21","정지 1","button","active","ok","클릭 가능","screenshots/screens/044-member-members-scenario-expired-status-EXPIRED.png"
"44","회원관리","회원 목록 - 만료 회원","/members?scenario=expired&status=EXPIRED","22","초기화","button","active","ok","클릭 가능","screenshots/screens/044-member-members-scenario-expired-status-EXPIRED.png"
"44","회원관리","회원 목록 - 만료 회원","/members?scenario=expired&status=EXPIRED","23","전체","button","active","ok","클릭 가능","screenshots/screens/044-member-members-scenario-expired-status-EXPIRED.png"
"44","회원관리","회원 목록 - 만료 회원","/members?scenario=expired&status=EXPIRED","24","전체","button","active","ok","클릭 가능","screenshots/screens/044-member-members-scenario-expired-status-EXPIRED.png"
"44","회원관리","회원 목록 - 만료 회원","/members?scenario=expired&status=EXPIRED","25","전체","button","active","ok","클릭 가능","screenshots/screens/044-member-members-scenario-expired-status-EXPIRED.png"
"44","회원관리","회원 목록 - 만료 회원","/members?scenario=expired&status=EXPIRED","26","회원명","th","active","ok","클릭 가능","screenshots/screens/044-member-members-scenario-expired-status-EXPIRED.png"
"44","회원관리","회원 목록 - 만료 회원","/members?scenario=expired&status=EXPIRED","27","만료일","th","active","ok","클릭 가능","screenshots/screens/044-member-members-scenario-expired-status-EXPIRED.png"
"44","회원관리","회원 목록 - 만료 회원","/members?scenario=expired&status=EXPIRED","28","등록일","th","active","ok","클릭 가능","screenshots/screens/044-member-members-scenario-expired-status-EXPIRED.png"
"44","회원관리","회원 목록 - 만료 회원","/members?scenario=expired&status=EXPIRED","29","☆","button","active","ok","클릭 가능","screenshots/screens/044-member-members-scenario-expired-status-EXPIRED.png"
"44","회원관리","회원 목록 - 만료 회원","/members?scenario=expired&status=EXPIRED","30","박준호","button","active","ok","클릭 가능","screenshots/screens/044-member-members-scenario-expired-status-EXPIRED.png"
"44","회원관리","회원 목록 - 만료 회원","/members?scenario=expired&status=EXPIRED","31","이관","button","active","ok","클릭 가능","screenshots/screens/044-member-members-scenario-expired-status-EXPIRED.png"
"44","회원관리","회원 목록 - 만료 회원","/members?scenario=expired&status=EXPIRED","32","button#32","button","disabled","disabled","비활성 상태","screenshots/screens/044-member-members-scenario-expired-status-EXPIRED.png"
"44","회원관리","회원 목록 - 만료 회원","/members?scenario=expired&status=EXPIRED","33","1","button","active","ok","클릭 가능","screenshots/screens/044-member-members-scenario-expired-status-EXPIRED.png"
"44","회원관리","회원 목록 - 만료 회원","/members?scenario=expired&status=EXPIRED","34","button#34","button","disabled","disabled","비활성 상태","screenshots/screens/044-member-members-scenario-expired-status-EXPIRED.png"
"45","회원관리","회원 목록 - 빈 상태","/members?scenario=empty","1","엑셀 다운로드","button","active","ok","클릭 가능","screenshots/screens/045-member-members-scenario-empty.png"
"45","회원관리","회원 목록 - 빈 상태","/members?scenario=empty","2","회원 추가","button","active","ok","클릭 가능","screenshots/screens/045-member-members-scenario-empty.png"
"45","회원관리","회원 목록 - 빈 상태","/members?scenario=empty","3","재등록 집중 보기 0명 14일 내 만료 예정 회원","button","active","ok","클릭 가능","screenshots/screens/045-member-members-scenario-empty.png"
"45","회원관리","회원 목록 - 빈 상태","/members?scenario=empty","4","이탈 위험 보기 0명 14일 이상 미방문 회원","button","active","ok","클릭 가능","screenshots/screens/045-member-members-scenario-empty.png"
"45","회원관리","회원 목록 - 빈 상태","/members?scenario=empty","5","관심회원 보기 0명 후속 관리 우선 대상","button","active","ok","클릭 가능","screenshots/screens/045-member-members-scenario-empty.png"
"45","회원관리","회원 목록 - 빈 상태","/members?scenario=empty","6","선택 회원 메시지 발송","button","active","ok","클릭 가능","screenshots/screens/045-member-members-scenario-empty.png"
"45","회원관리","회원 목록 - 빈 상태","/members?scenario=empty","7","선택 회원 상태 변경","button","active","ok","클릭 가능","screenshots/screens/045-member-members-scenario-empty.png"
"45","회원관리","회원 목록 - 빈 상태","/members?scenario=empty","8","선택 회원 수동 출석","button","active","ok","클릭 가능","screenshots/screens/045-member-members-scenario-empty.png"
"45","회원관리","회원 목록 - 빈 상태","/members?scenario=empty","9","회원 전체","button","active","ok","클릭 가능","screenshots/screens/045-member-members-scenario-empty.png"
"45","회원관리","회원 목록 - 빈 상태","/members?scenario=empty","10","보유상품별","button","active","ok","클릭 가능","screenshots/screens/045-member-members-scenario-empty.png"
"45","회원관리","회원 목록 - 빈 상태","/members?scenario=empty","11","이용권 목록","button","active","ok","클릭 가능","screenshots/screens/045-member-members-scenario-empty.png"
"45","회원관리","회원 목록 - 빈 상태","/members?scenario=empty","12","상담내역 0","button","active","ok","클릭 가능","screenshots/screens/045-member-members-scenario-empty.png"
"45","회원관리","회원 목록 - 빈 상태","/members?scenario=empty","13","상담예약 0","button","active","ok","클릭 가능","screenshots/screens/045-member-members-scenario-empty.png"
"45","회원관리","회원 목록 - 빈 상태","/members?scenario=empty","14","재등록대상 0","button","active","ok","클릭 가능","screenshots/screens/045-member-members-scenario-empty.png"
"45","회원관리","회원 목록 - 빈 상태","/members?scenario=empty","15","(구)고객관리 0","button","active","ok","클릭 가능","screenshots/screens/045-member-members-scenario-empty.png"
"45","회원관리","회원 목록 - 빈 상태","/members?scenario=empty","16","전체 0","button","active","ok","클릭 가능","screenshots/screens/045-member-members-scenario-empty.png"
"45","회원관리","회원 목록 - 빈 상태","/members?scenario=empty","17","활성 0","button","active","ok","클릭 가능","screenshots/screens/045-member-members-scenario-empty.png"
"45","회원관리","회원 목록 - 빈 상태","/members?scenario=empty","18","만료 0","button","active","ok","클릭 가능","screenshots/screens/045-member-members-scenario-empty.png"
"45","회원관리","회원 목록 - 빈 상태","/members?scenario=empty","19","미등록 0","button","active","ok","클릭 가능","screenshots/screens/045-member-members-scenario-empty.png"
"45","회원관리","회원 목록 - 빈 상태","/members?scenario=empty","20","홀딩 0","button","active","ok","클릭 가능","screenshots/screens/045-member-members-scenario-empty.png"
"45","회원관리","회원 목록 - 빈 상태","/members?scenario=empty","21","정지 0","button","active","ok","클릭 가능","screenshots/screens/045-member-members-scenario-empty.png"
"45","회원관리","회원 목록 - 빈 상태","/members?scenario=empty","22","초기화","button","active","ok","클릭 가능","screenshots/screens/045-member-members-scenario-empty.png"
"45","회원관리","회원 목록 - 빈 상태","/members?scenario=empty","23","전체","button","active","ok","클릭 가능","screenshots/screens/045-member-members-scenario-empty.png"
"45","회원관리","회원 목록 - 빈 상태","/members?scenario=empty","24","전체","button","active","ok","클릭 가능","screenshots/screens/045-member-members-scenario-empty.png"
"45","회원관리","회원 목록 - 빈 상태","/members?scenario=empty","25","전체","button","active","ok","클릭 가능","screenshots/screens/045-member-members-scenario-empty.png"
"45","회원관리","회원 목록 - 빈 상태","/members?scenario=empty","26","회원명","th","active","ok","클릭 가능","screenshots/screens/045-member-members-scenario-empty.png"
"45","회원관리","회원 목록 - 빈 상태","/members?scenario=empty","27","만료일","th","active","ok","클릭 가능","screenshots/screens/045-member-members-scenario-empty.png"
"45","회원관리","회원 목록 - 빈 상태","/members?scenario=empty","28","등록일","th","active","ok","클릭 가능","screenshots/screens/045-member-members-scenario-empty.png"
"45","회원관리","회원 목록 - 빈 상태","/members?scenario=empty","29","button#29","button","disabled","disabled","비활성 상태","screenshots/screens/045-member-members-scenario-empty.png"
"45","회원관리","회원 목록 - 빈 상태","/members?scenario=empty","30","button#30","button","active","ok","클릭 가능","screenshots/screens/045-member-members-scenario-empty.png"
"46","회원관리","회원 목록 - 상품별 탭","/members?scenario=product&mainTab=product","1","엑셀 다운로드","button","active","ok","클릭 가능","screenshots/screens/046-member-members-scenario-product-mainTab-product.png"
"46","회원관리","회원 목록 - 상품별 탭","/members?scenario=product&mainTab=product","2","회원 추가","button","active","ok","클릭 가능","screenshots/screens/046-member-members-scenario-product-mainTab-product.png"
"46","회원관리","회원 목록 - 상품별 탭","/members?scenario=product&mainTab=product","3","재등록 집중 보기 1명 14일 내 만료 예정 회원","button","active","ok","클릭 가능","screenshots/screens/046-member-members-scenario-product-mainTab-product.png"
"46","회원관리","회원 목록 - 상품별 탭","/members?scenario=product&mainTab=product","4","이탈 위험 보기 1명 14일 이상 미방문 회원","button","active","ok","클릭 가능","screenshots/screens/046-member-members-scenario-product-mainTab-product.png"
"46","회원관리","회원 목록 - 상품별 탭","/members?scenario=product&mainTab=product","5","관심회원 보기 2명 후속 관리 우선 대상","button","active","ok","클릭 가능","screenshots/screens/046-member-members-scenario-product-mainTab-product.png"
"46","회원관리","회원 목록 - 상품별 탭","/members?scenario=product&mainTab=product","6","선택 회원 메시지 발송","button","active","ok","클릭 가능","screenshots/screens/046-member-members-scenario-product-mainTab-product.png"
"46","회원관리","회원 목록 - 상품별 탭","/members?scenario=product&mainTab=product","7","선택 회원 상태 변경","button","active","ok","클릭 가능","screenshots/screens/046-member-members-scenario-product-mainTab-product.png"
"46","회원관리","회원 목록 - 상품별 탭","/members?scenario=product&mainTab=product","8","선택 회원 수동 출석","button","active","ok","클릭 가능","screenshots/screens/046-member-members-scenario-product-mainTab-product.png"
"46","회원관리","회원 목록 - 상품별 탭","/members?scenario=product&mainTab=product","9","회원 전체","button","active","ok","클릭 가능","screenshots/screens/046-member-members-scenario-product-mainTab-product.png"
"46","회원관리","회원 목록 - 상품별 탭","/members?scenario=product&mainTab=product","10","보유상품별","button","active","ok","클릭 가능","screenshots/screens/046-member-members-scenario-product-mainTab-product.png"
"46","회원관리","회원 목록 - 상품별 탭","/members?scenario=product&mainTab=product","11","이용권 목록","button","active","ok","클릭 가능","screenshots/screens/046-member-members-scenario-product-mainTab-product.png"
"46","회원관리","회원 목록 - 상품별 탭","/members?scenario=product&mainTab=product","12","전체 상품","button","active","ok","클릭 가능","screenshots/screens/046-member-members-scenario-product-mainTab-product.png"
"46","회원관리","회원 목록 - 상품별 탭","/members?scenario=product&mainTab=product","13","만료일","th","active","ok","클릭 가능","screenshots/screens/046-member-members-scenario-product-mainTab-product.png"
"46","회원관리","회원 목록 - 상품별 탭","/members?scenario=product&mainTab=product","14","이서연","button","active","ok","클릭 가능","screenshots/screens/046-member-members-scenario-product-mainTab-product.png"
"46","회원관리","회원 목록 - 상품별 탭","/members?scenario=product&mainTab=product","15","김민지","button","active","ok","클릭 가능","screenshots/screens/046-member-members-scenario-product-mainTab-product.png"
"46","회원관리","회원 목록 - 상품별 탭","/members?scenario=product&mainTab=product","16","최현우","button","active","ok","클릭 가능","screenshots/screens/046-member-members-scenario-product-mainTab-product.png"
"46","회원관리","회원 목록 - 상품별 탭","/members?scenario=product&mainTab=product","17","박준호","button","active","ok","클릭 가능","screenshots/screens/046-member-members-scenario-product-mainTab-product.png"
"46","회원관리","회원 목록 - 상품별 탭","/members?scenario=product&mainTab=product","18","button#18","button","disabled","disabled","비활성 상태","screenshots/screens/046-member-members-scenario-product-mainTab-product.png"
"46","회원관리","회원 목록 - 상품별 탭","/members?scenario=product&mainTab=product","19","1","button","active","ok","클릭 가능","screenshots/screens/046-member-members-scenario-product-mainTab-product.png"
"46","회원관리","회원 목록 - 상품별 탭","/members?scenario=product&mainTab=product","20","button#20","button","disabled","disabled","비활성 상태","screenshots/screens/046-member-members-scenario-product-mainTab-product.png"
"47","회원관리","회원 목록 - 이용권 탭","/members?scenario=pass&mainTab=pass","1","엑셀 다운로드","button","active","ok","클릭 가능","screenshots/screens/047-member-members-scenario-pass-mainTab-pass.png"
"47","회원관리","회원 목록 - 이용권 탭","/members?scenario=pass&mainTab=pass","2","회원 추가","button","active","ok","클릭 가능","screenshots/screens/047-member-members-scenario-pass-mainTab-pass.png"
"47","회원관리","회원 목록 - 이용권 탭","/members?scenario=pass&mainTab=pass","3","재등록 집중 보기 1명 14일 내 만료 예정 회원","button","active","ok","클릭 가능","screenshots/screens/047-member-members-scenario-pass-mainTab-pass.png"
"47","회원관리","회원 목록 - 이용권 탭","/members?scenario=pass&mainTab=pass","4","이탈 위험 보기 1명 14일 이상 미방문 회원","button","active","ok","클릭 가능","screenshots/screens/047-member-members-scenario-pass-mainTab-pass.png"
"47","회원관리","회원 목록 - 이용권 탭","/members?scenario=pass&mainTab=pass","5","관심회원 보기 2명 후속 관리 우선 대상","button","active","ok","클릭 가능","screenshots/screens/047-member-members-scenario-pass-mainTab-pass.png"
"47","회원관리","회원 목록 - 이용권 탭","/members?scenario=pass&mainTab=pass","6","선택 회원 메시지 발송","button","active","ok","클릭 가능","screenshots/screens/047-member-members-scenario-pass-mainTab-pass.png"
"47","회원관리","회원 목록 - 이용권 탭","/members?scenario=pass&mainTab=pass","7","선택 회원 상태 변경","button","active","ok","클릭 가능","screenshots/screens/047-member-members-scenario-pass-mainTab-pass.png"
"47","회원관리","회원 목록 - 이용권 탭","/members?scenario=pass&mainTab=pass","8","선택 회원 수동 출석","button","active","ok","클릭 가능","screenshots/screens/047-member-members-scenario-pass-mainTab-pass.png"
"47","회원관리","회원 목록 - 이용권 탭","/members?scenario=pass&mainTab=pass","9","회원 전체","button","active","ok","클릭 가능","screenshots/screens/047-member-members-scenario-pass-mainTab-pass.png"
"47","회원관리","회원 목록 - 이용권 탭","/members?scenario=pass&mainTab=pass","10","보유상품별","button","active","ok","클릭 가능","screenshots/screens/047-member-members-scenario-pass-mainTab-pass.png"
"47","회원관리","회원 목록 - 이용권 탭","/members?scenario=pass&mainTab=pass","11","이용권 목록","button","active","ok","클릭 가능","screenshots/screens/047-member-members-scenario-pass-mainTab-pass.png"
"47","회원관리","회원 목록 - 이용권 탭","/members?scenario=pass&mainTab=pass","12","만료일","th","active","ok","클릭 가능","screenshots/screens/047-member-members-scenario-pass-mainTab-pass.png"
"47","회원관리","회원 목록 - 이용권 탭","/members?scenario=pass&mainTab=pass","13","김민지","button","active","ok","클릭 가능","screenshots/screens/047-member-members-scenario-pass-mainTab-pass.png"
"47","회원관리","회원 목록 - 이용권 탭","/members?scenario=pass&mainTab=pass","14","박준호","button","active","ok","클릭 가능","screenshots/screens/047-member-members-scenario-pass-mainTab-pass.png"
"47","회원관리","회원 목록 - 이용권 탭","/members?scenario=pass&mainTab=pass","15","이서연","button","active","ok","클릭 가능","screenshots/screens/047-member-members-scenario-pass-mainTab-pass.png"
"47","회원관리","회원 목록 - 이용권 탭","/members?scenario=pass&mainTab=pass","16","최현우","button","active","ok","클릭 가능","screenshots/screens/047-member-members-scenario-pass-mainTab-pass.png"
"47","회원관리","회원 목록 - 이용권 탭","/members?scenario=pass&mainTab=pass","17","button#17","button","disabled","disabled","비활성 상태","screenshots/screens/047-member-members-scenario-pass-mainTab-pass.png"
"47","회원관리","회원 목록 - 이용권 탭","/members?scenario=pass&mainTab=pass","18","1","button","active","ok","클릭 가능","screenshots/screens/047-member-members-scenario-pass-mainTab-pass.png"
"47","회원관리","회원 목록 - 이용권 탭","/members?scenario=pass&mainTab=pass","19","button#19","button","disabled","disabled","비활성 상태","screenshots/screens/047-member-members-scenario-pass-mainTab-pass.png"
"48","회원관리","회원 병합","/members/merge","1","다음: 미리보기","button","active","ok","클릭 가능","screenshots/screens/048-member-members-merge.png"
"49","매출관리","매출 현황","/sales","1","신규 결제 (POS)","button","active","ok","클릭 가능","screenshots/screens/049-sales-sales.png"
"49","매출관리","매출 현황","/sales","2","엑셀 다운로드","button","active","ok","클릭 가능","screenshots/screens/049-sales-sales.png"
"49","매출관리","매출 현황","/sales","3","POS 열기","button","active","ok","클릭 가능","screenshots/screens/049-sales-sales.png"
"49","매출관리","매출 현황","/sales","4","미수 추적 당장 회수 필요한 거래 ₩0 0건 미수 거래가 남아 있습니다.","button","active","ok","클릭 가능","screenshots/screens/049-sales-sales.png"
"49","매출관리","매출 현황","/sales","5","환불 검토 금액 영향이 큰 환불 건 ₩22,000 4건 환불 내역을 점검해야 합니다.","button","active","ok","클릭 가능","screenshots/screens/049-sales-sales.png"
"49","매출관리","매출 현황","/sales","6","재등록 성과 잔존 매출 회복 흐름 ₩0 0건 재등록·휴면복귀 거래가 잡혀 있습니다.","button","active","ok","클릭 가능","screenshots/screens/049-sales-sales.png"
"49","매출관리","매출 현황","/sales","7","고할인 거래 마진 점검 대상 0건 5만원 이상 할인 거래를 따로 확인할 수 있습니다.","button","active","ok","클릭 가능","screenshots/screens/049-sales-sales.png"
"49","매출관리","매출 현황","/sales","8","거래 보기","button","active","ok","클릭 가능","screenshots/screens/049-sales-sales.png"
"49","매출관리","매출 현황","/sales","9","회원 보기","button","active","ok","클릭 가능","screenshots/screens/049-sales-sales.png"
"49","매출관리","매출 현황","/sales","10","오늘","button","active","ok","클릭 가능","screenshots/screens/049-sales-sales.png"
"49","매출관리","매출 현황","/sales","11","이번주","button","active","ok","클릭 가능","screenshots/screens/049-sales-sales.png"
"49","매출관리","매출 현황","/sales","12","이번달","button","active","ok","클릭 가능","screenshots/screens/049-sales-sales.png"
"49","매출관리","매출 현황","/sales","13","초기화","button","active","ok","클릭 가능","screenshots/screens/049-sales-sales.png"
"49","매출관리","매출 현황","/sales","14","button#14","button","active","ok","클릭 가능","screenshots/screens/049-sales-sales.png"
"49","매출관리","매출 현황","/sales","15","button#15","button","active","ok","클릭 가능","screenshots/screens/049-sales-sales.png"
"49","매출관리","매출 현황","/sales","16","모두 지우기","button","active","ok","클릭 가능","screenshots/screens/049-sales-sales.png"
"49","매출관리","매출 현황","/sales","17","전체","button","active","ok","클릭 가능","screenshots/screens/049-sales-sales.png"
"49","매출관리","매출 현황","/sales","18","신규","button","active","ok","클릭 가능","screenshots/screens/049-sales-sales.png"
"49","매출관리","매출 현황","/sales","19","재등록","button","active","ok","클릭 가능","screenshots/screens/049-sales-sales.png"
"49","매출관리","매출 현황","/sales","20","휴면복귀","button","active","ok","클릭 가능","screenshots/screens/049-sales-sales.png"
"49","매출관리","매출 현황","/sales","21","종목추가","button","active","ok","클릭 가능","screenshots/screens/049-sales-sales.png"
"49","매출관리","매출 현황","/sales","22","업그레이드","button","active","ok","클릭 가능","screenshots/screens/049-sales-sales.png"
"49","매출관리","매출 현황","/sales","23","매출 내역","button","active","ok","클릭 가능","screenshots/screens/049-sales-sales.png"
"49","매출관리","매출 현황","/sales","24","기간별 매출","button","active","ok","클릭 가능","screenshots/screens/049-sales-sales.png"
"49","매출관리","매출 현황","/sales","25","상품별 내역","button","active","ok","클릭 가능","screenshots/screens/049-sales-sales.png"
"49","매출관리","매출 현황","/sales","26","결제수단별","button","active","ok","클릭 가능","screenshots/screens/049-sales-sales.png"
"49","매출관리","매출 현황","/sales","27","담당자별","button","active","ok","클릭 가능","screenshots/screens/049-sales-sales.png"
"49","매출관리","매출 현황","/sales","28","환불 내역 79","button","active","ok","클릭 가능","screenshots/screens/049-sales-sales.png"
"49","매출관리","매출 현황","/sales","29","미납 내역 19","button","active","ok","클릭 가능","screenshots/screens/049-sales-sales.png"
"49","매출관리","매출 현황","/sales","30","1개월 이용권, 3개월 이용권","button","active","ok","클릭 가능","screenshots/screens/049-sales-sales.png"
"49","매출관리","매출 현황","/sales","31","고소윤","button","active","ok","클릭 가능","screenshots/screens/049-sales-sales.png"
"49","매출관리","매출 현황","/sales","32","12개월 이용권","button","active","ok","클릭 가능","screenshots/screens/049-sales-sales.png"
"49","매출관리","매출 현황","/sales","33","고소윤","button","active","ok","클릭 가능","screenshots/screens/049-sales-sales.png"
"49","매출관리","매출 현황","/sales","34","1개월 이용권","button","active","ok","클릭 가능","screenshots/screens/049-sales-sales.png"
"49","매출관리","매출 현황","/sales","35","김태양","button","active","ok","클릭 가능","screenshots/screens/049-sales-sales.png"
"49","매출관리","매출 현황","/sales","36","1개월 이용권","button","active","ok","클릭 가능","screenshots/screens/049-sales-sales.png"
"49","매출관리","매출 현황","/sales","37","고소윤","button","active","ok","클릭 가능","screenshots/screens/049-sales-sales.png"
"49","매출관리","매출 현황","/sales","38","1개월 이용권","button","active","ok","클릭 가능","screenshots/screens/049-sales-sales.png"
"49","매출관리","매출 현황","/sales","39","김시아","button","active","ok","클릭 가능","screenshots/screens/049-sales-sales.png"
"49","매출관리","매출 현황","/sales","40","1개월 이용권","button","active","ok","클릭 가능","screenshots/screens/049-sales-sales.png"
"49","매출관리","매출 현황","/sales","41","김시아","button","active","ok","클릭 가능","screenshots/screens/049-sales-sales.png"
"49","매출관리","매출 현황","/sales","42","1개월 이용권","button","active","ok","클릭 가능","screenshots/screens/049-sales-sales.png"
"49","매출관리","매출 현황","/sales","43","김시아","button","active","ok","클릭 가능","screenshots/screens/049-sales-sales.png"
"49","매출관리","매출 현황","/sales","44","1개월 이용권","button","active","ok","클릭 가능","screenshots/screens/049-sales-sales.png"
"49","매출관리","매출 현황","/sales","45","김시아","button","active","ok","클릭 가능","screenshots/screens/049-sales-sales.png"
"49","매출관리","매출 현황","/sales","46","button#46","button","disabled","disabled","비활성 상태","screenshots/screens/049-sales-sales.png"
"49","매출관리","매출 현황","/sales","47","1","button","active","ok","클릭 가능","screenshots/screens/049-sales-sales.png"
"49","매출관리","매출 현황","/sales","48","button#48","button","disabled","disabled","비활성 상태","screenshots/screens/049-sales-sales.png"
"51","매출관리","할부결제 관리","/sales/installment","1","전체","button","active","ok","클릭 가능","screenshots/screens/051-sales-sales-installment.png"
"51","매출관리","할부결제 관리","/sales/installment","2","미납","button","active","ok","클릭 가능","screenshots/screens/051-sales-sales-installment.png"
"51","매출관리","할부결제 관리","/sales/installment","3","납입 처리","button","active","ok","클릭 가능","screenshots/screens/051-sales-sales-installment.png"
"51","매출관리","할부결제 관리","/sales/installment","4","납입 처리","button","active","ok","클릭 가능","screenshots/screens/051-sales-sales-installment.png"
"51","매출관리","할부결제 관리","/sales/installment","5","납입 처리","button","active","ok","클릭 가능","screenshots/screens/051-sales-sales-installment.png"
"51","매출관리","할부결제 관리","/sales/installment","6","납입 처리","button","active","ok","클릭 가능","screenshots/screens/051-sales-sales-installment.png"
"52","매출관리","POS 결제","/pos/payment","1","초기화","button","active","ok","클릭 가능","screenshots/screens/052-sales-pos-payment.png"
"52","매출관리","POS 결제","/pos/payment","2","카드","button","active","ok","클릭 가능","screenshots/screens/052-sales-pos-payment.png"
"52","매출관리","POS 결제","/pos/payment","3","현금","button","active","ok","클릭 가능","screenshots/screens/052-sales-pos-payment.png"
"52","매출관리","POS 결제","/pos/payment","4","마일리지","button","active","ok","클릭 가능","screenshots/screens/052-sales-pos-payment.png"
"52","매출관리","POS 결제","/pos/payment","5","복합결제","button","active","ok","클릭 가능","screenshots/screens/052-sales-pos-payment.png"
"52","매출관리","POS 결제","/pos/payment","6","결제 확인","button","disabled","disabled","비활성 상태","screenshots/screens/052-sales-pos-payment.png"
"52","매출관리","POS 결제","/pos/payment","7","이전으로 돌아가기","button","active","ok","클릭 가능","screenshots/screens/052-sales-pos-payment.png"
"54","매출관리","매출 통계","/sales/stats","1","전체 통계","button","active","ok","클릭 가능","screenshots/screens/054-sales-sales-stats.png"
"54","매출관리","매출 통계","/sales/stats","2","직군별","button","active","ok","클릭 가능","screenshots/screens/054-sales-sales-stats.png"
"54","매출관리","매출 통계","/sales/stats","3","담당자별","button","active","ok","클릭 가능","screenshots/screens/054-sales-sales-stats.png"
"54","매출관리","매출 통계","/sales/stats","4","이번달","button","active","ok","클릭 가능","screenshots/screens/054-sales-sales-stats.png"
"54","매출관리","매출 통계","/sales/stats","5","지난달","button","active","ok","클릭 가능","screenshots/screens/054-sales-sales-stats.png"
"54","매출관리","매출 통계","/sales/stats","6","최근 3개월","button","active","ok","클릭 가능","screenshots/screens/054-sales-sales-stats.png"
"54","매출관리","매출 통계","/sales/stats","7","최근 6개월","button","active","ok","클릭 가능","screenshots/screens/054-sales-sales-stats.png"
"54","매출관리","매출 통계","/sales/stats","8","올해","button","active","ok","클릭 가능","screenshots/screens/054-sales-sales-stats.png"
"54","매출관리","매출 통계","/sales/stats","9","조회","button","active","ok","클릭 가능","screenshots/screens/054-sales-sales-stats.png"
"54","매출관리","매출 통계","/sales/stats","10","상품별","button","active","ok","클릭 가능","screenshots/screens/054-sales-sales-stats.png"
"54","매출관리","매출 통계","/sales/stats","11","상품타입별","button","active","ok","클릭 가능","screenshots/screens/054-sales-sales-stats.png"
"54","매출관리","매출 통계","/sales/stats","12","결제수단별","button","active","ok","클릭 가능","screenshots/screens/054-sales-sales-stats.png"
"54","매출관리","매출 통계","/sales/stats","13","종목별","button","active","ok","클릭 가능","screenshots/screens/054-sales-sales-stats.png"
"54","매출관리","매출 통계","/sales/stats","14","개월별","button","active","ok","클릭 가능","screenshots/screens/054-sales-sales-stats.png"
"54","매출관리","매출 통계","/sales/stats","15","GX종목별","button","active","ok","클릭 가능","screenshots/screens/054-sales-sales-stats.png"
"54","매출관리","매출 통계","/sales/stats","16","법인권","button","active","ok","클릭 가능","screenshots/screens/054-sales-sales-stats.png"
"54","매출관리","매출 통계","/sales/stats","17","전월 대비 OFF","button","active","ok","클릭 가능","screenshots/screens/054-sales-sales-stats.png"
"54","매출관리","매출 통계","/sales/stats","18","button#18","button","disabled","disabled","비활성 상태","screenshots/screens/054-sales-sales-stats.png"
"54","매출관리","매출 통계","/sales/stats","19","1","button","active","ok","클릭 가능","screenshots/screens/054-sales-sales-stats.png"
"54","매출관리","매출 통계","/sales/stats","20","button#20","button","disabled","disabled","비활성 상태","screenshots/screens/054-sales-sales-stats.png"
"55","매출관리","미수금 관리","/unpaid","1","엑셀 다운로드","button","active","ok","클릭 가능","screenshots/screens/055-sales-unpaid.png"
"55","매출관리","미수금 관리","/unpaid","2","전체 19","button","active","ok","클릭 가능","screenshots/screens/055-sales-unpaid.png"
"55","매출관리","미수금 관리","/unpaid","3","미결제 19","button","active","ok","클릭 가능","screenshots/screens/055-sales-unpaid.png"
"55","매출관리","미수금 관리","/unpaid","4","일부결제 0","button","active","ok","클릭 가능","screenshots/screens/055-sales-unpaid.png"
"55","매출관리","미수금 관리","/unpaid","5","연체 0","button","active","ok","클릭 가능","screenshots/screens/055-sales-unpaid.png"
"55","매출관리","미수금 관리","/unpaid","6","완료 0","button","active","ok","클릭 가능","screenshots/screens/055-sales-unpaid.png"
"55","매출관리","미수금 관리","/unpaid","7","강서연","button","active","ok","클릭 가능","screenshots/screens/055-sales-unpaid.png"
"55","매출관리","미수금 관리","/unpaid","8","상태변경","button","active","ok","클릭 가능","screenshots/screens/055-sales-unpaid.png"
"55","매출관리","미수금 관리","/unpaid","9","메모","button","active","ok","클릭 가능","screenshots/screens/055-sales-unpaid.png"
"55","매출관리","미수금 관리","/unpaid","10","문성준","button","active","ok","클릭 가능","screenshots/screens/055-sales-unpaid.png"
"55","매출관리","미수금 관리","/unpaid","11","상태변경","button","active","ok","클릭 가능","screenshots/screens/055-sales-unpaid.png"
"55","매출관리","미수금 관리","/unpaid","12","메모","button","active","ok","클릭 가능","screenshots/screens/055-sales-unpaid.png"
"55","매출관리","미수금 관리","/unpaid","13","김영희","button","active","ok","클릭 가능","screenshots/screens/055-sales-unpaid.png"
"55","매출관리","미수금 관리","/unpaid","14","상태변경","button","active","ok","클릭 가능","screenshots/screens/055-sales-unpaid.png"
"55","매출관리","미수금 관리","/unpaid","15","메모","button","active","ok","클릭 가능","screenshots/screens/055-sales-unpaid.png"
"55","매출관리","미수금 관리","/unpaid","16","강태양","button","active","ok","클릭 가능","screenshots/screens/055-sales-unpaid.png"
"55","매출관리","미수금 관리","/unpaid","17","상태변경","button","active","ok","클릭 가능","screenshots/screens/055-sales-unpaid.png"
"55","매출관리","미수금 관리","/unpaid","18","메모","button","active","ok","클릭 가능","screenshots/screens/055-sales-unpaid.png"
"55","매출관리","미수금 관리","/unpaid","19","임소영","button","active","ok","클릭 가능","screenshots/screens/055-sales-unpaid.png"
"55","매출관리","미수금 관리","/unpaid","20","상태변경","button","active","ok","클릭 가능","screenshots/screens/055-sales-unpaid.png"
"55","매출관리","미수금 관리","/unpaid","21","메모","button","active","ok","클릭 가능","screenshots/screens/055-sales-unpaid.png"
"55","매출관리","미수금 관리","/unpaid","22","배소희","button","active","ok","클릭 가능","screenshots/screens/055-sales-unpaid.png"
"55","매출관리","미수금 관리","/unpaid","23","상태변경","button","active","ok","클릭 가능","screenshots/screens/055-sales-unpaid.png"
"55","매출관리","미수금 관리","/unpaid","24","메모","button","active","ok","클릭 가능","screenshots/screens/055-sales-unpaid.png"
"55","매출관리","미수금 관리","/unpaid","25","임재현","button","active","ok","클릭 가능","screenshots/screens/055-sales-unpaid.png"
"55","매출관리","미수금 관리","/unpaid","26","상태변경","button","active","ok","클릭 가능","screenshots/screens/055-sales-unpaid.png"
"55","매출관리","미수금 관리","/unpaid","27","메모","button","active","ok","클릭 가능","screenshots/screens/055-sales-unpaid.png"
"55","매출관리","미수금 관리","/unpaid","28","정민호","button","active","ok","클릭 가능","screenshots/screens/055-sales-unpaid.png"
"55","매출관리","미수금 관리","/unpaid","29","상태변경","button","active","ok","클릭 가능","screenshots/screens/055-sales-unpaid.png"
"55","매출관리","미수금 관리","/unpaid","30","메모","button","active","ok","클릭 가능","screenshots/screens/055-sales-unpaid.png"
"55","매출관리","미수금 관리","/unpaid","31","이수빈","button","active","ok","클릭 가능","screenshots/screens/055-sales-unpaid.png"
"55","매출관리","미수금 관리","/unpaid","32","상태변경","button","active","ok","클릭 가능","screenshots/screens/055-sales-unpaid.png"
"55","매출관리","미수금 관리","/unpaid","33","메모","button","active","ok","클릭 가능","screenshots/screens/055-sales-unpaid.png"
"55","매출관리","미수금 관리","/unpaid","34","김도윤","button","active","ok","클릭 가능","screenshots/screens/055-sales-unpaid.png"
"55","매출관리","미수금 관리","/unpaid","35","상태변경","button","active","ok","클릭 가능","screenshots/screens/055-sales-unpaid.png"
"55","매출관리","미수금 관리","/unpaid","36","메모","button","active","ok","클릭 가능","screenshots/screens/055-sales-unpaid.png"
"55","매출관리","미수금 관리","/unpaid","37","서동현","button","active","ok","클릭 가능","screenshots/screens/055-sales-unpaid.png"
"55","매출관리","미수금 관리","/unpaid","38","상태변경","button","active","ok","클릭 가능","screenshots/screens/055-sales-unpaid.png"
"55","매출관리","미수금 관리","/unpaid","39","메모","button","active","ok","클릭 가능","screenshots/screens/055-sales-unpaid.png"
"55","매출관리","미수금 관리","/unpaid","40","최준혁","button","active","ok","클릭 가능","screenshots/screens/055-sales-unpaid.png"
"55","매출관리","미수금 관리","/unpaid","41","상태변경","button","active","ok","클릭 가능","screenshots/screens/055-sales-unpaid.png"
"55","매출관리","미수금 관리","/unpaid","42","메모","button","active","ok","클릭 가능","screenshots/screens/055-sales-unpaid.png"
"55","매출관리","미수금 관리","/unpaid","43","정민호","button","active","ok","클릭 가능","screenshots/screens/055-sales-unpaid.png"
"55","매출관리","미수금 관리","/unpaid","44","상태변경","button","active","ok","클릭 가능","screenshots/screens/055-sales-unpaid.png"
"55","매출관리","미수금 관리","/unpaid","45","메모","button","active","ok","클릭 가능","screenshots/screens/055-sales-unpaid.png"
"55","매출관리","미수금 관리","/unpaid","46","임소영","button","active","ok","클릭 가능","screenshots/screens/055-sales-unpaid.png"
"55","매출관리","미수금 관리","/unpaid","47","상태변경","button","active","ok","클릭 가능","screenshots/screens/055-sales-unpaid.png"
"55","매출관리","미수금 관리","/unpaid","48","메모","button","active","ok","클릭 가능","screenshots/screens/055-sales-unpaid.png"
"55","매출관리","미수금 관리","/unpaid","49","송재훈","button","active","ok","클릭 가능","screenshots/screens/055-sales-unpaid.png"
"55","매출관리","미수금 관리","/unpaid","50","상태변경","button","active","ok","클릭 가능","screenshots/screens/055-sales-unpaid.png"
"55","매출관리","미수금 관리","/unpaid","51","메모","button","active","ok","클릭 가능","screenshots/screens/055-sales-unpaid.png"
"55","매출관리","미수금 관리","/unpaid","52","송재훈","button","active","ok","클릭 가능","screenshots/screens/055-sales-unpaid.png"
"55","매출관리","미수금 관리","/unpaid","53","상태변경","button","active","ok","클릭 가능","screenshots/screens/055-sales-unpaid.png"
"55","매출관리","미수금 관리","/unpaid","54","메모","button","active","ok","클릭 가능","screenshots/screens/055-sales-unpaid.png"
"55","매출관리","미수금 관리","/unpaid","55","강민서","button","active","ok","클릭 가능","screenshots/screens/055-sales-unpaid.png"
"55","매출관리","미수금 관리","/unpaid","56","상태변경","button","active","ok","클릭 가능","screenshots/screens/055-sales-unpaid.png"
"55","매출관리","미수금 관리","/unpaid","57","메모","button","active","ok","클릭 가능","screenshots/screens/055-sales-unpaid.png"
"55","매출관리","미수금 관리","/unpaid","58","조성민","button","active","ok","클릭 가능","screenshots/screens/055-sales-unpaid.png"
"55","매출관리","미수금 관리","/unpaid","59","상태변경","button","active","ok","클릭 가능","screenshots/screens/055-sales-unpaid.png"
"55","매출관리","미수금 관리","/unpaid","60","메모","button","active","ok","클릭 가능","screenshots/screens/055-sales-unpaid.png"
"55","매출관리","미수금 관리","/unpaid","61","김도윤","button","active","ok","클릭 가능","screenshots/screens/055-sales-unpaid.png"
"55","매출관리","미수금 관리","/unpaid","62","상태변경","button","active","ok","클릭 가능","screenshots/screens/055-sales-unpaid.png"
"55","매출관리","미수금 관리","/unpaid","63","메모","button","active","ok","클릭 가능","screenshots/screens/055-sales-unpaid.png"
"55","매출관리","미수금 관리","/unpaid","64","button#64","button","disabled","disabled","비활성 상태","screenshots/screens/055-sales-unpaid.png"
"55","매출관리","미수금 관리","/unpaid","65","1","button","active","ok","클릭 가능","screenshots/screens/055-sales-unpaid.png"
"55","매출관리","미수금 관리","/unpaid","66","button#66","button","disabled","disabled","비활성 상태","screenshots/screens/055-sales-unpaid.png"
"56","매출관리","선수익금","/deferred-revenue","1","button#1","button","disabled","disabled","비활성 상태","screenshots/screens/056-sales-deferred-revenue.png"
"56","매출관리","선수익금","/deferred-revenue","2","1","button","active","ok","클릭 가능","screenshots/screens/056-sales-deferred-revenue.png"
"56","매출관리","선수익금","/deferred-revenue","3","button#3","button","disabled","disabled","비활성 상태","screenshots/screens/056-sales-deferred-revenue.png"
"57","매출관리","세금계산서 발행","/sales/invoice","1","발행하기","button","active","ok","클릭 가능","screenshots/screens/057-sales-sales-invoice.png"
"57","매출관리","세금계산서 발행","/sales/invoice","2","전체","button","active","ok","클릭 가능","screenshots/screens/057-sales-sales-invoice.png"
"57","매출관리","세금계산서 발행","/sales/invoice","3","발행완료","button","active","ok","클릭 가능","screenshots/screens/057-sales-sales-invoice.png"
"57","매출관리","세금계산서 발행","/sales/invoice","4","취소","button","active","ok","클릭 가능","screenshots/screens/057-sales-sales-invoice.png"
"57","매출관리","세금계산서 발행","/sales/invoice","5","이메일","button","active","ok","클릭 가능","screenshots/screens/057-sales-sales-invoice.png"
"57","매출관리","세금계산서 발행","/sales/invoice","6","취소","button","active","ok","클릭 가능","screenshots/screens/057-sales-sales-invoice.png"
"57","매출관리","세금계산서 발행","/sales/invoice","7","이메일","button","active","ok","클릭 가능","screenshots/screens/057-sales-sales-invoice.png"
"57","매출관리","세금계산서 발행","/sales/invoice","8","취소","button","active","ok","클릭 가능","screenshots/screens/057-sales-sales-invoice.png"
"57","매출관리","세금계산서 발행","/sales/invoice","9","이메일","button","active","ok","클릭 가능","screenshots/screens/057-sales-sales-invoice.png"
"57","매출관리","세금계산서 발행","/sales/invoice","10","재발행","button","active","ok","클릭 가능","screenshots/screens/057-sales-sales-invoice.png"
"57","매출관리","세금계산서 발행","/sales/invoice","11","이메일","button","active","ok","클릭 가능","screenshots/screens/057-sales-sales-invoice.png"
"57","매출관리","세금계산서 발행","/sales/invoice","12","취소","button","active","ok","클릭 가능","screenshots/screens/057-sales-sales-invoice.png"
"57","매출관리","세금계산서 발행","/sales/invoice","13","이메일","button","active","ok","클릭 가능","screenshots/screens/057-sales-sales-invoice.png"
"57","매출관리","세금계산서 발행","/sales/invoice","14","취소","button","active","ok","클릭 가능","screenshots/screens/057-sales-sales-invoice.png"
"58","매출관리","통계 관리","/sales/statistics-management","1","신규(F1)","button","active","ok","클릭 가능","screenshots/screens/058-sales-sales-statistics-management.png"
"58","매출관리","통계 관리","/sales/statistics-management","2","조회(F2)","button","active","ok","클릭 가능","screenshots/screens/058-sales-sales-statistics-management.png"
"58","매출관리","통계 관리","/sales/statistics-management","3","엑셀(F9)","button","active","ok","클릭 가능","screenshots/screens/058-sales-sales-statistics-management.png"
"58","매출관리","통계 관리","/sales/statistics-management","4","종료(F10)","button","active","ok","클릭 가능","screenshots/screens/058-sales-sales-statistics-management.png"
"58","매출관리","통계 관리","/sales/statistics-management","5","전체","button","active","ok","클릭 가능","screenshots/screens/058-sales-sales-statistics-management.png"
"58","매출관리","통계 관리","/sales/statistics-management","6","전체","button","active","ok","클릭 가능","screenshots/screens/058-sales-sales-statistics-management.png"
"58","매출관리","통계 관리","/sales/statistics-management","7","전체","button","active","ok","클릭 가능","screenshots/screens/058-sales-sales-statistics-management.png"
"58","매출관리","통계 관리","/sales/statistics-management","8","전체","button","active","ok","클릭 가능","screenshots/screens/058-sales-sales-statistics-management.png"
"58","매출관리","통계 관리","/sales/statistics-management","9","수업현황","button","active","ok","클릭 가능","screenshots/screens/058-sales-sales-statistics-management.png"
"58","매출관리","통계 관리","/sales/statistics-management","10","매출현황","button","active","ok","클릭 가능","screenshots/screens/058-sales-sales-statistics-management.png"
"58","매출관리","통계 관리","/sales/statistics-management","11","예약현황","button","active","ok","클릭 가능","screenshots/screens/058-sales-sales-statistics-management.png"
"58","매출관리","통계 관리","/sales/statistics-management","12","이용현황","button","active","ok","클릭 가능","screenshots/screens/058-sales-sales-statistics-management.png"
"59","매출관리","환불 관리","/refunds","1","엑셀 다운로드","button","active","ok","클릭 가능","screenshots/screens/059-sales-refunds.png"
"59","매출관리","환불 관리","/refunds","2","이번달","button","active","ok","클릭 가능","screenshots/screens/059-sales-refunds.png"
"59","매출관리","환불 관리","/refunds","3","지난달","button","active","ok","클릭 가능","screenshots/screens/059-sales-refunds.png"
"59","매출관리","환불 관리","/refunds","4","최근 3개월","button","active","ok","클릭 가능","screenshots/screens/059-sales-refunds.png"
"59","매출관리","환불 관리","/refunds","5","조회","button","active","ok","클릭 가능","screenshots/screens/059-sales-refunds.png"
"59","매출관리","환불 관리","/refunds","6","button#6","button","disabled","disabled","비활성 상태","screenshots/screens/059-sales-refunds.png"
"59","매출관리","환불 관리","/refunds","7","1","button","active","ok","클릭 가능","screenshots/screens/059-sales-refunds.png"
"59","매출관리","환불 관리","/refunds","8","button#8","button","disabled","disabled","비활성 상태","screenshots/screens/059-sales-refunds.png"
"60","매출관리","POS 판매","/pos","1","상품 등록","button","active","ok","클릭 가능","screenshots/screens/060-sales-pos.png"
"60","매출관리","POS 판매","/pos","2","이용권 8","button","active","ok","클릭 가능","screenshots/screens/060-sales-pos.png"
"60","매출관리","POS 판매","/pos","3","PT 6","button","active","ok","클릭 가능","screenshots/screens/060-sales-pos.png"
"60","매출관리","POS 판매","/pos","4","GX 8","button","active","ok","클릭 가능","screenshots/screens/060-sales-pos.png"
"60","매출관리","POS 판매","/pos","5","기타 0","button","active","ok","클릭 가능","screenshots/screens/060-sales-pos.png"
"60","매출관리","POS 판매","/pos","6","[회원 검색]","button","active","ok","클릭 가능","screenshots/screens/060-sales-pos.png"
"60","매출관리","POS 판매","/pos","7","결제하기","button","disabled","disabled","비활성 상태","screenshots/screens/060-sales-pos.png"
"61","수업관리","강사 현황","/instructor-status","1","이번 달","button","active","ok","클릭 가능","screenshots/screens/061-class-instructor-status.png"
"61","수업관리","강사 현황","/instructor-status","2","지난달","button","active","ok","클릭 가능","screenshots/screens/061-class-instructor-status.png"
"61","수업관리","강사 현황","/instructor-status","3","커스텀","button","active","ok","클릭 가능","screenshots/screens/061-class-instructor-status.png"
"61","수업관리","강사 현황","/instructor-status","4","김관리 MANAGER 6 수업 수 6h 근무시간 29 회원 수 출석률 10% 3/29건 노쇼율 0% 0/29건 매출 기여 ₩0.0만 신규 매출 ₩0.0만 재등록 매출 ₩0.0만 OT 진행 현황 배정 0건 1차 완료 ","button","active","ok","클릭 가능","screenshots/screens/061-class-instructor-status.png"
"61","수업관리","강사 현황","/instructor-status","5","광화문 매니저 MANAGER 0 수업 수 0h 근무시간 0 회원 수 출석률 0% 0/0건 노쇼율 0% 0/0건 매출 기여 ₩0.0만 신규 매출 ₩0.0만 재등록 매출 ₩0.0만 OT 진행 현황 배정 0건 1차 완료 ","button","active","ok","클릭 가능","screenshots/screens/061-class-instructor-status.png"
"62","수업관리","수업 현황","/class-stats","1","이번 주","button","active","ok","클릭 가능","screenshots/screens/062-class-class-stats.png"
"62","수업관리","수업 현황","/class-stats","2","이번 달","button","active","ok","클릭 가능","screenshots/screens/062-class-class-stats.png"
"62","수업관리","수업 현황","/class-stats","3","이번 분기","button","active","ok","클릭 가능","screenshots/screens/062-class-class-stats.png"
"63","수업관리","시간표 등록","/class-schedule","1","템플릿 선택","button","active","ok","클릭 가능","screenshots/screens/063-class-class-schedule.png"
"63","수업관리","시간표 등록","/class-schedule","2","강사 선택 (선택사항)","button","active","ok","클릭 가능","screenshots/screens/063-class-class-schedule.png"
"63","수업관리","시간표 등록","/class-schedule","3","월","button","active","ok","클릭 가능","screenshots/screens/063-class-class-schedule.png"
"63","수업관리","시간표 등록","/class-schedule","4","화","button","active","ok","클릭 가능","screenshots/screens/063-class-class-schedule.png"
"63","수업관리","시간표 등록","/class-schedule","5","수","button","active","ok","클릭 가능","screenshots/screens/063-class-class-schedule.png"
"63","수업관리","시간표 등록","/class-schedule","6","목","button","active","ok","클릭 가능","screenshots/screens/063-class-class-schedule.png"
"63","수업관리","시간표 등록","/class-schedule","7","금","button","active","ok","클릭 가능","screenshots/screens/063-class-class-schedule.png"
"63","수업관리","시간표 등록","/class-schedule","8","토","button","active","ok","클릭 가능","screenshots/screens/063-class-class-schedule.png"
"63","수업관리","시간표 등록","/class-schedule","9","일","button","active","ok","클릭 가능","screenshots/screens/063-class-class-schedule.png"
"63","수업관리","시간표 등록","/class-schedule","10","미리보기","button","active","ok","클릭 가능","screenshots/screens/063-class-class-schedule.png"
"63","수업관리","시간표 등록","/class-schedule","11","일괄 생성","button","active","ok","클릭 가능","screenshots/screens/063-class-class-schedule.png"
"64","수업관리","대기열 관리","/class-waitlist","1","seed 갱신","button","active","ok","클릭 가능","screenshots/screens/064-class-class-waitlist.png"
"64","수업관리","대기열 관리","/class-waitlist","2","전체","button","active","ok","클릭 가능","screenshots/screens/064-class-class-waitlist.png"
"64","수업관리","대기열 관리","/class-waitlist","3","배정가능","button","active","ok","클릭 가능","screenshots/screens/064-class-class-waitlist.png"
"64","수업관리","대기열 관리","/class-waitlist","4","대기중","button","active","ok","클릭 가능","screenshots/screens/064-class-class-waitlist.png"
"64","수업관리","대기열 관리","/class-waitlist","5","배정 알림","button","active","ok","클릭 가능","screenshots/screens/064-class-class-waitlist.png"
"64","수업관리","대기열 관리","/class-waitlist","6","배정 알림","button","active","ok","클릭 가능","screenshots/screens/064-class-class-waitlist.png"
"65","수업관리","수업 관리","/lessons","1","노쇼/취소 정책","button","active","ok","클릭 가능","screenshots/screens/065-class-lessons.png"
"65","수업관리","수업 관리","/lessons","2","수업 등록","button","active","ok","클릭 가능","screenshots/screens/065-class-lessons.png"
"65","수업관리","수업 관리","/lessons","3","수정","button","active","ok","클릭 가능","screenshots/screens/065-class-lessons.png"
"65","수업관리","수업 관리","/lessons","4","삭제","button","active","ok","클릭 가능","screenshots/screens/065-class-lessons.png"
"65","수업관리","수업 관리","/lessons","5","수정","button","active","ok","클릭 가능","screenshots/screens/065-class-lessons.png"
"65","수업관리","수업 관리","/lessons","6","삭제","button","active","ok","클릭 가능","screenshots/screens/065-class-lessons.png"
"65","수업관리","수업 관리","/lessons","7","수정","button","active","ok","클릭 가능","screenshots/screens/065-class-lessons.png"
"65","수업관리","수업 관리","/lessons","8","삭제","button","active","ok","클릭 가능","screenshots/screens/065-class-lessons.png"
"65","수업관리","수업 관리","/lessons","9","수정","button","active","ok","클릭 가능","screenshots/screens/065-class-lessons.png"
"65","수업관리","수업 관리","/lessons","10","삭제","button","active","ok","클릭 가능","screenshots/screens/065-class-lessons.png"
"65","수업관리","수업 관리","/lessons","11","수정","button","active","ok","클릭 가능","screenshots/screens/065-class-lessons.png"
"65","수업관리","수업 관리","/lessons","12","삭제","button","active","ok","클릭 가능","screenshots/screens/065-class-lessons.png"
"65","수업관리","수업 관리","/lessons","13","수정","button","active","ok","클릭 가능","screenshots/screens/065-class-lessons.png"
"65","수업관리","수업 관리","/lessons","14","삭제","button","active","ok","클릭 가능","screenshots/screens/065-class-lessons.png"
"65","수업관리","수업 관리","/lessons","15","수정","button","active","ok","클릭 가능","screenshots/screens/065-class-lessons.png"
"65","수업관리","수업 관리","/lessons","16","삭제","button","active","ok","클릭 가능","screenshots/screens/065-class-lessons.png"
"65","수업관리","수업 관리","/lessons","17","상세","button","active","ok","클릭 가능","screenshots/screens/065-class-lessons.png"
"65","수업관리","수업 관리","/lessons","18","상세","button","active","ok","클릭 가능","screenshots/screens/065-class-lessons.png"
"65","수업관리","수업 관리","/lessons","19","상세","button","active","ok","클릭 가능","screenshots/screens/065-class-lessons.png"
"65","수업관리","수업 관리","/lessons","20","상세","button","active","ok","클릭 가능","screenshots/screens/065-class-lessons.png"
"65","수업관리","수업 관리","/lessons","21","상세","button","active","ok","클릭 가능","screenshots/screens/065-class-lessons.png"
"65","수업관리","수업 관리","/lessons","22","상세","button","active","ok","클릭 가능","screenshots/screens/065-class-lessons.png"
"65","수업관리","수업 관리","/lessons","23","상세","button","active","ok","클릭 가능","screenshots/screens/065-class-lessons.png"
"65","수업관리","수업 관리","/lessons","24","상세","button","active","ok","클릭 가능","screenshots/screens/065-class-lessons.png"
"65","수업관리","수업 관리","/lessons","25","상세","button","active","ok","클릭 가능","screenshots/screens/065-class-lessons.png"
"65","수업관리","수업 관리","/lessons","26","상세","button","active","ok","클릭 가능","screenshots/screens/065-class-lessons.png"
"65","수업관리","수업 관리","/lessons","27","상세","button","active","ok","클릭 가능","screenshots/screens/065-class-lessons.png"
"65","수업관리","수업 관리","/lessons","28","상세","button","active","ok","클릭 가능","screenshots/screens/065-class-lessons.png"
"65","수업관리","수업 관리","/lessons","29","상세","button","active","ok","클릭 가능","screenshots/screens/065-class-lessons.png"
"65","수업관리","수업 관리","/lessons","30","상세","button","active","ok","클릭 가능","screenshots/screens/065-class-lessons.png"
"65","수업관리","수업 관리","/lessons","31","상세","button","active","ok","클릭 가능","screenshots/screens/065-class-lessons.png"
"65","수업관리","수업 관리","/lessons","32","상세","button","active","ok","클릭 가능","screenshots/screens/065-class-lessons.png"
"65","수업관리","수업 관리","/lessons","33","상세","button","active","ok","클릭 가능","screenshots/screens/065-class-lessons.png"
"65","수업관리","수업 관리","/lessons","34","상세","button","active","ok","클릭 가능","screenshots/screens/065-class-lessons.png"
"65","수업관리","수업 관리","/lessons","35","상세","button","active","ok","클릭 가능","screenshots/screens/065-class-lessons.png"
"65","수업관리","수업 관리","/lessons","36","상세","button","active","ok","클릭 가능","screenshots/screens/065-class-lessons.png"
"65","수업관리","수업 관리","/lessons","37","상세","button","active","ok","클릭 가능","screenshots/screens/065-class-lessons.png"
"65","수업관리","수업 관리","/lessons","38","상세","button","active","ok","클릭 가능","screenshots/screens/065-class-lessons.png"
"65","수업관리","수업 관리","/lessons","39","상세","button","active","ok","클릭 가능","screenshots/screens/065-class-lessons.png"
"65","수업관리","수업 관리","/lessons","40","상세","button","active","ok","클릭 가능","screenshots/screens/065-class-lessons.png"
"65","수업관리","수업 관리","/lessons","41","상세","button","active","ok","클릭 가능","screenshots/screens/065-class-lessons.png"
"65","수업관리","수업 관리","/lessons","42","상세","button","active","ok","클릭 가능","screenshots/screens/065-class-lessons.png"
"65","수업관리","수업 관리","/lessons","43","상세","button","active","ok","클릭 가능","screenshots/screens/065-class-lessons.png"
"65","수업관리","수업 관리","/lessons","44","상세","button","active","ok","클릭 가능","screenshots/screens/065-class-lessons.png"
"65","수업관리","수업 관리","/lessons","45","상세","button","active","ok","클릭 가능","screenshots/screens/065-class-lessons.png"
"65","수업관리","수업 관리","/lessons","46","상세","button","active","ok","클릭 가능","screenshots/screens/065-class-lessons.png"
"65","수업관리","수업 관리","/lessons","47","상세","button","active","ok","클릭 가능","screenshots/screens/065-class-lessons.png"
"65","수업관리","수업 관리","/lessons","48","상세","button","active","ok","클릭 가능","screenshots/screens/065-class-lessons.png"
"65","수업관리","수업 관리","/lessons","49","상세","button","active","ok","클릭 가능","screenshots/screens/065-class-lessons.png"
"65","수업관리","수업 관리","/lessons","50","상세","button","active","ok","클릭 가능","screenshots/screens/065-class-lessons.png"
"65","수업관리","수업 관리","/lessons","51","상세","button","active","ok","클릭 가능","screenshots/screens/065-class-lessons.png"
"65","수업관리","수업 관리","/lessons","52","상세","button","active","ok","클릭 가능","screenshots/screens/065-class-lessons.png"
"65","수업관리","수업 관리","/lessons","53","상세","button","active","ok","클릭 가능","screenshots/screens/065-class-lessons.png"
"65","수업관리","수업 관리","/lessons","54","상세","button","active","ok","클릭 가능","screenshots/screens/065-class-lessons.png"
"65","수업관리","수업 관리","/lessons","55","상세","button","active","ok","클릭 가능","screenshots/screens/065-class-lessons.png"
"65","수업관리","수업 관리","/lessons","56","상세","button","active","ok","클릭 가능","screenshots/screens/065-class-lessons.png"
"65","수업관리","수업 관리","/lessons","57","상세","button","active","ok","클릭 가능","screenshots/screens/065-class-lessons.png"
"65","수업관리","수업 관리","/lessons","58","상세","button","active","ok","클릭 가능","screenshots/screens/065-class-lessons.png"
"65","수업관리","수업 관리","/lessons","59","상세","button","active","ok","클릭 가능","screenshots/screens/065-class-lessons.png"
"65","수업관리","수업 관리","/lessons","60","상세","button","active","ok","클릭 가능","screenshots/screens/065-class-lessons.png"
"65","수업관리","수업 관리","/lessons","61","상세","button","active","ok","클릭 가능","screenshots/screens/065-class-lessons.png"
"65","수업관리","수업 관리","/lessons","62","상세","button","active","ok","클릭 가능","screenshots/screens/065-class-lessons.png"
"65","수업관리","수업 관리","/lessons","63","상세","button","active","ok","클릭 가능","screenshots/screens/065-class-lessons.png"
"65","수업관리","수업 관리","/lessons","64","상세","button","active","ok","클릭 가능","screenshots/screens/065-class-lessons.png"
"65","수업관리","수업 관리","/lessons","65","상세","button","active","ok","클릭 가능","screenshots/screens/065-class-lessons.png"
"65","수업관리","수업 관리","/lessons","66","상세","button","active","ok","클릭 가능","screenshots/screens/065-class-lessons.png"
"65","수업관리","수업 관리","/lessons","67","상세","button","active","ok","클릭 가능","screenshots/screens/065-class-lessons.png"
"65","수업관리","수업 관리","/lessons","68","상세","button","active","ok","클릭 가능","screenshots/screens/065-class-lessons.png"
"65","수업관리","수업 관리","/lessons","69","상세","button","active","ok","클릭 가능","screenshots/screens/065-class-lessons.png"
"65","수업관리","수업 관리","/lessons","70","상세","button","active","ok","클릭 가능","screenshots/screens/065-class-lessons.png"
"65","수업관리","수업 관리","/lessons","71","상세","button","active","ok","클릭 가능","screenshots/screens/065-class-lessons.png"
"65","수업관리","수업 관리","/lessons","72","상세","button","active","ok","클릭 가능","screenshots/screens/065-class-lessons.png"
"65","수업관리","수업 관리","/lessons","73","상세","button","active","ok","클릭 가능","screenshots/screens/065-class-lessons.png"
"65","수업관리","수업 관리","/lessons","74","상세","button","active","ok","클릭 가능","screenshots/screens/065-class-lessons.png"
"65","수업관리","수업 관리","/lessons","75","상세","button","active","ok","클릭 가능","screenshots/screens/065-class-lessons.png"
"65","수업관리","수업 관리","/lessons","76","상세","button","active","ok","클릭 가능","screenshots/screens/065-class-lessons.png"
"65","수업관리","수업 관리","/lessons","77","상세","button","active","ok","클릭 가능","screenshots/screens/065-class-lessons.png"
"65","수업관리","수업 관리","/lessons","78","상세","button","active","ok","클릭 가능","screenshots/screens/065-class-lessons.png"
"65","수업관리","수업 관리","/lessons","79","상세","button","active","ok","클릭 가능","screenshots/screens/065-class-lessons.png"
"65","수업관리","수업 관리","/lessons","80","상세","button","active","ok","클릭 가능","screenshots/screens/065-class-lessons.png"
"65","수업관리","수업 관리","/lessons","81","상세","button","active","ok","클릭 가능","screenshots/screens/065-class-lessons.png"
"65","수업관리","수업 관리","/lessons","82","상세","button","active","ok","클릭 가능","screenshots/screens/065-class-lessons.png"
"65","수업관리","수업 관리","/lessons","83","상세","button","active","ok","클릭 가능","screenshots/screens/065-class-lessons.png"
"65","수업관리","수업 관리","/lessons","84","상세","button","active","ok","클릭 가능","screenshots/screens/065-class-lessons.png"
"65","수업관리","수업 관리","/lessons","85","상세","button","active","ok","클릭 가능","screenshots/screens/065-class-lessons.png"
"65","수업관리","수업 관리","/lessons","86","상세","button","active","ok","클릭 가능","screenshots/screens/065-class-lessons.png"
"65","수업관리","수업 관리","/lessons","87","상세","button","active","ok","클릭 가능","screenshots/screens/065-class-lessons.png"
"65","수업관리","수업 관리","/lessons","88","상세","button","active","ok","클릭 가능","screenshots/screens/065-class-lessons.png"
"65","수업관리","수업 관리","/lessons","89","상세","button","active","ok","클릭 가능","screenshots/screens/065-class-lessons.png"
"65","수업관리","수업 관리","/lessons","90","상세","button","active","ok","클릭 가능","screenshots/screens/065-class-lessons.png"
"65","수업관리","수업 관리","/lessons","91","상세","button","active","ok","클릭 가능","screenshots/screens/065-class-lessons.png"
"65","수업관리","수업 관리","/lessons","92","상세","button","active","ok","클릭 가능","screenshots/screens/065-class-lessons.png"
"65","수업관리","수업 관리","/lessons","93","상세","button","active","ok","클릭 가능","screenshots/screens/065-class-lessons.png"
"65","수업관리","수업 관리","/lessons","94","상세","button","active","ok","클릭 가능","screenshots/screens/065-class-lessons.png"
"65","수업관리","수업 관리","/lessons","95","상세","button","active","ok","클릭 가능","screenshots/screens/065-class-lessons.png"
"65","수업관리","수업 관리","/lessons","96","상세","button","active","ok","클릭 가능","screenshots/screens/065-class-lessons.png"
"65","수업관리","수업 관리","/lessons","97","상세","button","active","ok","클릭 가능","screenshots/screens/065-class-lessons.png"
"65","수업관리","수업 관리","/lessons","98","상세","button","active","ok","클릭 가능","screenshots/screens/065-class-lessons.png"
"65","수업관리","수업 관리","/lessons","99","상세","button","active","ok","클릭 가능","screenshots/screens/065-class-lessons.png"
"65","수업관리","수업 관리","/lessons","100","상세","button","active","ok","클릭 가능","screenshots/screens/065-class-lessons.png"
"65","수업관리","수업 관리","/lessons","101","상세","button","active","ok","클릭 가능","screenshots/screens/065-class-lessons.png"
"65","수업관리","수업 관리","/lessons","102","상세","button","active","ok","클릭 가능","screenshots/screens/065-class-lessons.png"
"65","수업관리","수업 관리","/lessons","103","상세","button","active","ok","클릭 가능","screenshots/screens/065-class-lessons.png"
"65","수업관리","수업 관리","/lessons","104","상세","button","active","ok","클릭 가능","screenshots/screens/065-class-lessons.png"
"65","수업관리","수업 관리","/lessons","105","상세","button","active","ok","클릭 가능","screenshots/screens/065-class-lessons.png"
"65","수업관리","수업 관리","/lessons","106","상세","button","active","ok","클릭 가능","screenshots/screens/065-class-lessons.png"
"65","수업관리","수업 관리","/lessons","107","상세","button","active","ok","클릭 가능","screenshots/screens/065-class-lessons.png"
"65","수업관리","수업 관리","/lessons","108","상세","button","active","ok","클릭 가능","screenshots/screens/065-class-lessons.png"
"65","수업관리","수업 관리","/lessons","109","상세","button","active","ok","클릭 가능","screenshots/screens/065-class-lessons.png"
"65","수업관리","수업 관리","/lessons","110","상세","button","active","ok","클릭 가능","screenshots/screens/065-class-lessons.png"
"65","수업관리","수업 관리","/lessons","111","상세","button","active","ok","클릭 가능","screenshots/screens/065-class-lessons.png"
"65","수업관리","수업 관리","/lessons","112","상세","button","active","ok","클릭 가능","screenshots/screens/065-class-lessons.png"
"65","수업관리","수업 관리","/lessons","113","상세","button","active","ok","클릭 가능","screenshots/screens/065-class-lessons.png"
"65","수업관리","수업 관리","/lessons","114","상세","button","active","ok","클릭 가능","screenshots/screens/065-class-lessons.png"
"65","수업관리","수업 관리","/lessons","115","상세","button","active","ok","클릭 가능","screenshots/screens/065-class-lessons.png"
"65","수업관리","수업 관리","/lessons","116","상세","button","active","ok","클릭 가능","screenshots/screens/065-class-lessons.png"
"66","수업관리","수업 녹화 관리","/class-recording","1","seed 갱신","button","active","ok","클릭 가능","screenshots/screens/066-class-class-recording.png"
"66","수업관리","수업 녹화 관리","/class-recording","2","전체","button","active","ok","클릭 가능","screenshots/screens/066-class-class-recording.png"
"66","수업관리","수업 녹화 관리","/class-recording","3","완료","button","active","ok","클릭 가능","screenshots/screens/066-class-class-recording.png"
"66","수업관리","수업 녹화 관리","/class-recording","4","처리중","button","active","ok","클릭 가능","screenshots/screens/066-class-class-recording.png"
"66","수업관리","수업 녹화 관리","/class-recording","5","button#5","button","active","ok","클릭 가능","screenshots/screens/066-class-class-recording.png"
"66","수업관리","수업 녹화 관리","/class-recording","6","button#6","button","active","ok","클릭 가능","screenshots/screens/066-class-class-recording.png"
"66","수업관리","수업 녹화 관리","/class-recording","7","button#7","button","active","ok","클릭 가능","screenshots/screens/066-class-class-recording.png"
"66","수업관리","수업 녹화 관리","/class-recording","8","button#8","button","active","ok","클릭 가능","screenshots/screens/066-class-class-recording.png"
"66","수업관리","수업 녹화 관리","/class-recording","9","button#9","button","active","ok","클릭 가능","screenshots/screens/066-class-class-recording.png"
"66","수업관리","수업 녹화 관리","/class-recording","10","button#10","button","active","ok","클릭 가능","screenshots/screens/066-class-class-recording.png"
"66","수업관리","수업 녹화 관리","/class-recording","11","button#11","button","active","ok","클릭 가능","screenshots/screens/066-class-class-recording.png"
"66","수업관리","수업 녹화 관리","/class-recording","12","button#12","button","active","ok","클릭 가능","screenshots/screens/066-class-class-recording.png"
"67","수업관리","수업 캘린더","/calendar","1","스케줄 일괄 변경","button","active","ok","클릭 가능","screenshots/screens/067-class-calendar.png"
"67","수업관리","수업 캘린더","/calendar","2","수업 등록","button","active","ok","클릭 가능","screenshots/screens/067-class-calendar.png"
"67","수업관리","수업 캘린더","/calendar","3","일정표","button","active","ok","클릭 가능","screenshots/screens/067-class-calendar.png"
"67","수업관리","수업 캘린더","/calendar","4","수업 관리 760","button","active","ok","클릭 가능","screenshots/screens/067-class-calendar.png"
"67","수업관리","수업 캘린더","/calendar","5","횟수 관리","button","active","ok","클릭 가능","screenshots/screens/067-class-calendar.png"
"67","수업관리","수업 캘린더","/calendar","6","페널티 관리 0","button","active","ok","클릭 가능","screenshots/screens/067-class-calendar.png"
"67","수업관리","수업 캘린더","/calendar","7","유효 수업 목록","button","active","ok","클릭 가능","screenshots/screens/067-class-calendar.png"
"67","수업관리","수업 캘린더","/calendar","8","전체 강사","button","active","ok","클릭 가능","screenshots/screens/067-class-calendar.png"
"67","수업관리","수업 캘린더","/calendar","9","전체 수업","button","active","ok","클릭 가능","screenshots/screens/067-class-calendar.png"
"67","수업관리","수업 캘린더","/calendar","10","전체","button","active","ok","클릭 가능","screenshots/screens/067-class-calendar.png"
"67","수업관리","수업 캘린더","/calendar","11","여유","button","active","ok","클릭 가능","screenshots/screens/067-class-calendar.png"
"67","수업관리","수업 캘린더","/calendar","12","마감","button","active","ok","클릭 가능","screenshots/screens/067-class-calendar.png"
"67","수업관리","수업 캘린더","/calendar","13","전체","button","active","ok","클릭 가능","screenshots/screens/067-class-calendar.png"
"67","수업관리","수업 캘린더","/calendar","14","상담","button","active","ok","클릭 가능","screenshots/screens/067-class-calendar.png"
"67","수업관리","수업 캘린더","/calendar","15","OT","button","active","ok","클릭 가능","screenshots/screens/067-class-calendar.png"
"67","수업관리","수업 캘린더","/calendar","16","체성분","button","active","ok","클릭 가능","screenshots/screens/067-class-calendar.png"
"67","수업관리","수업 캘린더","/calendar","17","방문","button","active","ok","클릭 가능","screenshots/screens/067-class-calendar.png"
"67","수업관리","수업 캘린더","/calendar","18","수업","button","active","ok","클릭 가능","screenshots/screens/067-class-calendar.png"
"67","수업관리","수업 캘린더","/calendar","19","PT","button","active","ok","클릭 가능","screenshots/screens/067-class-calendar.png"
"67","수업관리","수업 캘린더","/calendar","20","기타","button","active","ok","클릭 가능","screenshots/screens/067-class-calendar.png"
"67","수업관리","수업 캘린더","/calendar","21","이전달","button","active","ok","클릭 가능","screenshots/screens/067-class-calendar.png"
"67","수업관리","수업 캘린더","/calendar","22","다음달","button","active","ok","클릭 가능","screenshots/screens/067-class-calendar.png"
"67","수업관리","수업 캘린더","/calendar","23","오늘","button","disabled","disabled","비활성 상태","screenshots/screens/067-class-calendar.png"
"67","수업관리","수업 캘린더","/calendar","24","월","button","active","ok","클릭 가능","screenshots/screens/067-class-calendar.png"
"67","수업관리","수업 캘린더","/calendar","25","주","button","active","ok","클릭 가능","screenshots/screens/067-class-calendar.png"
"67","수업관리","수업 캘린더","/calendar","26","일","button","active","ok","클릭 가능","screenshots/screens/067-class-calendar.png"
"67","수업관리","수업 캘린더","/calendar","27","목록","button","active","ok","클릭 가능","screenshots/screens/067-class-calendar.png"
"67","수업관리","수업 캘린더","/calendar","28","button#28","button","active","ok","클릭 가능","screenshots/screens/067-class-calendar.png"
"67","수업관리","수업 캘린더","/calendar","29","button#29","button","active","ok","클릭 가능","screenshots/screens/067-class-calendar.png"
"68","수업관리","수업 템플릿","/class-templates","1","템플릿 등록","button","active","ok","클릭 가능","screenshots/screens/068-class-class-templates.png"
"68","수업관리","수업 템플릿","/class-templates","2","수정","button","active","ok","클릭 가능","screenshots/screens/068-class-class-templates.png"
"68","수업관리","수업 템플릿","/class-templates","3","삭제","button","active","ok","클릭 가능","screenshots/screens/068-class-class-templates.png"
"68","수업관리","수업 템플릿","/class-templates","4","수정","button","active","ok","클릭 가능","screenshots/screens/068-class-class-templates.png"
"68","수업관리","수업 템플릿","/class-templates","5","삭제","button","active","ok","클릭 가능","screenshots/screens/068-class-class-templates.png"
"68","수업관리","수업 템플릿","/class-templates","6","수정","button","active","ok","클릭 가능","screenshots/screens/068-class-class-templates.png"
"68","수업관리","수업 템플릿","/class-templates","7","삭제","button","active","ok","클릭 가능","screenshots/screens/068-class-class-templates.png"
"68","수업관리","수업 템플릿","/class-templates","8","수정","button","active","ok","클릭 가능","screenshots/screens/068-class-class-templates.png"
"68","수업관리","수업 템플릿","/class-templates","9","삭제","button","active","ok","클릭 가능","screenshots/screens/068-class-class-templates.png"
"68","수업관리","수업 템플릿","/class-templates","10","수정","button","active","ok","클릭 가능","screenshots/screens/068-class-class-templates.png"
"68","수업관리","수업 템플릿","/class-templates","11","삭제","button","active","ok","클릭 가능","screenshots/screens/068-class-class-templates.png"
"68","수업관리","수업 템플릿","/class-templates","12","수정","button","active","ok","클릭 가능","screenshots/screens/068-class-class-templates.png"
"68","수업관리","수업 템플릿","/class-templates","13","삭제","button","active","ok","클릭 가능","screenshots/screens/068-class-class-templates.png"
"68","수업관리","수업 템플릿","/class-templates","14","수정","button","active","ok","클릭 가능","screenshots/screens/068-class-class-templates.png"
"68","수업관리","수업 템플릿","/class-templates","15","삭제","button","active","ok","클릭 가능","screenshots/screens/068-class-class-templates.png"
"69","수업관리","수업 평가 피드백","/class-feedback","1","seed 갱신","button","active","ok","클릭 가능","screenshots/screens/069-class-class-feedback.png"
"69","수업관리","수업 평가 피드백","/class-feedback","2","전체","button","active","ok","클릭 가능","screenshots/screens/069-class-class-feedback.png"
"69","수업관리","수업 평가 피드백","/class-feedback","3","김태희","button","active","ok","클릭 가능","screenshots/screens/069-class-class-feedback.png"
"69","수업관리","수업 평가 피드백","/class-feedback","4","박재범","button","active","ok","클릭 가능","screenshots/screens/069-class-class-feedback.png"
"69","수업관리","수업 평가 피드백","/class-feedback","5","이효리","button","active","ok","클릭 가능","screenshots/screens/069-class-class-feedback.png"
"69","수업관리","수업 평가 피드백","/class-feedback","6","한지우","button","active","ok","클릭 가능","screenshots/screens/069-class-class-feedback.png"
"70","수업관리","예약 목록","/class-reservations","1","새로고침","button","active","ok","클릭 가능","screenshots/screens/070-class-class-reservations.png"
"70","수업관리","예약 목록","/class-reservations","2","전체","button","active","ok","클릭 가능","screenshots/screens/070-class-class-reservations.png"
"70","수업관리","예약 목록","/class-reservations","3","예약완료","button","active","ok","클릭 가능","screenshots/screens/070-class-class-reservations.png"
"70","수업관리","예약 목록","/class-reservations","4","출석완료","button","active","ok","클릭 가능","screenshots/screens/070-class-class-reservations.png"
"70","수업관리","예약 목록","/class-reservations","5","취소","button","active","ok","클릭 가능","screenshots/screens/070-class-class-reservations.png"
"70","수업관리","예약 목록","/class-reservations","6","노쇼","button","active","ok","클릭 가능","screenshots/screens/070-class-class-reservations.png"
"70","수업관리","예약 목록","/class-reservations","7","대기","button","active","ok","클릭 가능","screenshots/screens/070-class-class-reservations.png"
"70","수업관리","예약 목록","/class-reservations","8","Excel","button","active","ok","클릭 가능","screenshots/screens/070-class-class-reservations.png"
"71","수업관리","운동 프로그램","/exercise-programs","1","프로그램 추가","button","active","ok","클릭 가능","screenshots/screens/071-class-exercise-programs.png"
"71","수업관리","운동 프로그램","/exercise-programs","2","전체","button","active","ok","클릭 가능","screenshots/screens/071-class-exercise-programs.png"
"71","수업관리","운동 프로그램","/exercise-programs","3","근력","button","active","ok","클릭 가능","screenshots/screens/071-class-exercise-programs.png"
"71","수업관리","운동 프로그램","/exercise-programs","4","유산소","button","active","ok","클릭 가능","screenshots/screens/071-class-exercise-programs.png"
"71","수업관리","운동 프로그램","/exercise-programs","5","유연성","button","active","ok","클릭 가능","screenshots/screens/071-class-exercise-programs.png"
"71","수업관리","운동 프로그램","/exercise-programs","6","재활","button","active","ok","클릭 가능","screenshots/screens/071-class-exercise-programs.png"
"71","수업관리","운동 프로그램","/exercise-programs","7","수정","button","active","ok","클릭 가능","screenshots/screens/071-class-exercise-programs.png"
"71","수업관리","운동 프로그램","/exercise-programs","8","삭제","button","active","ok","클릭 가능","screenshots/screens/071-class-exercise-programs.png"
"71","수업관리","운동 프로그램","/exercise-programs","9","수정","button","active","ok","클릭 가능","screenshots/screens/071-class-exercise-programs.png"
"71","수업관리","운동 프로그램","/exercise-programs","10","삭제","button","active","ok","클릭 가능","screenshots/screens/071-class-exercise-programs.png"
"71","수업관리","운동 프로그램","/exercise-programs","11","수정","button","active","ok","클릭 가능","screenshots/screens/071-class-exercise-programs.png"
"71","수업관리","운동 프로그램","/exercise-programs","12","삭제","button","active","ok","클릭 가능","screenshots/screens/071-class-exercise-programs.png"
"71","수업관리","운동 프로그램","/exercise-programs","13","수정","button","active","ok","클릭 가능","screenshots/screens/071-class-exercise-programs.png"
"71","수업관리","운동 프로그램","/exercise-programs","14","삭제","button","active","ok","클릭 가능","screenshots/screens/071-class-exercise-programs.png"
"71","수업관리","운동 프로그램","/exercise-programs","15","수정","button","active","ok","클릭 가능","screenshots/screens/071-class-exercise-programs.png"
"71","수업관리","운동 프로그램","/exercise-programs","16","삭제","button","active","ok","클릭 가능","screenshots/screens/071-class-exercise-programs.png"
"71","수업관리","운동 프로그램","/exercise-programs","17","수정","button","active","ok","클릭 가능","screenshots/screens/071-class-exercise-programs.png"
"71","수업관리","운동 프로그램","/exercise-programs","18","삭제","button","active","ok","클릭 가능","screenshots/screens/071-class-exercise-programs.png"
"71","수업관리","운동 프로그램","/exercise-programs","19","button#19","button","disabled","disabled","비활성 상태","screenshots/screens/071-class-exercise-programs.png"
"71","수업관리","운동 프로그램","/exercise-programs","20","1","button","active","ok","클릭 가능","screenshots/screens/071-class-exercise-programs.png"
"71","수업관리","운동 프로그램","/exercise-programs","21","button#21","button","disabled","disabled","비활성 상태","screenshots/screens/071-class-exercise-programs.png"
"72","수업관리","유효 수업","/valid-lessons","1","스케줄 일괄 변경","button","active","ok","클릭 가능","screenshots/screens/072-class-valid-lessons.png"
"72","수업관리","유효 수업","/valid-lessons","2","수업 등록","button","active","ok","클릭 가능","screenshots/screens/072-class-valid-lessons.png"
"72","수업관리","유효 수업","/valid-lessons","3","일정표","button","active","ok","클릭 가능","screenshots/screens/072-class-valid-lessons.png"
"72","수업관리","유효 수업","/valid-lessons","4","수업 관리 760","button","active","ok","클릭 가능","screenshots/screens/072-class-valid-lessons.png"
"72","수업관리","유효 수업","/valid-lessons","5","횟수 관리","button","active","ok","클릭 가능","screenshots/screens/072-class-valid-lessons.png"
"72","수업관리","유효 수업","/valid-lessons","6","페널티 관리 0","button","active","ok","클릭 가능","screenshots/screens/072-class-valid-lessons.png"
"72","수업관리","유효 수업","/valid-lessons","7","유효 수업 목록","button","active","ok","클릭 가능","screenshots/screens/072-class-valid-lessons.png"
"72","수업관리","유효 수업","/valid-lessons","8","전체","button","active","ok","클릭 가능","screenshots/screens/072-class-valid-lessons.png"
"72","수업관리","유효 수업","/valid-lessons","9","PT","button","active","ok","클릭 가능","screenshots/screens/072-class-valid-lessons.png"
"72","수업관리","유효 수업","/valid-lessons","10","그룹","button","active","ok","클릭 가능","screenshots/screens/072-class-valid-lessons.png"
"72","수업관리","유효 수업","/valid-lessons","11","전체","button","active","ok","클릭 가능","screenshots/screens/072-class-valid-lessons.png"
"73","수업관리","일정 요청","/schedule-requests","1","전체","button","active","ok","클릭 가능","screenshots/screens/073-class-schedule-requests.png"
"73","수업관리","일정 요청","/schedule-requests","2","방문","button","active","ok","클릭 가능","screenshots/screens/073-class-schedule-requests.png"
"73","수업관리","일정 요청","/schedule-requests","3","OT","button","active","ok","클릭 가능","screenshots/screens/073-class-schedule-requests.png"
"73","수업관리","일정 요청","/schedule-requests","4","상담","button","active","ok","클릭 가능","screenshots/screens/073-class-schedule-requests.png"
"73","수업관리","일정 요청","/schedule-requests","5","체성분","button","active","ok","클릭 가능","screenshots/screens/073-class-schedule-requests.png"
"73","수업관리","일정 요청","/schedule-requests","6","수업","button","active","ok","클릭 가능","screenshots/screens/073-class-schedule-requests.png"
"73","수업관리","일정 요청","/schedule-requests","7","PT","button","active","ok","클릭 가능","screenshots/screens/073-class-schedule-requests.png"
"73","수업관리","일정 요청","/schedule-requests","8","기타","button","active","ok","클릭 가능","screenshots/screens/073-class-schedule-requests.png"
"73","수업관리","일정 요청","/schedule-requests","9","승인","button","active","ok","클릭 가능","screenshots/screens/073-class-schedule-requests.png"
"73","수업관리","일정 요청","/schedule-requests","10","대안 제시","button","active","ok","클릭 가능","screenshots/screens/073-class-schedule-requests.png"
"73","수업관리","일정 요청","/schedule-requests","11","거절","button","active","ok","클릭 가능","screenshots/screens/073-class-schedule-requests.png"
"73","수업관리","일정 요청","/schedule-requests","12","승인","button","active","ok","클릭 가능","screenshots/screens/073-class-schedule-requests.png"
"73","수업관리","일정 요청","/schedule-requests","13","대안 제시","button","active","ok","클릭 가능","screenshots/screens/073-class-schedule-requests.png"
"73","수업관리","일정 요청","/schedule-requests","14","거절","button","active","ok","클릭 가능","screenshots/screens/073-class-schedule-requests.png"
"73","수업관리","일정 요청","/schedule-requests","15","승인","button","active","ok","클릭 가능","screenshots/screens/073-class-schedule-requests.png"
"73","수업관리","일정 요청","/schedule-requests","16","대안 제시","button","active","ok","클릭 가능","screenshots/screens/073-class-schedule-requests.png"
"73","수업관리","일정 요청","/schedule-requests","17","거절","button","active","ok","클릭 가능","screenshots/screens/073-class-schedule-requests.png"
"73","수업관리","일정 요청","/schedule-requests","18","승인","button","active","ok","클릭 가능","screenshots/screens/073-class-schedule-requests.png"
"73","수업관리","일정 요청","/schedule-requests","19","대안 제시","button","active","ok","클릭 가능","screenshots/screens/073-class-schedule-requests.png"
"73","수업관리","일정 요청","/schedule-requests","20","거절","button","active","ok","클릭 가능","screenshots/screens/073-class-schedule-requests.png"
"73","수업관리","일정 요청","/schedule-requests","21","승인","button","active","ok","클릭 가능","screenshots/screens/073-class-schedule-requests.png"
"73","수업관리","일정 요청","/schedule-requests","22","대안 제시","button","active","ok","클릭 가능","screenshots/screens/073-class-schedule-requests.png"
"73","수업관리","일정 요청","/schedule-requests","23","거절","button","active","ok","클릭 가능","screenshots/screens/073-class-schedule-requests.png"
"73","수업관리","일정 요청","/schedule-requests","24","button#24","button","disabled","disabled","비활성 상태","screenshots/screens/073-class-schedule-requests.png"
"73","수업관리","일정 요청","/schedule-requests","25","1","button","active","ok","클릭 가능","screenshots/screens/073-class-schedule-requests.png"
"73","수업관리","일정 요청","/schedule-requests","26","button#26","button","disabled","disabled","비활성 상태","screenshots/screens/073-class-schedule-requests.png"
"74","수업관리","출석 QR 체크인","/attendance/qr","1","seed 갱신","button","active","ok","클릭 가능","screenshots/screens/074-class-attendance-qr.png"
"74","수업관리","출석 QR 체크인","/attendance/qr","2","갱신","button","active","ok","클릭 가능","screenshots/screens/074-class-attendance-qr.png"
"75","수업관리","페널티 관리","/penalties","1","자동 페널티 정책","button","active","ok","클릭 가능","screenshots/screens/075-class-penalties.png"
"75","수업관리","페널티 관리","/penalties","2","페널티 등록","button","active","ok","클릭 가능","screenshots/screens/075-class-penalties.png"
"75","수업관리","페널티 관리","/penalties","3","취소","button","active","ok","클릭 가능","screenshots/screens/075-class-penalties.png"
"75","수업관리","페널티 관리","/penalties","4","취소","button","active","ok","클릭 가능","screenshots/screens/075-class-penalties.png"
"75","수업관리","페널티 관리","/penalties","5","취소","button","active","ok","클릭 가능","screenshots/screens/075-class-penalties.png"
"75","수업관리","페널티 관리","/penalties","6","취소","button","active","ok","클릭 가능","screenshots/screens/075-class-penalties.png"
"75","수업관리","페널티 관리","/penalties","7","취소","button","active","ok","클릭 가능","screenshots/screens/075-class-penalties.png"
"76","수업관리","횟수 관리","/lesson-counts","1","전체 회원","button","active","ok","클릭 가능","screenshots/screens/076-class-lesson-counts.png"
"76","수업관리","횟수 관리","/lesson-counts","2","전체 상품","button","active","ok","클릭 가능","screenshots/screens/076-class-lesson-counts.png"
"76","수업관리","횟수 관리","/lesson-counts","3","조회","button","active","ok","클릭 가능","screenshots/screens/076-class-lesson-counts.png"
"76","수업관리","횟수 관리","/lesson-counts","4","초기화","button","active","ok","클릭 가능","screenshots/screens/076-class-lesson-counts.png"
"76","수업관리","횟수 관리","/lesson-counts","5","전체","button","active","ok","클릭 가능","screenshots/screens/076-class-lesson-counts.png"
"76","수업관리","횟수 관리","/lesson-counts","6","이용중","button","active","ok","클릭 가능","screenshots/screens/076-class-lesson-counts.png"
"76","수업관리","횟수 관리","/lesson-counts","7","만료","button","active","ok","클릭 가능","screenshots/screens/076-class-lesson-counts.png"
"76","수업관리","횟수 관리","/lesson-counts","8","일시정지","button","active","ok","클릭 가능","screenshots/screens/076-class-lesson-counts.png"
"76","수업관리","횟수 관리","/lesson-counts","9","차감","button","active","ok","클릭 가능","screenshots/screens/076-class-lesson-counts.png"
"76","수업관리","횟수 관리","/lesson-counts","10","조정","button","active","ok","클릭 가능","screenshots/screens/076-class-lesson-counts.png"
"76","수업관리","횟수 관리","/lesson-counts","11","세션","button","active","ok","클릭 가능","screenshots/screens/076-class-lesson-counts.png"
"76","수업관리","횟수 관리","/lesson-counts","12","이력","button","active","ok","클릭 가능","screenshots/screens/076-class-lesson-counts.png"
"76","수업관리","횟수 관리","/lesson-counts","13","차감","button","active","ok","클릭 가능","screenshots/screens/076-class-lesson-counts.png"
"76","수업관리","횟수 관리","/lesson-counts","14","조정","button","active","ok","클릭 가능","screenshots/screens/076-class-lesson-counts.png"
"76","수업관리","횟수 관리","/lesson-counts","15","세션","button","active","ok","클릭 가능","screenshots/screens/076-class-lesson-counts.png"
"76","수업관리","횟수 관리","/lesson-counts","16","이력","button","active","ok","클릭 가능","screenshots/screens/076-class-lesson-counts.png"
"76","수업관리","횟수 관리","/lesson-counts","17","차감","button","active","ok","클릭 가능","screenshots/screens/076-class-lesson-counts.png"
"76","수업관리","횟수 관리","/lesson-counts","18","조정","button","active","ok","클릭 가능","screenshots/screens/076-class-lesson-counts.png"
"76","수업관리","횟수 관리","/lesson-counts","19","세션","button","active","ok","클릭 가능","screenshots/screens/076-class-lesson-counts.png"
"76","수업관리","횟수 관리","/lesson-counts","20","이력","button","active","ok","클릭 가능","screenshots/screens/076-class-lesson-counts.png"
"76","수업관리","횟수 관리","/lesson-counts","21","차감","button","active","ok","클릭 가능","screenshots/screens/076-class-lesson-counts.png"
"76","수업관리","횟수 관리","/lesson-counts","22","조정","button","active","ok","클릭 가능","screenshots/screens/076-class-lesson-counts.png"
"76","수업관리","횟수 관리","/lesson-counts","23","세션","button","active","ok","클릭 가능","screenshots/screens/076-class-lesson-counts.png"
"76","수업관리","횟수 관리","/lesson-counts","24","이력","button","active","ok","클릭 가능","screenshots/screens/076-class-lesson-counts.png"
"76","수업관리","횟수 관리","/lesson-counts","25","차감","button","active","ok","클릭 가능","screenshots/screens/076-class-lesson-counts.png"
"76","수업관리","횟수 관리","/lesson-counts","26","조정","button","active","ok","클릭 가능","screenshots/screens/076-class-lesson-counts.png"
"76","수업관리","횟수 관리","/lesson-counts","27","세션","button","active","ok","클릭 가능","screenshots/screens/076-class-lesson-counts.png"
"76","수업관리","횟수 관리","/lesson-counts","28","이력","button","active","ok","클릭 가능","screenshots/screens/076-class-lesson-counts.png"
"76","수업관리","횟수 관리","/lesson-counts","29","차감","button","active","ok","클릭 가능","screenshots/screens/076-class-lesson-counts.png"
"76","수업관리","횟수 관리","/lesson-counts","30","조정","button","active","ok","클릭 가능","screenshots/screens/076-class-lesson-counts.png"
"76","수업관리","횟수 관리","/lesson-counts","31","세션","button","active","ok","클릭 가능","screenshots/screens/076-class-lesson-counts.png"
"76","수업관리","횟수 관리","/lesson-counts","32","이력","button","active","ok","클릭 가능","screenshots/screens/076-class-lesson-counts.png"
"76","수업관리","횟수 관리","/lesson-counts","33","차감","button","active","ok","클릭 가능","screenshots/screens/076-class-lesson-counts.png"
"76","수업관리","횟수 관리","/lesson-counts","34","조정","button","active","ok","클릭 가능","screenshots/screens/076-class-lesson-counts.png"
"76","수업관리","횟수 관리","/lesson-counts","35","세션","button","active","ok","클릭 가능","screenshots/screens/076-class-lesson-counts.png"
"76","수업관리","횟수 관리","/lesson-counts","36","이력","button","active","ok","클릭 가능","screenshots/screens/076-class-lesson-counts.png"
"76","수업관리","횟수 관리","/lesson-counts","37","차감","button","active","ok","클릭 가능","screenshots/screens/076-class-lesson-counts.png"
"76","수업관리","횟수 관리","/lesson-counts","38","조정","button","active","ok","클릭 가능","screenshots/screens/076-class-lesson-counts.png"
"76","수업관리","횟수 관리","/lesson-counts","39","세션","button","active","ok","클릭 가능","screenshots/screens/076-class-lesson-counts.png"
"76","수업관리","횟수 관리","/lesson-counts","40","이력","button","active","ok","클릭 가능","screenshots/screens/076-class-lesson-counts.png"
"76","수업관리","횟수 관리","/lesson-counts","41","차감","button","active","ok","클릭 가능","screenshots/screens/076-class-lesson-counts.png"
"76","수업관리","횟수 관리","/lesson-counts","42","조정","button","active","ok","클릭 가능","screenshots/screens/076-class-lesson-counts.png"
"76","수업관리","횟수 관리","/lesson-counts","43","세션","button","active","ok","클릭 가능","screenshots/screens/076-class-lesson-counts.png"
"76","수업관리","횟수 관리","/lesson-counts","44","이력","button","active","ok","클릭 가능","screenshots/screens/076-class-lesson-counts.png"
"76","수업관리","횟수 관리","/lesson-counts","45","차감","button","active","ok","클릭 가능","screenshots/screens/076-class-lesson-counts.png"
"76","수업관리","횟수 관리","/lesson-counts","46","조정","button","active","ok","클릭 가능","screenshots/screens/076-class-lesson-counts.png"
"76","수업관리","횟수 관리","/lesson-counts","47","세션","button","active","ok","클릭 가능","screenshots/screens/076-class-lesson-counts.png"
"76","수업관리","횟수 관리","/lesson-counts","48","이력","button","active","ok","클릭 가능","screenshots/screens/076-class-lesson-counts.png"
"76","수업관리","횟수 관리","/lesson-counts","49","차감","button","active","ok","클릭 가능","screenshots/screens/076-class-lesson-counts.png"
"76","수업관리","횟수 관리","/lesson-counts","50","조정","button","active","ok","클릭 가능","screenshots/screens/076-class-lesson-counts.png"
"76","수업관리","횟수 관리","/lesson-counts","51","세션","button","active","ok","클릭 가능","screenshots/screens/076-class-lesson-counts.png"
"76","수업관리","횟수 관리","/lesson-counts","52","이력","button","active","ok","클릭 가능","screenshots/screens/076-class-lesson-counts.png"
"76","수업관리","횟수 관리","/lesson-counts","53","차감","button","active","ok","클릭 가능","screenshots/screens/076-class-lesson-counts.png"
"76","수업관리","횟수 관리","/lesson-counts","54","조정","button","active","ok","클릭 가능","screenshots/screens/076-class-lesson-counts.png"
"76","수업관리","횟수 관리","/lesson-counts","55","세션","button","active","ok","클릭 가능","screenshots/screens/076-class-lesson-counts.png"
"76","수업관리","횟수 관리","/lesson-counts","56","이력","button","active","ok","클릭 가능","screenshots/screens/076-class-lesson-counts.png"
"76","수업관리","횟수 관리","/lesson-counts","57","차감","button","active","ok","클릭 가능","screenshots/screens/076-class-lesson-counts.png"
"76","수업관리","횟수 관리","/lesson-counts","58","조정","button","active","ok","클릭 가능","screenshots/screens/076-class-lesson-counts.png"
"76","수업관리","횟수 관리","/lesson-counts","59","세션","button","active","ok","클릭 가능","screenshots/screens/076-class-lesson-counts.png"
"76","수업관리","횟수 관리","/lesson-counts","60","이력","button","active","ok","클릭 가능","screenshots/screens/076-class-lesson-counts.png"
"76","수업관리","횟수 관리","/lesson-counts","61","차감","button","active","ok","클릭 가능","screenshots/screens/076-class-lesson-counts.png"
"76","수업관리","횟수 관리","/lesson-counts","62","조정","button","active","ok","클릭 가능","screenshots/screens/076-class-lesson-counts.png"
"76","수업관리","횟수 관리","/lesson-counts","63","세션","button","active","ok","클릭 가능","screenshots/screens/076-class-lesson-counts.png"
"76","수업관리","횟수 관리","/lesson-counts","64","이력","button","active","ok","클릭 가능","screenshots/screens/076-class-lesson-counts.png"
"77","시설관리","골프 타석","/golf-bays","1","대기 등록","button","active","ok","클릭 가능","screenshots/screens/077-facility-golf-bays.png"
"77","시설관리","골프 타석","/golf-bays","2","일괄 정리","button","active","ok","클릭 가능","screenshots/screens/077-facility-golf-bays.png"
"77","시설관리","골프 타석","/golf-bays","3","1 1번 타석 사용중 김민수 0:09 담당 이프로 ON","button","active","ok","클릭 가능","screenshots/screens/077-facility-golf-bays.png"
"77","시설관리","골프 타석","/golf-bays","4","2 2번 타석 사용중 이영희 0:34 담당 김프로 ON","button","active","ok","클릭 가능","screenshots/screens/077-facility-golf-bays.png"
"77","시설관리","골프 타석","/golf-bays","5","3 3번 타석 사용중 박준호 0:32 담당 박프로 ON","button","active","ok","클릭 가능","screenshots/screens/077-facility-golf-bays.png"
"77","시설관리","골프 타석","/golf-bays","6","4 4번 타석 사용중 최수정 0:44 ON","button","active","ok","클릭 가능","screenshots/screens/077-facility-golf-bays.png"
"77","시설관리","골프 타석","/golf-bays","7","5 5번 타석 사용중 정대현 0:12 ON","button","active","ok","클릭 가능","screenshots/screens/077-facility-golf-bays.png"
"77","시설관리","골프 타석","/golf-bays","8","6 6번 타석 사용중 한지민 0:36 ON","button","active","ok","클릭 가능","screenshots/screens/077-facility-golf-bays.png"
"77","시설관리","골프 타석","/golf-bays","9","7 7번 타석 사용중 오승환 0:22 ON","button","active","ok","클릭 가능","screenshots/screens/077-facility-golf-bays.png"
"77","시설관리","골프 타석","/golf-bays","10","8 8번 타석 예약 OFF","button","active","ok","클릭 가능","screenshots/screens/077-facility-golf-bays.png"
"77","시설관리","골프 타석","/golf-bays","11","9 9번 타석 예약 OFF","button","active","ok","클릭 가능","screenshots/screens/077-facility-golf-bays.png"
"77","시설관리","골프 타석","/golf-bays","12","10 10번 타석 대기 이용 시작 가능 OFF","button","active","ok","클릭 가능","screenshots/screens/077-facility-golf-bays.png"
"77","시설관리","골프 타석","/golf-bays","13","11 11번 타석 대기 이용 시작 가능 OFF","button","active","ok","클릭 가능","screenshots/screens/077-facility-golf-bays.png"
"77","시설관리","골프 타석","/golf-bays","14","12 12번 타석 점검 점검중 OFF","button","active","ok","클릭 가능","screenshots/screens/077-facility-golf-bays.png"
"77","시설관리","골프 타석","/golf-bays","15","송형근 대기 취소","button","active","ok","클릭 가능","screenshots/screens/077-facility-golf-bays.png"
"77","시설관리","골프 타석","/golf-bays","16","유재석 대기 취소","button","active","ok","클릭 가능","screenshots/screens/077-facility-golf-bays.png"
"77","시설관리","골프 타석","/golf-bays","17","강호동 대기 취소","button","active","ok","클릭 가능","screenshots/screens/077-facility-golf-bays.png"
"77","시설관리","골프 타석","/golf-bays","18","대기 추가","button","active","ok","클릭 가능","screenshots/screens/077-facility-golf-bays.png"
"78","시설관리","락커 관리","/locker","1","새로고침","button","active","ok","클릭 가능","screenshots/screens/078-facility-locker.png"
"78","시설관리","락커 관리","/locker","2","엑셀 다운로드","button","active","ok","클릭 가능","screenshots/screens/078-facility-locker.png"
"78","시설관리","락커 관리","/locker","3","일괄 배정","button","active","ok","클릭 가능","screenshots/screens/078-facility-locker.png"
"78","시설관리","락커 관리","/locker","4","락커 추가","button","active","ok","클릭 가능","screenshots/screens/078-facility-locker.png"
"78","시설관리","락커 관리","/locker","5","A구역","button","active","ok","클릭 가능","screenshots/screens/078-facility-locker.png"
"78","시설관리","락커 관리","/locker","6","B구역","button","active","ok","클릭 가능","screenshots/screens/078-facility-locker.png"
"78","시설관리","락커 관리","/locker","7","C구역","button","active","ok","클릭 가능","screenshots/screens/078-facility-locker.png"
"78","시설관리","락커 관리","/locker","8","036 임하율 D-77 기록 이동 회수 고장","div","active","ok","클릭 가능","screenshots/screens/078-facility-locker.png"
"78","시설관리","락커 관리","/locker","9","기록","button","active","ok","클릭 가능","screenshots/screens/078-facility-locker.png"
"78","시설관리","락커 관리","/locker","10","이동","button","active","ok","클릭 가능","screenshots/screens/078-facility-locker.png"
"78","시설관리","락커 관리","/locker","11","회수","button","active","ok","클릭 가능","screenshots/screens/078-facility-locker.png"
"78","시설관리","락커 관리","/locker","12","고장","button","active","ok","클릭 가능","screenshots/screens/078-facility-locker.png"
"78","시설관리","락커 관리","/locker","13","027 허아린 D-77 기록 이동 회수 고장","div","active","ok","클릭 가능","screenshots/screens/078-facility-locker.png"
"78","시설관리","락커 관리","/locker","14","기록","button","active","ok","클릭 가능","screenshots/screens/078-facility-locker.png"
"78","시설관리","락커 관리","/locker","15","이동","button","active","ok","클릭 가능","screenshots/screens/078-facility-locker.png"
"78","시설관리","락커 관리","/locker","16","회수","button","active","ok","클릭 가능","screenshots/screens/078-facility-locker.png"
"78","시설관리","락커 관리","/locker","17","고장","button","active","ok","클릭 가능","screenshots/screens/078-facility-locker.png"
"78","시설관리","락커 관리","/locker","18","043 권시우 D-108 기록 이동 회수 고장","div","active","ok","클릭 가능","screenshots/screens/078-facility-locker.png"
"78","시설관리","락커 관리","/locker","19","기록","button","active","ok","클릭 가능","screenshots/screens/078-facility-locker.png"
"78","시설관리","락커 관리","/locker","20","이동","button","active","ok","클릭 가능","screenshots/screens/078-facility-locker.png"
"78","시설관리","락커 관리","/locker","21","회수","button","active","ok","클릭 가능","screenshots/screens/078-facility-locker.png"
"78","시설관리","락커 관리","/locker","22","고장","button","active","ok","클릭 가능","screenshots/screens/078-facility-locker.png"
"78","시설관리","락커 관리","/locker","23","002 빈 락커 기록 이동 배정 고장","div","active","ok","클릭 가능","screenshots/screens/078-facility-locker.png"
"78","시설관리","락커 관리","/locker","24","기록","button","active","ok","클릭 가능","screenshots/screens/078-facility-locker.png"
"78","시설관리","락커 관리","/locker","25","이동","button","active","ok","클릭 가능","screenshots/screens/078-facility-locker.png"
"78","시설관리","락커 관리","/locker","26","배정","button","active","ok","클릭 가능","screenshots/screens/078-facility-locker.png"
"78","시설관리","락커 관리","/locker","27","고장","button","active","ok","클릭 가능","screenshots/screens/078-facility-locker.png"
"78","시설관리","락커 관리","/locker","28","44 홍길동 D-14 기록 이동 회수 고장","div","active","ok","클릭 가능","screenshots/screens/078-facility-locker.png"
"78","시설관리","락커 관리","/locker","29","기록","button","active","ok","클릭 가능","screenshots/screens/078-facility-locker.png"
"78","시설관리","락커 관리","/locker","30","이동","button","active","ok","클릭 가능","screenshots/screens/078-facility-locker.png"
"78","시설관리","락커 관리","/locker","31","회수","button","active","ok","클릭 가능","screenshots/screens/078-facility-locker.png"
"78","시설관리","락커 관리","/locker","32","고장","button","active","ok","클릭 가능","screenshots/screens/078-facility-locker.png"
"78","시설관리","락커 관리","/locker","33","003 박지민 D-14 기록 이동 회수 고장","div","active","ok","클릭 가능","screenshots/screens/078-facility-locker.png"
"78","시설관리","락커 관리","/locker","34","기록","button","active","ok","클릭 가능","screenshots/screens/078-facility-locker.png"
"78","시설관리","락커 관리","/locker","35","이동","button","active","ok","클릭 가능","screenshots/screens/078-facility-locker.png"
"78","시설관리","락커 관리","/locker","36","회수","button","active","ok","클릭 가능","screenshots/screens/078-facility-locker.png"
"78","시설관리","락커 관리","/locker","37","고장","button","active","ok","클릭 가능","screenshots/screens/078-facility-locker.png"
"78","시설관리","락커 관리","/locker","38","004 한소희 D-14 기록 이동 회수 고장","div","active","ok","클릭 가능","screenshots/screens/078-facility-locker.png"
"78","시설관리","락커 관리","/locker","39","기록","button","active","ok","클릭 가능","screenshots/screens/078-facility-locker.png"
"78","시설관리","락커 관리","/locker","40","이동","button","active","ok","클릭 가능","screenshots/screens/078-facility-locker.png"
"78","시설관리","락커 관리","/locker","41","회수","button","active","ok","클릭 가능","screenshots/screens/078-facility-locker.png"
"78","시설관리","락커 관리","/locker","42","고장","button","active","ok","클릭 가능","screenshots/screens/078-facility-locker.png"
"78","시설관리","락커 관리","/locker","43","005 김민준 D-14 기록 이동 회수 고장","div","active","ok","클릭 가능","screenshots/screens/078-facility-locker.png"
"78","시설관리","락커 관리","/locker","44","기록","button","active","ok","클릭 가능","screenshots/screens/078-facility-locker.png"
"78","시설관리","락커 관리","/locker","45","이동","button","active","ok","클릭 가능","screenshots/screens/078-facility-locker.png"
"78","시설관리","락커 관리","/locker","46","회수","button","active","ok","클릭 가능","screenshots/screens/078-facility-locker.png"
"78","시설관리","락커 관리","/locker","47","고장","button","active","ok","클릭 가능","screenshots/screens/078-facility-locker.png"
"78","시설관리","락커 관리","/locker","48","006 박성훈 D-14 기록 이동 회수 고장","div","active","ok","클릭 가능","screenshots/screens/078-facility-locker.png"
"78","시설관리","락커 관리","/locker","49","기록","button","active","ok","클릭 가능","screenshots/screens/078-facility-locker.png"
"78","시설관리","락커 관리","/locker","50","이동","button","active","ok","클릭 가능","screenshots/screens/078-facility-locker.png"
"78","시설관리","락커 관리","/locker","51","회수","button","active","ok","클릭 가능","screenshots/screens/078-facility-locker.png"
"78","시설관리","락커 관리","/locker","52","고장","button","active","ok","클릭 가능","screenshots/screens/078-facility-locker.png"
"78","시설관리","락커 관리","/locker","53","007 최준혁 D-14 기록 이동 회수 고장","div","active","ok","클릭 가능","screenshots/screens/078-facility-locker.png"
"78","시설관리","락커 관리","/locker","54","기록","button","active","ok","클릭 가능","screenshots/screens/078-facility-locker.png"
"78","시설관리","락커 관리","/locker","55","이동","button","active","ok","클릭 가능","screenshots/screens/078-facility-locker.png"
"78","시설관리","락커 관리","/locker","56","회수","button","active","ok","클릭 가능","screenshots/screens/078-facility-locker.png"
"78","시설관리","락커 관리","/locker","57","고장","button","active","ok","클릭 가능","screenshots/screens/078-facility-locker.png"
"78","시설관리","락커 관리","/locker","58","008 조성민 D-14 기록 이동 회수 고장","div","active","ok","클릭 가능","screenshots/screens/078-facility-locker.png"
"78","시설관리","락커 관리","/locker","59","기록","button","active","ok","클릭 가능","screenshots/screens/078-facility-locker.png"
"78","시설관리","락커 관리","/locker","60","이동","button","active","ok","클릭 가능","screenshots/screens/078-facility-locker.png"
"78","시설관리","락커 관리","/locker","61","회수","button","active","ok","클릭 가능","screenshots/screens/078-facility-locker.png"
"78","시설관리","락커 관리","/locker","62","고장","button","active","ok","클릭 가능","screenshots/screens/078-facility-locker.png"
"78","시설관리","락커 관리","/locker","63","009 한지혜 D-14 기록 이동 회수 고장","div","active","ok","클릭 가능","screenshots/screens/078-facility-locker.png"
"78","시설관리","락커 관리","/locker","64","기록","button","active","ok","클릭 가능","screenshots/screens/078-facility-locker.png"
"78","시설관리","락커 관리","/locker","65","이동","button","active","ok","클릭 가능","screenshots/screens/078-facility-locker.png"
"78","시설관리","락커 관리","/locker","66","회수","button","active","ok","클릭 가능","screenshots/screens/078-facility-locker.png"
"78","시설관리","락커 관리","/locker","67","고장","button","active","ok","클릭 가능","screenshots/screens/078-facility-locker.png"
"78","시설관리","락커 관리","/locker","68","010 황준서 D-14 기록 이동 회수 고장","div","active","ok","클릭 가능","screenshots/screens/078-facility-locker.png"
"78","시설관리","락커 관리","/locker","69","기록","button","active","ok","클릭 가능","screenshots/screens/078-facility-locker.png"
"78","시설관리","락커 관리","/locker","70","이동","button","active","ok","클릭 가능","screenshots/screens/078-facility-locker.png"
"78","시설관리","락커 관리","/locker","71","회수","button","active","ok","클릭 가능","screenshots/screens/078-facility-locker.png"
"78","시설관리","락커 관리","/locker","72","고장","button","active","ok","클릭 가능","screenshots/screens/078-facility-locker.png"
"78","시설관리","락커 관리","/locker","73","011 서동현 D-14 기록 이동 회수 고장","div","active","ok","클릭 가능","screenshots/screens/078-facility-locker.png"
"78","시설관리","락커 관리","/locker","74","기록","button","active","ok","클릭 가능","screenshots/screens/078-facility-locker.png"
"78","시설관리","락커 관리","/locker","75","이동","button","active","ok","클릭 가능","screenshots/screens/078-facility-locker.png"
"78","시설관리","락커 관리","/locker","76","회수","button","active","ok","클릭 가능","screenshots/screens/078-facility-locker.png"
"78","시설관리","락커 관리","/locker","77","고장","button","active","ok","클릭 가능","screenshots/screens/078-facility-locker.png"
"78","시설관리","락커 관리","/locker","78","012 홍서준 D-14 기록 이동 회수 고장","div","active","ok","클릭 가능","screenshots/screens/078-facility-locker.png"
"78","시설관리","락커 관리","/locker","79","기록","button","active","ok","클릭 가능","screenshots/screens/078-facility-locker.png"
"78","시설관리","락커 관리","/locker","80","이동","button","active","ok","클릭 가능","screenshots/screens/078-facility-locker.png"
"78","시설관리","락커 관리","/locker","81","회수","button","active","ok","클릭 가능","screenshots/screens/078-facility-locker.png"
"78","시설관리","락커 관리","/locker","82","고장","button","active","ok","클릭 가능","screenshots/screens/078-facility-locker.png"
"78","시설관리","락커 관리","/locker","83","013 빈 락커 기록 이동 배정 고장","div","active","ok","클릭 가능","screenshots/screens/078-facility-locker.png"
"78","시설관리","락커 관리","/locker","84","기록","button","active","ok","클릭 가능","screenshots/screens/078-facility-locker.png"
"78","시설관리","락커 관리","/locker","85","이동","button","active","ok","클릭 가능","screenshots/screens/078-facility-locker.png"
"78","시설관리","락커 관리","/locker","86","배정","button","active","ok","클릭 가능","screenshots/screens/078-facility-locker.png"
"78","시설관리","락커 관리","/locker","87","고장","button","active","ok","클릭 가능","screenshots/screens/078-facility-locker.png"
"78","시설관리","락커 관리","/locker","88","014 빈 락커 기록 이동 배정 고장","div","active","ok","클릭 가능","screenshots/screens/078-facility-locker.png"
"78","시설관리","락커 관리","/locker","89","기록","button","active","ok","클릭 가능","screenshots/screens/078-facility-locker.png"
"78","시설관리","락커 관리","/locker","90","이동","button","active","ok","클릭 가능","screenshots/screens/078-facility-locker.png"
"78","시설관리","락커 관리","/locker","91","배정","button","active","ok","클릭 가능","screenshots/screens/078-facility-locker.png"
"78","시설관리","락커 관리","/locker","92","고장","button","active","ok","클릭 가능","screenshots/screens/078-facility-locker.png"
"78","시설관리","락커 관리","/locker","93","015 빈 락커 기록 이동 배정 고장","div","active","ok","클릭 가능","screenshots/screens/078-facility-locker.png"
"78","시설관리","락커 관리","/locker","94","기록","button","active","ok","클릭 가능","screenshots/screens/078-facility-locker.png"
"78","시설관리","락커 관리","/locker","95","이동","button","active","ok","클릭 가능","screenshots/screens/078-facility-locker.png"
"78","시설관리","락커 관리","/locker","96","배정","button","active","ok","클릭 가능","screenshots/screens/078-facility-locker.png"
"78","시설관리","락커 관리","/locker","97","고장","button","active","ok","클릭 가능","screenshots/screens/078-facility-locker.png"
"78","시설관리","락커 관리","/locker","98","016 빈 락커 기록 이동 배정 고장","div","active","ok","클릭 가능","screenshots/screens/078-facility-locker.png"
"78","시설관리","락커 관리","/locker","99","기록","button","active","ok","클릭 가능","screenshots/screens/078-facility-locker.png"
"78","시설관리","락커 관리","/locker","100","이동","button","active","ok","클릭 가능","screenshots/screens/078-facility-locker.png"
"78","시설관리","락커 관리","/locker","101","배정","button","active","ok","클릭 가능","screenshots/screens/078-facility-locker.png"
"78","시설관리","락커 관리","/locker","102","고장","button","active","ok","클릭 가능","screenshots/screens/078-facility-locker.png"
"78","시설관리","락커 관리","/locker","103","017 빈 락커 기록 이동 배정 고장","div","active","ok","클릭 가능","screenshots/screens/078-facility-locker.png"
"78","시설관리","락커 관리","/locker","104","기록","button","active","ok","클릭 가능","screenshots/screens/078-facility-locker.png"
"78","시설관리","락커 관리","/locker","105","이동","button","active","ok","클릭 가능","screenshots/screens/078-facility-locker.png"
"78","시설관리","락커 관리","/locker","106","배정","button","active","ok","클릭 가능","screenshots/screens/078-facility-locker.png"
"78","시설관리","락커 관리","/locker","107","고장","button","active","ok","클릭 가능","screenshots/screens/078-facility-locker.png"
"78","시설관리","락커 관리","/locker","108","018 빈 락커 기록 이동 배정 고장","div","active","ok","클릭 가능","screenshots/screens/078-facility-locker.png"
"78","시설관리","락커 관리","/locker","109","기록","button","active","ok","클릭 가능","screenshots/screens/078-facility-locker.png"
"78","시설관리","락커 관리","/locker","110","이동","button","active","ok","클릭 가능","screenshots/screens/078-facility-locker.png"
"78","시설관리","락커 관리","/locker","111","배정","button","active","ok","클릭 가능","screenshots/screens/078-facility-locker.png"
"78","시설관리","락커 관리","/locker","112","고장","button","active","ok","클릭 가능","screenshots/screens/078-facility-locker.png"
"78","시설관리","락커 관리","/locker","113","019 빈 락커 기록 이동 배정 고장","div","active","ok","클릭 가능","screenshots/screens/078-facility-locker.png"
"78","시설관리","락커 관리","/locker","114","기록","button","active","ok","클릭 가능","screenshots/screens/078-facility-locker.png"
"78","시설관리","락커 관리","/locker","115","이동","button","active","ok","클릭 가능","screenshots/screens/078-facility-locker.png"
"78","시설관리","락커 관리","/locker","116","배정","button","active","ok","클릭 가능","screenshots/screens/078-facility-locker.png"
"78","시설관리","락커 관리","/locker","117","고장","button","active","ok","클릭 가능","screenshots/screens/078-facility-locker.png"
"78","시설관리","락커 관리","/locker","118","020 빈 락커 기록 이동 배정 고장","div","active","ok","클릭 가능","screenshots/screens/078-facility-locker.png"
"78","시설관리","락커 관리","/locker","119","기록","button","active","ok","클릭 가능","screenshots/screens/078-facility-locker.png"
"78","시설관리","락커 관리","/locker","120","이동","button","active","ok","클릭 가능","screenshots/screens/078-facility-locker.png"
"78","시설관리","락커 관리","/locker","121","배정","button","active","ok","클릭 가능","screenshots/screens/078-facility-locker.png"
"78","시설관리","락커 관리","/locker","122","고장","button","active","ok","클릭 가능","screenshots/screens/078-facility-locker.png"
"78","시설관리","락커 관리","/locker","123","021 빈 락커 기록 이동 배정 고장","div","active","ok","클릭 가능","screenshots/screens/078-facility-locker.png"
"78","시설관리","락커 관리","/locker","124","기록","button","active","ok","클릭 가능","screenshots/screens/078-facility-locker.png"
"78","시설관리","락커 관리","/locker","125","이동","button","active","ok","클릭 가능","screenshots/screens/078-facility-locker.png"
"78","시설관리","락커 관리","/locker","126","배정","button","active","ok","클릭 가능","screenshots/screens/078-facility-locker.png"
"78","시설관리","락커 관리","/locker","127","고장","button","active","ok","클릭 가능","screenshots/screens/078-facility-locker.png"
"78","시설관리","락커 관리","/locker","128","022 빈 락커 기록 이동 배정 고장","div","active","ok","클릭 가능","screenshots/screens/078-facility-locker.png"
"78","시설관리","락커 관리","/locker","129","기록","button","active","ok","클릭 가능","screenshots/screens/078-facility-locker.png"
"78","시설관리","락커 관리","/locker","130","이동","button","active","ok","클릭 가능","screenshots/screens/078-facility-locker.png"
"78","시설관리","락커 관리","/locker","131","배정","button","active","ok","클릭 가능","screenshots/screens/078-facility-locker.png"
"78","시설관리","락커 관리","/locker","132","고장","button","active","ok","클릭 가능","screenshots/screens/078-facility-locker.png"
"78","시설관리","락커 관리","/locker","133","023 빈 락커 기록 이동 배정 고장","div","active","ok","클릭 가능","screenshots/screens/078-facility-locker.png"
"78","시설관리","락커 관리","/locker","134","기록","button","active","ok","클릭 가능","screenshots/screens/078-facility-locker.png"
"78","시설관리","락커 관리","/locker","135","이동","button","active","ok","클릭 가능","screenshots/screens/078-facility-locker.png"
"78","시설관리","락커 관리","/locker","136","배정","button","active","ok","클릭 가능","screenshots/screens/078-facility-locker.png"
"78","시설관리","락커 관리","/locker","137","고장","button","active","ok","클릭 가능","screenshots/screens/078-facility-locker.png"
"78","시설관리","락커 관리","/locker","138","024 빈 락커 기록 이동 배정 고장","div","active","ok","클릭 가능","screenshots/screens/078-facility-locker.png"
"78","시설관리","락커 관리","/locker","139","기록","button","active","ok","클릭 가능","screenshots/screens/078-facility-locker.png"
"78","시설관리","락커 관리","/locker","140","이동","button","active","ok","클릭 가능","screenshots/screens/078-facility-locker.png"
"78","시설관리","락커 관리","/locker","141","배정","button","active","ok","클릭 가능","screenshots/screens/078-facility-locker.png"
"78","시설관리","락커 관리","/locker","142","고장","button","active","ok","클릭 가능","screenshots/screens/078-facility-locker.png"
"78","시설관리","락커 관리","/locker","143","025 빈 락커 기록 이동 배정 고장","div","active","ok","클릭 가능","screenshots/screens/078-facility-locker.png"
"78","시설관리","락커 관리","/locker","144","기록","button","active","ok","클릭 가능","screenshots/screens/078-facility-locker.png"
"78","시설관리","락커 관리","/locker","145","이동","button","active","ok","클릭 가능","screenshots/screens/078-facility-locker.png"
"78","시설관리","락커 관리","/locker","146","배정","button","active","ok","클릭 가능","screenshots/screens/078-facility-locker.png"
"78","시설관리","락커 관리","/locker","147","고장","button","active","ok","클릭 가능","screenshots/screens/078-facility-locker.png"
"78","시설관리","락커 관리","/locker","148","026 빈 락커 기록 이동 배정 고장","div","active","ok","클릭 가능","screenshots/screens/078-facility-locker.png"
"78","시설관리","락커 관리","/locker","149","기록","button","active","ok","클릭 가능","screenshots/screens/078-facility-locker.png"
"78","시설관리","락커 관리","/locker","150","이동","button","active","ok","클릭 가능","screenshots/screens/078-facility-locker.png"
"78","시설관리","락커 관리","/locker","151","배정","button","active","ok","클릭 가능","screenshots/screens/078-facility-locker.png"
"78","시설관리","락커 관리","/locker","152","고장","button","active","ok","클릭 가능","screenshots/screens/078-facility-locker.png"
"78","시설관리","락커 관리","/locker","153","028 빈 락커 기록 이동 배정 고장","div","active","ok","클릭 가능","screenshots/screens/078-facility-locker.png"
"78","시설관리","락커 관리","/locker","154","기록","button","active","ok","클릭 가능","screenshots/screens/078-facility-locker.png"
"78","시설관리","락커 관리","/locker","155","이동","button","active","ok","클릭 가능","screenshots/screens/078-facility-locker.png"
"78","시설관리","락커 관리","/locker","156","배정","button","active","ok","클릭 가능","screenshots/screens/078-facility-locker.png"
"78","시설관리","락커 관리","/locker","157","고장","button","active","ok","클릭 가능","screenshots/screens/078-facility-locker.png"
"78","시설관리","락커 관리","/locker","158","029 빈 락커 기록 이동 배정 고장","div","active","ok","클릭 가능","screenshots/screens/078-facility-locker.png"
"78","시설관리","락커 관리","/locker","159","기록","button","active","ok","클릭 가능","screenshots/screens/078-facility-locker.png"
"78","시설관리","락커 관리","/locker","160","이동","button","active","ok","클릭 가능","screenshots/screens/078-facility-locker.png"
"78","시설관리","락커 관리","/locker","161","배정","button","active","ok","클릭 가능","screenshots/screens/078-facility-locker.png"
"78","시설관리","락커 관리","/locker","162","고장","button","active","ok","클릭 가능","screenshots/screens/078-facility-locker.png"
"78","시설관리","락커 관리","/locker","163","030 빈 락커 기록 이동 배정 고장","div","active","ok","클릭 가능","screenshots/screens/078-facility-locker.png"
"78","시설관리","락커 관리","/locker","164","기록","button","active","ok","클릭 가능","screenshots/screens/078-facility-locker.png"
"78","시설관리","락커 관리","/locker","165","이동","button","active","ok","클릭 가능","screenshots/screens/078-facility-locker.png"
"78","시설관리","락커 관리","/locker","166","배정","button","active","ok","클릭 가능","screenshots/screens/078-facility-locker.png"
"78","시설관리","락커 관리","/locker","167","고장","button","active","ok","클릭 가능","screenshots/screens/078-facility-locker.png"
"78","시설관리","락커 관리","/locker","168","031 빈 락커 기록 이동 배정 고장","div","active","ok","클릭 가능","screenshots/screens/078-facility-locker.png"
"78","시설관리","락커 관리","/locker","169","기록","button","active","ok","클릭 가능","screenshots/screens/078-facility-locker.png"
"78","시설관리","락커 관리","/locker","170","이동","button","active","ok","클릭 가능","screenshots/screens/078-facility-locker.png"
"78","시설관리","락커 관리","/locker","171","배정","button","active","ok","클릭 가능","screenshots/screens/078-facility-locker.png"
"78","시설관리","락커 관리","/locker","172","고장","button","active","ok","클릭 가능","screenshots/screens/078-facility-locker.png"
"78","시설관리","락커 관리","/locker","173","032 빈 락커 기록 이동 배정 고장","div","active","ok","클릭 가능","screenshots/screens/078-facility-locker.png"
"78","시설관리","락커 관리","/locker","174","기록","button","active","ok","클릭 가능","screenshots/screens/078-facility-locker.png"
"78","시설관리","락커 관리","/locker","175","이동","button","active","ok","클릭 가능","screenshots/screens/078-facility-locker.png"
"78","시설관리","락커 관리","/locker","176","배정","button","active","ok","클릭 가능","screenshots/screens/078-facility-locker.png"
"78","시설관리","락커 관리","/locker","177","고장","button","active","ok","클릭 가능","screenshots/screens/078-facility-locker.png"
"78","시설관리","락커 관리","/locker","178","033 빈 락커 기록 이동 배정 고장","div","active","ok","클릭 가능","screenshots/screens/078-facility-locker.png"
"78","시설관리","락커 관리","/locker","179","기록","button","active","ok","클릭 가능","screenshots/screens/078-facility-locker.png"
"78","시설관리","락커 관리","/locker","180","이동","button","active","ok","클릭 가능","screenshots/screens/078-facility-locker.png"
"78","시설관리","락커 관리","/locker","181","배정","button","active","ok","클릭 가능","screenshots/screens/078-facility-locker.png"
"78","시설관리","락커 관리","/locker","182","고장","button","active","ok","클릭 가능","screenshots/screens/078-facility-locker.png"
"78","시설관리","락커 관리","/locker","183","034 빈 락커 기록 이동 배정 고장","div","active","ok","클릭 가능","screenshots/screens/078-facility-locker.png"
"78","시설관리","락커 관리","/locker","184","기록","button","active","ok","클릭 가능","screenshots/screens/078-facility-locker.png"
"78","시설관리","락커 관리","/locker","185","이동","button","active","ok","클릭 가능","screenshots/screens/078-facility-locker.png"
"78","시설관리","락커 관리","/locker","186","배정","button","active","ok","클릭 가능","screenshots/screens/078-facility-locker.png"
"78","시설관리","락커 관리","/locker","187","고장","button","active","ok","클릭 가능","screenshots/screens/078-facility-locker.png"
"78","시설관리","락커 관리","/locker","188","035 빈 락커 기록 이동 배정 고장","div","active","ok","클릭 가능","screenshots/screens/078-facility-locker.png"
"78","시설관리","락커 관리","/locker","189","기록","button","active","ok","클릭 가능","screenshots/screens/078-facility-locker.png"
"78","시설관리","락커 관리","/locker","190","이동","button","active","ok","클릭 가능","screenshots/screens/078-facility-locker.png"
"78","시설관리","락커 관리","/locker","191","배정","button","active","ok","클릭 가능","screenshots/screens/078-facility-locker.png"
"78","시설관리","락커 관리","/locker","192","고장","button","active","ok","클릭 가능","screenshots/screens/078-facility-locker.png"
"78","시설관리","락커 관리","/locker","193","037 빈 락커 기록 이동 배정 고장","div","active","ok","클릭 가능","screenshots/screens/078-facility-locker.png"
"78","시설관리","락커 관리","/locker","194","기록","button","active","ok","클릭 가능","screenshots/screens/078-facility-locker.png"
"78","시설관리","락커 관리","/locker","195","이동","button","active","ok","클릭 가능","screenshots/screens/078-facility-locker.png"
"78","시설관리","락커 관리","/locker","196","배정","button","active","ok","클릭 가능","screenshots/screens/078-facility-locker.png"
"78","시설관리","락커 관리","/locker","197","고장","button","active","ok","클릭 가능","screenshots/screens/078-facility-locker.png"
"78","시설관리","락커 관리","/locker","198","038 빈 락커 기록 이동 배정 고장","div","active","ok","클릭 가능","screenshots/screens/078-facility-locker.png"
"78","시설관리","락커 관리","/locker","199","기록","button","active","ok","클릭 가능","screenshots/screens/078-facility-locker.png"
"78","시설관리","락커 관리","/locker","200","이동","button","active","ok","클릭 가능","screenshots/screens/078-facility-locker.png"
"78","시설관리","락커 관리","/locker","201","배정","button","active","ok","클릭 가능","screenshots/screens/078-facility-locker.png"
"78","시설관리","락커 관리","/locker","202","고장","button","active","ok","클릭 가능","screenshots/screens/078-facility-locker.png"
"78","시설관리","락커 관리","/locker","203","039 빈 락커 기록 이동 배정 고장","div","active","ok","클릭 가능","screenshots/screens/078-facility-locker.png"
"78","시설관리","락커 관리","/locker","204","기록","button","active","ok","클릭 가능","screenshots/screens/078-facility-locker.png"
"78","시설관리","락커 관리","/locker","205","이동","button","active","ok","클릭 가능","screenshots/screens/078-facility-locker.png"
"78","시설관리","락커 관리","/locker","206","배정","button","active","ok","클릭 가능","screenshots/screens/078-facility-locker.png"
"78","시설관리","락커 관리","/locker","207","고장","button","active","ok","클릭 가능","screenshots/screens/078-facility-locker.png"
"78","시설관리","락커 관리","/locker","208","040 빈 락커 기록 이동 배정 고장","div","active","ok","클릭 가능","screenshots/screens/078-facility-locker.png"
"78","시설관리","락커 관리","/locker","209","기록","button","active","ok","클릭 가능","screenshots/screens/078-facility-locker.png"
"78","시설관리","락커 관리","/locker","210","이동","button","active","ok","클릭 가능","screenshots/screens/078-facility-locker.png"
"78","시설관리","락커 관리","/locker","211","배정","button","active","ok","클릭 가능","screenshots/screens/078-facility-locker.png"
"78","시설관리","락커 관리","/locker","212","고장","button","active","ok","클릭 가능","screenshots/screens/078-facility-locker.png"
"78","시설관리","락커 관리","/locker","213","041 빈 락커 기록 이동 배정 고장","div","active","ok","클릭 가능","screenshots/screens/078-facility-locker.png"
"78","시설관리","락커 관리","/locker","214","기록","button","active","ok","클릭 가능","screenshots/screens/078-facility-locker.png"
"78","시설관리","락커 관리","/locker","215","이동","button","active","ok","클릭 가능","screenshots/screens/078-facility-locker.png"
"78","시설관리","락커 관리","/locker","216","배정","button","active","ok","클릭 가능","screenshots/screens/078-facility-locker.png"
"78","시설관리","락커 관리","/locker","217","고장","button","active","ok","클릭 가능","screenshots/screens/078-facility-locker.png"
"78","시설관리","락커 관리","/locker","218","042 빈 락커 기록 이동 배정 고장","div","active","ok","클릭 가능","screenshots/screens/078-facility-locker.png"
"78","시설관리","락커 관리","/locker","219","기록","button","active","ok","클릭 가능","screenshots/screens/078-facility-locker.png"
"78","시설관리","락커 관리","/locker","220","이동","button","active","ok","클릭 가능","screenshots/screens/078-facility-locker.png"
"78","시설관리","락커 관리","/locker","221","배정","button","active","ok","클릭 가능","screenshots/screens/078-facility-locker.png"
"78","시설관리","락커 관리","/locker","222","고장","button","active","ok","클릭 가능","screenshots/screens/078-facility-locker.png"
"78","시설관리","락커 관리","/locker","223","044 빈 락커 기록 이동 배정 고장","div","active","ok","클릭 가능","screenshots/screens/078-facility-locker.png"
"78","시설관리","락커 관리","/locker","224","기록","button","active","ok","클릭 가능","screenshots/screens/078-facility-locker.png"
"78","시설관리","락커 관리","/locker","225","이동","button","active","ok","클릭 가능","screenshots/screens/078-facility-locker.png"
"78","시설관리","락커 관리","/locker","226","배정","button","active","ok","클릭 가능","screenshots/screens/078-facility-locker.png"
"78","시설관리","락커 관리","/locker","227","고장","button","active","ok","클릭 가능","screenshots/screens/078-facility-locker.png"
"78","시설관리","락커 관리","/locker","228","045 빈 락커 기록 이동 배정 고장","div","active","ok","클릭 가능","screenshots/screens/078-facility-locker.png"
"78","시설관리","락커 관리","/locker","229","기록","button","active","ok","클릭 가능","screenshots/screens/078-facility-locker.png"
"78","시설관리","락커 관리","/locker","230","이동","button","active","ok","클릭 가능","screenshots/screens/078-facility-locker.png"
"78","시설관리","락커 관리","/locker","231","배정","button","active","ok","클릭 가능","screenshots/screens/078-facility-locker.png"
"78","시설관리","락커 관리","/locker","232","고장","button","active","ok","클릭 가능","screenshots/screens/078-facility-locker.png"
"78","시설관리","락커 관리","/locker","233","046 빈 락커 기록 이동 배정 고장","div","active","ok","클릭 가능","screenshots/screens/078-facility-locker.png"
"78","시설관리","락커 관리","/locker","234","기록","button","active","ok","클릭 가능","screenshots/screens/078-facility-locker.png"
"78","시설관리","락커 관리","/locker","235","이동","button","active","ok","클릭 가능","screenshots/screens/078-facility-locker.png"
"78","시설관리","락커 관리","/locker","236","배정","button","active","ok","클릭 가능","screenshots/screens/078-facility-locker.png"
"78","시설관리","락커 관리","/locker","237","고장","button","active","ok","클릭 가능","screenshots/screens/078-facility-locker.png"
"78","시설관리","락커 관리","/locker","238","047 빈 락커 기록 이동 배정 고장","div","active","ok","클릭 가능","screenshots/screens/078-facility-locker.png"
"78","시설관리","락커 관리","/locker","239","기록","button","active","ok","클릭 가능","screenshots/screens/078-facility-locker.png"
"78","시설관리","락커 관리","/locker","240","이동","button","active","ok","클릭 가능","screenshots/screens/078-facility-locker.png"
"78","시설관리","락커 관리","/locker","241","배정","button","active","ok","클릭 가능","screenshots/screens/078-facility-locker.png"
"78","시설관리","락커 관리","/locker","242","고장","button","active","ok","클릭 가능","screenshots/screens/078-facility-locker.png"
"78","시설관리","락커 관리","/locker","243","048 고장 기록 이동 회수 복구","div","active","ok","클릭 가능","screenshots/screens/078-facility-locker.png"
"78","시설관리","락커 관리","/locker","244","기록","button","active","ok","클릭 가능","screenshots/screens/078-facility-locker.png"
"78","시설관리","락커 관리","/locker","245","이동","button","active","ok","클릭 가능","screenshots/screens/078-facility-locker.png"
"78","시설관리","락커 관리","/locker","246","회수","button","active","ok","클릭 가능","screenshots/screens/078-facility-locker.png"
"78","시설관리","락커 관리","/locker","247","복구","button","active","ok","클릭 가능","screenshots/screens/078-facility-locker.png"
"78","시설관리","락커 관리","/locker","248","049 고장 기록 이동 회수 복구","div","active","ok","클릭 가능","screenshots/screens/078-facility-locker.png"
"78","시설관리","락커 관리","/locker","249","기록","button","active","ok","클릭 가능","screenshots/screens/078-facility-locker.png"
"78","시설관리","락커 관리","/locker","250","이동","button","active","ok","클릭 가능","screenshots/screens/078-facility-locker.png"
"78","시설관리","락커 관리","/locker","251","회수","button","active","ok","클릭 가능","screenshots/screens/078-facility-locker.png"
"78","시설관리","락커 관리","/locker","252","복구","button","active","ok","클릭 가능","screenshots/screens/078-facility-locker.png"
"78","시설관리","락커 관리","/locker","253","050 빈 락커 기록 이동 배정 고장","div","active","ok","클릭 가능","screenshots/screens/078-facility-locker.png"
"78","시설관리","락커 관리","/locker","254","기록","button","active","ok","클릭 가능","screenshots/screens/078-facility-locker.png"
"78","시설관리","락커 관리","/locker","255","이동","button","active","ok","클릭 가능","screenshots/screens/078-facility-locker.png"
"78","시설관리","락커 관리","/locker","256","배정","button","active","ok","클릭 가능","screenshots/screens/078-facility-locker.png"
"78","시설관리","락커 관리","/locker","257","고장","button","active","ok","클릭 가능","screenshots/screens/078-facility-locker.png"
"79","시설관리","사물함 배정","/locker/management","1","락커 추가","button","active","ok","클릭 가능","screenshots/screens/079-facility-locker-management.png"
"79","시설관리","사물함 배정","/locker/management","2","밴드/카드 관리","button","active","ok","클릭 가능","screenshots/screens/079-facility-locker-management.png"
"79","시설관리","사물함 배정","/locker/management","3","상태 동기화","button","active","ok","클릭 가능","screenshots/screens/079-facility-locker-management.png"
"79","시설관리","사물함 배정","/locker/management","4","엑셀 다운로드","button","active","ok","클릭 가능","screenshots/screens/079-facility-locker-management.png"
"79","시설관리","사물함 배정","/locker/management","5","일일 사물함 50","button","active","ok","클릭 가능","screenshots/screens/079-facility-locker-management.png"
"79","시설관리","사물함 배정","/locker/management","6","개인 사물함 0","button","active","ok","클릭 가능","screenshots/screens/079-facility-locker-management.png"
"79","시설관리","사물함 배정","/locker/management","7","골프 사물함 0","button","active","ok","클릭 가능","screenshots/screens/079-facility-locker-management.png"
"79","시설관리","사물함 배정","/locker/management","8","002번 락커 (최소 번호) 클릭하여 선택","button","active","ok","클릭 가능","screenshots/screens/079-facility-locker-management.png"
"79","시설관리","사물함 배정","/locker/management","9","배정 완료","button","disabled","disabled","비활성 상태","screenshots/screens/079-facility-locker-management.png"
"79","시설관리","사물함 배정","/locker/management","10","002","button","active","ok","클릭 가능","screenshots/screens/079-facility-locker-management.png"
"79","시설관리","사물함 배정","/locker/management","11","013","button","active","ok","클릭 가능","screenshots/screens/079-facility-locker-management.png"
"79","시설관리","사물함 배정","/locker/management","12","014","button","active","ok","클릭 가능","screenshots/screens/079-facility-locker-management.png"
"79","시설관리","사물함 배정","/locker/management","13","015","button","active","ok","클릭 가능","screenshots/screens/079-facility-locker-management.png"
"79","시설관리","사물함 배정","/locker/management","14","016","button","active","ok","클릭 가능","screenshots/screens/079-facility-locker-management.png"
"79","시설관리","사물함 배정","/locker/management","15","017","button","active","ok","클릭 가능","screenshots/screens/079-facility-locker-management.png"
"79","시설관리","사물함 배정","/locker/management","16","018","button","active","ok","클릭 가능","screenshots/screens/079-facility-locker-management.png"
"79","시설관리","사물함 배정","/locker/management","17","019","button","active","ok","클릭 가능","screenshots/screens/079-facility-locker-management.png"
"79","시설관리","사물함 배정","/locker/management","18","020","button","active","ok","클릭 가능","screenshots/screens/079-facility-locker-management.png"
"79","시설관리","사물함 배정","/locker/management","19","021","button","active","ok","클릭 가능","screenshots/screens/079-facility-locker-management.png"
"79","시설관리","사물함 배정","/locker/management","20","022","button","active","ok","클릭 가능","screenshots/screens/079-facility-locker-management.png"
"79","시설관리","사물함 배정","/locker/management","21","023","button","active","ok","클릭 가능","screenshots/screens/079-facility-locker-management.png"
"79","시설관리","사물함 배정","/locker/management","22","024","button","active","ok","클릭 가능","screenshots/screens/079-facility-locker-management.png"
"79","시설관리","사물함 배정","/locker/management","23","025","button","active","ok","클릭 가능","screenshots/screens/079-facility-locker-management.png"
"79","시설관리","사물함 배정","/locker/management","24","026","button","active","ok","클릭 가능","screenshots/screens/079-facility-locker-management.png"
"79","시설관리","사물함 배정","/locker/management","25","028","button","active","ok","클릭 가능","screenshots/screens/079-facility-locker-management.png"
"79","시설관리","사물함 배정","/locker/management","26","029","button","active","ok","클릭 가능","screenshots/screens/079-facility-locker-management.png"
"79","시설관리","사물함 배정","/locker/management","27","030","button","active","ok","클릭 가능","screenshots/screens/079-facility-locker-management.png"
"79","시설관리","사물함 배정","/locker/management","28","031","button","active","ok","클릭 가능","screenshots/screens/079-facility-locker-management.png"
"79","시설관리","사물함 배정","/locker/management","29","032","button","active","ok","클릭 가능","screenshots/screens/079-facility-locker-management.png"
"79","시설관리","사물함 배정","/locker/management","30","033","button","active","ok","클릭 가능","screenshots/screens/079-facility-locker-management.png"
"79","시설관리","사물함 배정","/locker/management","31","034","button","active","ok","클릭 가능","screenshots/screens/079-facility-locker-management.png"
"79","시설관리","사물함 배정","/locker/management","32","035","button","active","ok","클릭 가능","screenshots/screens/079-facility-locker-management.png"
"79","시설관리","사물함 배정","/locker/management","33","037","button","active","ok","클릭 가능","screenshots/screens/079-facility-locker-management.png"
"79","시설관리","사물함 배정","/locker/management","34","038","button","active","ok","클릭 가능","screenshots/screens/079-facility-locker-management.png"
"79","시설관리","사물함 배정","/locker/management","35","039","button","active","ok","클릭 가능","screenshots/screens/079-facility-locker-management.png"
"79","시설관리","사물함 배정","/locker/management","36","040","button","active","ok","클릭 가능","screenshots/screens/079-facility-locker-management.png"
"79","시설관리","사물함 배정","/locker/management","37","041","button","active","ok","클릭 가능","screenshots/screens/079-facility-locker-management.png"
"79","시설관리","사물함 배정","/locker/management","38","042","button","active","ok","클릭 가능","screenshots/screens/079-facility-locker-management.png"
"79","시설관리","사물함 배정","/locker/management","39","044","button","active","ok","클릭 가능","screenshots/screens/079-facility-locker-management.png"
"79","시설관리","사물함 배정","/locker/management","40","045","button","active","ok","클릭 가능","screenshots/screens/079-facility-locker-management.png"
"79","시설관리","사물함 배정","/locker/management","41","046","button","active","ok","클릭 가능","screenshots/screens/079-facility-locker-management.png"
"79","시설관리","사물함 배정","/locker/management","42","047","button","active","ok","클릭 가능","screenshots/screens/079-facility-locker-management.png"
"79","시설관리","사물함 배정","/locker/management","43","050","button","active","ok","클릭 가능","screenshots/screens/079-facility-locker-management.png"
"80","시설관리","소모품 재고 관리","/consumables","1","seed 갱신","button","active","ok","클릭 가능","screenshots/screens/080-facility-consumables.png"
"80","시설관리","소모품 재고 관리","/consumables","2","발주 생성","button","active","ok","클릭 가능","screenshots/screens/080-facility-consumables.png"
"80","시설관리","소모품 재고 관리","/consumables","3","입고","button","active","ok","클릭 가능","screenshots/screens/080-facility-consumables.png"
"80","시설관리","소모품 재고 관리","/consumables","4","출고","button","active","ok","클릭 가능","screenshots/screens/080-facility-consumables.png"
"80","시설관리","소모품 재고 관리","/consumables","5","입고","button","active","ok","클릭 가능","screenshots/screens/080-facility-consumables.png"
"80","시설관리","소모품 재고 관리","/consumables","6","출고","button","active","ok","클릭 가능","screenshots/screens/080-facility-consumables.png"
"80","시설관리","소모품 재고 관리","/consumables","7","입고","button","active","ok","클릭 가능","screenshots/screens/080-facility-consumables.png"
"80","시설관리","소모품 재고 관리","/consumables","8","출고","button","active","ok","클릭 가능","screenshots/screens/080-facility-consumables.png"
"80","시설관리","소모품 재고 관리","/consumables","9","입고","button","active","ok","클릭 가능","screenshots/screens/080-facility-consumables.png"
"80","시설관리","소모품 재고 관리","/consumables","10","출고","button","active","ok","클릭 가능","screenshots/screens/080-facility-consumables.png"
"80","시설관리","소모품 재고 관리","/consumables","11","입고","button","active","ok","클릭 가능","screenshots/screens/080-facility-consumables.png"
"80","시설관리","소모품 재고 관리","/consumables","12","출고","button","active","ok","클릭 가능","screenshots/screens/080-facility-consumables.png"
"80","시설관리","소모품 재고 관리","/consumables","13","입고","button","active","ok","클릭 가능","screenshots/screens/080-facility-consumables.png"
"80","시설관리","소모품 재고 관리","/consumables","14","출고","button","active","ok","클릭 가능","screenshots/screens/080-facility-consumables.png"
"81","시설관리","옷 보관함 운영","/clothing-locker","1","배정","button","active","ok","클릭 가능","screenshots/screens/081-facility-clothing-locker.png"
"81","시설관리","옷 보관함 운영","/clothing-locker","2","보관함현황","button","active","ok","클릭 가능","screenshots/screens/081-facility-clothing-locker.png"
"81","시설관리","옷 보관함 운영","/clothing-locker","3","재고현황","button","active","ok","클릭 가능","screenshots/screens/081-facility-clothing-locker.png"
"82","시설관리","운동룸 관리","/rooms","1","새 운동룸 등록","button","active","ok","클릭 가능","screenshots/screens/082-facility-rooms.png"
"82","시설관리","운동룸 관리","/rooms","2","룸 카드 보기","button","active","ok","클릭 가능","screenshots/screens/082-facility-rooms.png"
"82","시설관리","운동룸 관리","/rooms","3","목록 보기","button","active","ok","클릭 가능","screenshots/screens/082-facility-rooms.png"
"82","시설관리","운동룸 관리","/rooms","4","전체 유형","button","active","ok","클릭 가능","screenshots/screens/082-facility-rooms.png"
"82","시설관리","운동룸 관리","/rooms","5","상태 전환","button","active","ok","클릭 가능","screenshots/screens/082-facility-rooms.png"
"82","시설관리","운동룸 관리","/rooms","6","수정","button","active","ok","클릭 가능","screenshots/screens/082-facility-rooms.png"
"82","시설관리","운동룸 관리","/rooms","7","삭제","button","active","ok","클릭 가능","screenshots/screens/082-facility-rooms.png"
"82","시설관리","운동룸 관리","/rooms","8","상태 전환","button","active","ok","클릭 가능","screenshots/screens/082-facility-rooms.png"
"82","시설관리","운동룸 관리","/rooms","9","수정","button","active","ok","클릭 가능","screenshots/screens/082-facility-rooms.png"
"82","시설관리","운동룸 관리","/rooms","10","삭제","button","active","ok","클릭 가능","screenshots/screens/082-facility-rooms.png"
"82","시설관리","운동룸 관리","/rooms","11","상태 전환","button","active","ok","클릭 가능","screenshots/screens/082-facility-rooms.png"
"82","시설관리","운동룸 관리","/rooms","12","수정","button","active","ok","클릭 가능","screenshots/screens/082-facility-rooms.png"
"82","시설관리","운동룸 관리","/rooms","13","삭제","button","active","ok","클릭 가능","screenshots/screens/082-facility-rooms.png"
"82","시설관리","운동룸 관리","/rooms","14","상태 전환","button","active","ok","클릭 가능","screenshots/screens/082-facility-rooms.png"
"82","시설관리","운동룸 관리","/rooms","15","수정","button","active","ok","클릭 가능","screenshots/screens/082-facility-rooms.png"
"82","시설관리","운동룸 관리","/rooms","16","삭제","button","active","ok","클릭 가능","screenshots/screens/082-facility-rooms.png"
"82","시설관리","운동룸 관리","/rooms","17","상태 전환","button","active","ok","클릭 가능","screenshots/screens/082-facility-rooms.png"
"82","시설관리","운동룸 관리","/rooms","18","수정","button","active","ok","클릭 가능","screenshots/screens/082-facility-rooms.png"
"82","시설관리","운동룸 관리","/rooms","19","삭제","button","active","ok","클릭 가능","screenshots/screens/082-facility-rooms.png"
"83","시설관리","운동복 관리","/clothing","1","QR 스캔","button","active","ok","클릭 가능","screenshots/screens/083-facility-clothing.png"
"83","시설관리","운동복 관리","/clothing","2","엑셀","button","active","ok","클릭 가능","screenshots/screens/083-facility-clothing.png"
"83","시설관리","운동복 관리","/clothing","3","운동복 등록","button","active","ok","클릭 가능","screenshots/screens/083-facility-clothing.png"
"83","시설관리","운동복 관리","/clothing","4","전체 15","button","active","ok","클릭 가능","screenshots/screens/083-facility-clothing.png"
"83","시설관리","운동복 관리","/clothing","5","대기 9","button","active","ok","클릭 가능","screenshots/screens/083-facility-clothing.png"
"83","시설관리","운동복 관리","/clothing","6","대여중 4","button","active","ok","클릭 가능","screenshots/screens/083-facility-clothing.png"
"83","시설관리","운동복 관리","/clothing","7","세탁중 2","button","active","ok","클릭 가능","screenshots/screens/083-facility-clothing.png"
"83","시설관리","운동복 관리","/clothing","8","파손 0","button","active","ok","클릭 가능","screenshots/screens/083-facility-clothing.png"
"83","시설관리","운동복 관리","/clothing","9","세탁","button","active","ok","클릭 가능","screenshots/screens/083-facility-clothing.png"
"83","시설관리","운동복 관리","/clothing","10","파손","button","active","ok","클릭 가능","screenshots/screens/083-facility-clothing.png"
"83","시설관리","운동복 관리","/clothing","11","세탁","button","active","ok","클릭 가능","screenshots/screens/083-facility-clothing.png"
"83","시설관리","운동복 관리","/clothing","12","파손","button","active","ok","클릭 가능","screenshots/screens/083-facility-clothing.png"
"83","시설관리","운동복 관리","/clothing","13","반납","button","active","ok","클릭 가능","screenshots/screens/083-facility-clothing.png"
"83","시설관리","운동복 관리","/clothing","14","파손","button","active","ok","클릭 가능","screenshots/screens/083-facility-clothing.png"
"83","시설관리","운동복 관리","/clothing","15","세탁","button","active","ok","클릭 가능","screenshots/screens/083-facility-clothing.png"
"83","시설관리","운동복 관리","/clothing","16","파손","button","active","ok","클릭 가능","screenshots/screens/083-facility-clothing.png"
"83","시설관리","운동복 관리","/clothing","17","세탁완료","button","active","ok","클릭 가능","screenshots/screens/083-facility-clothing.png"
"83","시설관리","운동복 관리","/clothing","18","파손","button","active","ok","클릭 가능","screenshots/screens/083-facility-clothing.png"
"83","시설관리","운동복 관리","/clothing","19","세탁","button","active","ok","클릭 가능","screenshots/screens/083-facility-clothing.png"
"83","시설관리","운동복 관리","/clothing","20","파손","button","active","ok","클릭 가능","screenshots/screens/083-facility-clothing.png"
"83","시설관리","운동복 관리","/clothing","21","반납","button","active","ok","클릭 가능","screenshots/screens/083-facility-clothing.png"
"83","시설관리","운동복 관리","/clothing","22","파손","button","active","ok","클릭 가능","screenshots/screens/083-facility-clothing.png"
"83","시설관리","운동복 관리","/clothing","23","세탁","button","active","ok","클릭 가능","screenshots/screens/083-facility-clothing.png"
"83","시설관리","운동복 관리","/clothing","24","파손","button","active","ok","클릭 가능","screenshots/screens/083-facility-clothing.png"
"83","시설관리","운동복 관리","/clothing","25","세탁","button","active","ok","클릭 가능","screenshots/screens/083-facility-clothing.png"
"83","시설관리","운동복 관리","/clothing","26","파손","button","active","ok","클릭 가능","screenshots/screens/083-facility-clothing.png"
"83","시설관리","운동복 관리","/clothing","27","반납","button","active","ok","클릭 가능","screenshots/screens/083-facility-clothing.png"
"83","시설관리","운동복 관리","/clothing","28","파손","button","active","ok","클릭 가능","screenshots/screens/083-facility-clothing.png"
"83","시설관리","운동복 관리","/clothing","29","세탁완료","button","active","ok","클릭 가능","screenshots/screens/083-facility-clothing.png"
"83","시설관리","운동복 관리","/clothing","30","파손","button","active","ok","클릭 가능","screenshots/screens/083-facility-clothing.png"
"83","시설관리","운동복 관리","/clothing","31","세탁","button","active","ok","클릭 가능","screenshots/screens/083-facility-clothing.png"
"83","시설관리","운동복 관리","/clothing","32","파손","button","active","ok","클릭 가능","screenshots/screens/083-facility-clothing.png"
"83","시설관리","운동복 관리","/clothing","33","세탁","button","active","ok","클릭 가능","screenshots/screens/083-facility-clothing.png"
"83","시설관리","운동복 관리","/clothing","34","파손","button","active","ok","클릭 가능","screenshots/screens/083-facility-clothing.png"
"83","시설관리","운동복 관리","/clothing","35","세탁","button","active","ok","클릭 가능","screenshots/screens/083-facility-clothing.png"
"83","시설관리","운동복 관리","/clothing","36","파손","button","active","ok","클릭 가능","screenshots/screens/083-facility-clothing.png"
"83","시설관리","운동복 관리","/clothing","37","반납","button","active","ok","클릭 가능","screenshots/screens/083-facility-clothing.png"
"83","시설관리","운동복 관리","/clothing","38","파손","button","active","ok","클릭 가능","screenshots/screens/083-facility-clothing.png"
"84","시설관리","장비 점검 일정","/equipment-check","1","seed 갱신","button","active","ok","클릭 가능","screenshots/screens/084-facility-equipment-check.png"
"84","시설관리","장비 점검 일정","/equipment-check","2","점검 등록","button","active","ok","클릭 가능","screenshots/screens/084-facility-equipment-check.png"
"84","시설관리","장비 점검 일정","/equipment-check","3","전체 6개","button","active","ok","클릭 가능","screenshots/screens/084-facility-equipment-check.png"
"84","시설관리","장비 점검 일정","/equipment-check","4","정상 4개","button","active","ok","클릭 가능","screenshots/screens/084-facility-equipment-check.png"
"84","시설관리","장비 점검 일정","/equipment-check","5","점검필요 1개","button","active","ok","클릭 가능","screenshots/screens/084-facility-equipment-check.png"
"84","시설관리","장비 점검 일정","/equipment-check","6","수리중 1개","button","active","ok","클릭 가능","screenshots/screens/084-facility-equipment-check.png"
"85","시설관리","청소 스케줄","/cleaning-schedule","1","seed 갱신","button","active","ok","클릭 가능","screenshots/screens/085-facility-cleaning-schedule.png"
"85","시설관리","청소 스케줄","/cleaning-schedule","2","스케줄 등록","button","active","ok","클릭 가능","screenshots/screens/085-facility-cleaning-schedule.png"
"85","시설관리","청소 스케줄","/cleaning-schedule","3","스케줄","button","active","ok","클릭 가능","screenshots/screens/085-facility-cleaning-schedule.png"
"85","시설관리","청소 스케줄","/cleaning-schedule","4","오늘점검","button","active","ok","클릭 가능","screenshots/screens/085-facility-cleaning-schedule.png"
"86","시설관리","RFID 관리","/rfid","1","신규 등록","button","active","ok","클릭 가능","screenshots/screens/086-facility-rfid.png"
"86","시설관리","RFID 관리","/rfid","2","초기화","button","active","ok","클릭 가능","screenshots/screens/086-facility-rfid.png"
"86","시설관리","RFID 관리","/rfid","3","Excel","button","active","ok","클릭 가능","screenshots/screens/086-facility-rfid.png"
"86","시설관리","RFID 관리","/rfid","4","카드번호","th","active","ok","클릭 가능","screenshots/screens/086-facility-rfid.png"
"86","시설관리","RFID 관리","/rfid","5","홍길동","button","active","ok","클릭 가능","screenshots/screens/086-facility-rfid.png"
"86","시설관리","RFID 관리","/rfid","6","이력 보기","button","active","ok","클릭 가능","screenshots/screens/086-facility-rfid.png"
"86","시설관리","RFID 관리","/rfid","7","분실 처리","button","active","ok","클릭 가능","screenshots/screens/086-facility-rfid.png"
"86","시설관리","RFID 관리","/rfid","8","수정","button","active","ok","클릭 가능","screenshots/screens/086-facility-rfid.png"
"86","시설관리","RFID 관리","/rfid","9","삭제","button","active","ok","클릭 가능","screenshots/screens/086-facility-rfid.png"
"86","시설관리","RFID 관리","/rfid","10","김민수","button","active","ok","클릭 가능","screenshots/screens/086-facility-rfid.png"
"86","시설관리","RFID 관리","/rfid","11","이력 보기","button","active","ok","클릭 가능","screenshots/screens/086-facility-rfid.png"
"86","시설관리","RFID 관리","/rfid","12","분실 처리","button","active","ok","클릭 가능","screenshots/screens/086-facility-rfid.png"
"86","시설관리","RFID 관리","/rfid","13","수정","button","active","ok","클릭 가능","screenshots/screens/086-facility-rfid.png"
"86","시설관리","RFID 관리","/rfid","14","삭제","button","active","ok","클릭 가능","screenshots/screens/086-facility-rfid.png"
"86","시설관리","RFID 관리","/rfid","15","이력 보기","button","active","ok","클릭 가능","screenshots/screens/086-facility-rfid.png"
"86","시설관리","RFID 관리","/rfid","16","분실 처리","button","active","ok","클릭 가능","screenshots/screens/086-facility-rfid.png"
"86","시설관리","RFID 관리","/rfid","17","수정","button","active","ok","클릭 가능","screenshots/screens/086-facility-rfid.png"
"86","시설관리","RFID 관리","/rfid","18","삭제","button","active","ok","클릭 가능","screenshots/screens/086-facility-rfid.png"
"86","시설관리","RFID 관리","/rfid","19","이영희","button","active","ok","클릭 가능","screenshots/screens/086-facility-rfid.png"
"86","시설관리","RFID 관리","/rfid","20","이력 보기","button","active","ok","클릭 가능","screenshots/screens/086-facility-rfid.png"
"86","시설관리","RFID 관리","/rfid","21","분실 처리","button","active","ok","클릭 가능","screenshots/screens/086-facility-rfid.png"
"86","시설관리","RFID 관리","/rfid","22","수정","button","active","ok","클릭 가능","screenshots/screens/086-facility-rfid.png"
"86","시설관리","RFID 관리","/rfid","23","삭제","button","active","ok","클릭 가능","screenshots/screens/086-facility-rfid.png"
"86","시설관리","RFID 관리","/rfid","24","이력 보기","button","active","ok","클릭 가능","screenshots/screens/086-facility-rfid.png"
"86","시설관리","RFID 관리","/rfid","25","분실 처리","button","active","ok","클릭 가능","screenshots/screens/086-facility-rfid.png"
"86","시설관리","RFID 관리","/rfid","26","수정","button","active","ok","클릭 가능","screenshots/screens/086-facility-rfid.png"
"86","시설관리","RFID 관리","/rfid","27","삭제","button","active","ok","클릭 가능","screenshots/screens/086-facility-rfid.png"
"86","시설관리","RFID 관리","/rfid","28","박지성","button","active","ok","클릭 가능","screenshots/screens/086-facility-rfid.png"
"86","시설관리","RFID 관리","/rfid","29","이력 보기","button","active","ok","클릭 가능","screenshots/screens/086-facility-rfid.png"
"86","시설관리","RFID 관리","/rfid","30","분실 처리","button","disabled","disabled","비활성 상태","screenshots/screens/086-facility-rfid.png"
"86","시설관리","RFID 관리","/rfid","31","수정","button","active","ok","클릭 가능","screenshots/screens/086-facility-rfid.png"
"86","시설관리","RFID 관리","/rfid","32","삭제","button","active","ok","클릭 가능","screenshots/screens/086-facility-rfid.png"
"86","시설관리","RFID 관리","/rfid","33","최유나","button","active","ok","클릭 가능","screenshots/screens/086-facility-rfid.png"
"86","시설관리","RFID 관리","/rfid","34","이력 보기","button","active","ok","클릭 가능","screenshots/screens/086-facility-rfid.png"
"86","시설관리","RFID 관리","/rfid","35","분실 처리","button","active","ok","클릭 가능","screenshots/screens/086-facility-rfid.png"
"86","시설관리","RFID 관리","/rfid","36","수정","button","active","ok","클릭 가능","screenshots/screens/086-facility-rfid.png"
"86","시설관리","RFID 관리","/rfid","37","삭제","button","active","ok","클릭 가능","screenshots/screens/086-facility-rfid.png"
"86","시설관리","RFID 관리","/rfid","38","정재욱","button","active","ok","클릭 가능","screenshots/screens/086-facility-rfid.png"
"86","시설관리","RFID 관리","/rfid","39","이력 보기","button","active","ok","클릭 가능","screenshots/screens/086-facility-rfid.png"
"86","시설관리","RFID 관리","/rfid","40","분실 처리","button","active","ok","클릭 가능","screenshots/screens/086-facility-rfid.png"
"86","시설관리","RFID 관리","/rfid","41","수정","button","active","ok","클릭 가능","screenshots/screens/086-facility-rfid.png"
"86","시설관리","RFID 관리","/rfid","42","삭제","button","active","ok","클릭 가능","screenshots/screens/086-facility-rfid.png"
"86","시설관리","RFID 관리","/rfid","43","button#43","button","disabled","disabled","비활성 상태","screenshots/screens/086-facility-rfid.png"
"86","시설관리","RFID 관리","/rfid","44","1","button","active","ok","클릭 가능","screenshots/screens/086-facility-rfid.png"
"86","시설관리","RFID 관리","/rfid","45","button#45","button","disabled","disabled","비활성 상태","screenshots/screens/086-facility-rfid.png"
"87","설정관리","권한 설정","/settings/permissions","1","초기화","button","active","ok","클릭 가능","screenshots/screens/087-setting-settings-permissions.png"
"87","설정관리","권한 설정","/settings/permissions","2","변경 사항 저장","button","disabled","disabled","비활성 상태","screenshots/screens/087-setting-settings-permissions.png"
"87","설정관리","권한 설정","/settings/permissions","3","button#3","button","active","ok","클릭 가능","screenshots/screens/087-setting-settings-permissions.png"
"87","설정관리","권한 설정","/settings/permissions","4","최고관리자 0명 모든 권한 (수정 불가)","button","active","ok","클릭 가능","screenshots/screens/087-setting-settings-permissions.png"
"87","설정관리","권한 설정","/settings/permissions","5","센터장 0명 경영/매출 전체 접근","button","active","ok","클릭 가능","screenshots/screens/087-setting-settings-permissions.png"
"87","설정관리","권한 설정","/settings/permissions","6","매니저 0명 회원·상품·일정 관리","button","active","ok","클릭 가능","screenshots/screens/087-setting-settings-permissions.png"
"87","설정관리","권한 설정","/settings/permissions","7","피트니스 코치 0명 담당 회원·수업 접근","button","active","ok","클릭 가능","screenshots/screens/087-setting-settings-permissions.png"
"87","설정관리","권한 설정","/settings/permissions","8","스태프 0명 출석 체크·기본 조회","button","active","ok","클릭 가능","screenshots/screens/087-setting-settings-permissions.png"
"87","설정관리","권한 설정","/settings/permissions","9","조회전용 0명 읽기 전용 전체","button","active","ok","클릭 가능","screenshots/screens/087-setting-settings-permissions.png"
"87","설정관리","권한 설정","/settings/permissions","10","전체 허용","button","active","ok","클릭 가능","screenshots/screens/087-setting-settings-permissions.png"
"87","설정관리","권한 설정","/settings/permissions","11","전체 차단","button","active","ok","클릭 가능","screenshots/screens/087-setting-settings-permissions.png"
"87","설정관리","권한 설정","/settings/permissions","12","역할 복사","button","active","ok","클릭 가능","screenshots/screens/087-setting-settings-permissions.png"
"87","설정관리","권한 설정","/settings/permissions","13","button#13","button","active","ok","클릭 가능","screenshots/screens/087-setting-settings-permissions.png"
"87","설정관리","권한 설정","/settings/permissions","14","button#14","button","active","ok","클릭 가능","screenshots/screens/087-setting-settings-permissions.png"
"87","설정관리","권한 설정","/settings/permissions","15","button#15","button","active","ok","클릭 가능","screenshots/screens/087-setting-settings-permissions.png"
"87","설정관리","권한 설정","/settings/permissions","16","button#16","button","active","ok","클릭 가능","screenshots/screens/087-setting-settings-permissions.png"
"87","설정관리","권한 설정","/settings/permissions","17","button#17","button","active","ok","클릭 가능","screenshots/screens/087-setting-settings-permissions.png"
"87","설정관리","권한 설정","/settings/permissions","18","button#18","button","active","ok","클릭 가능","screenshots/screens/087-setting-settings-permissions.png"
"87","설정관리","권한 설정","/settings/permissions","19","button#19","button","active","ok","클릭 가능","screenshots/screens/087-setting-settings-permissions.png"
"87","설정관리","권한 설정","/settings/permissions","20","button#20","button","active","ok","클릭 가능","screenshots/screens/087-setting-settings-permissions.png"
"87","설정관리","권한 설정","/settings/permissions","21","button#21","button","active","ok","클릭 가능","screenshots/screens/087-setting-settings-permissions.png"
"87","설정관리","권한 설정","/settings/permissions","22","button#22","button","active","ok","클릭 가능","screenshots/screens/087-setting-settings-permissions.png"
"87","설정관리","권한 설정","/settings/permissions","23","button#23","button","active","ok","클릭 가능","screenshots/screens/087-setting-settings-permissions.png"
"87","설정관리","권한 설정","/settings/permissions","24","button#24","button","active","ok","클릭 가능","screenshots/screens/087-setting-settings-permissions.png"
"87","설정관리","권한 설정","/settings/permissions","25","button#25","button","active","ok","클릭 가능","screenshots/screens/087-setting-settings-permissions.png"
"87","설정관리","권한 설정","/settings/permissions","26","button#26","button","active","ok","클릭 가능","screenshots/screens/087-setting-settings-permissions.png"
"87","설정관리","권한 설정","/settings/permissions","27","button#27","button","active","ok","클릭 가능","screenshots/screens/087-setting-settings-permissions.png"
"87","설정관리","권한 설정","/settings/permissions","28","button#28","button","active","ok","클릭 가능","screenshots/screens/087-setting-settings-permissions.png"
"87","설정관리","권한 설정","/settings/permissions","29","button#29","button","active","ok","클릭 가능","screenshots/screens/087-setting-settings-permissions.png"
"87","설정관리","권한 설정","/settings/permissions","30","button#30","button","active","ok","클릭 가능","screenshots/screens/087-setting-settings-permissions.png"
"87","설정관리","권한 설정","/settings/permissions","31","button#31","button","active","ok","클릭 가능","screenshots/screens/087-setting-settings-permissions.png"
"87","설정관리","권한 설정","/settings/permissions","32","button#32","button","active","ok","클릭 가능","screenshots/screens/087-setting-settings-permissions.png"
"87","설정관리","권한 설정","/settings/permissions","33","button#33","button","active","ok","클릭 가능","screenshots/screens/087-setting-settings-permissions.png"
"87","설정관리","권한 설정","/settings/permissions","34","button#34","button","active","ok","클릭 가능","screenshots/screens/087-setting-settings-permissions.png"
"87","설정관리","권한 설정","/settings/permissions","35","button#35","button","active","ok","클릭 가능","screenshots/screens/087-setting-settings-permissions.png"
"87","설정관리","권한 설정","/settings/permissions","36","button#36","button","active","ok","클릭 가능","screenshots/screens/087-setting-settings-permissions.png"
"87","설정관리","권한 설정","/settings/permissions","37","button#37","button","active","ok","클릭 가능","screenshots/screens/087-setting-settings-permissions.png"
"87","설정관리","권한 설정","/settings/permissions","38","button#38","button","active","ok","클릭 가능","screenshots/screens/087-setting-settings-permissions.png"
"87","설정관리","권한 설정","/settings/permissions","39","button#39","button","active","ok","클릭 가능","screenshots/screens/087-setting-settings-permissions.png"
"87","설정관리","권한 설정","/settings/permissions","40","button#40","button","active","ok","클릭 가능","screenshots/screens/087-setting-settings-permissions.png"
"87","설정관리","권한 설정","/settings/permissions","41","button#41","button","active","ok","클릭 가능","screenshots/screens/087-setting-settings-permissions.png"
"87","설정관리","권한 설정","/settings/permissions","42","button#42","button","active","ok","클릭 가능","screenshots/screens/087-setting-settings-permissions.png"
"87","설정관리","권한 설정","/settings/permissions","43","button#43","button","active","ok","클릭 가능","screenshots/screens/087-setting-settings-permissions.png"
"87","설정관리","권한 설정","/settings/permissions","44","button#44","button","active","ok","클릭 가능","screenshots/screens/087-setting-settings-permissions.png"
"87","설정관리","권한 설정","/settings/permissions","45","button#45","button","active","ok","클릭 가능","screenshots/screens/087-setting-settings-permissions.png"
"87","설정관리","권한 설정","/settings/permissions","46","button#46","button","active","ok","클릭 가능","screenshots/screens/087-setting-settings-permissions.png"
"87","설정관리","권한 설정","/settings/permissions","47","button#47","button","active","ok","클릭 가능","screenshots/screens/087-setting-settings-permissions.png"
"87","설정관리","권한 설정","/settings/permissions","48","button#48","button","active","ok","클릭 가능","screenshots/screens/087-setting-settings-permissions.png"
"87","설정관리","권한 설정","/settings/permissions","49","button#49","button","active","ok","클릭 가능","screenshots/screens/087-setting-settings-permissions.png"
"87","설정관리","권한 설정","/settings/permissions","50","button#50","button","active","ok","클릭 가능","screenshots/screens/087-setting-settings-permissions.png"
"87","설정관리","권한 설정","/settings/permissions","51","button#51","button","active","ok","클릭 가능","screenshots/screens/087-setting-settings-permissions.png"
"87","설정관리","권한 설정","/settings/permissions","52","button#52","button","active","ok","클릭 가능","screenshots/screens/087-setting-settings-permissions.png"
"87","설정관리","권한 설정","/settings/permissions","53","button#53","button","active","ok","클릭 가능","screenshots/screens/087-setting-settings-permissions.png"
"87","설정관리","권한 설정","/settings/permissions","54","button#54","button","active","ok","클릭 가능","screenshots/screens/087-setting-settings-permissions.png"
"87","설정관리","권한 설정","/settings/permissions","55","button#55","button","active","ok","클릭 가능","screenshots/screens/087-setting-settings-permissions.png"
"87","설정관리","권한 설정","/settings/permissions","56","button#56","button","active","ok","클릭 가능","screenshots/screens/087-setting-settings-permissions.png"
"87","설정관리","권한 설정","/settings/permissions","57","button#57","button","active","ok","클릭 가능","screenshots/screens/087-setting-settings-permissions.png"
"87","설정관리","권한 설정","/settings/permissions","58","button#58","button","active","ok","클릭 가능","screenshots/screens/087-setting-settings-permissions.png"
"87","설정관리","권한 설정","/settings/permissions","59","button#59","button","active","ok","클릭 가능","screenshots/screens/087-setting-settings-permissions.png"
"87","설정관리","권한 설정","/settings/permissions","60","button#60","button","active","ok","클릭 가능","screenshots/screens/087-setting-settings-permissions.png"
"87","설정관리","권한 설정","/settings/permissions","61","button#61","button","active","ok","클릭 가능","screenshots/screens/087-setting-settings-permissions.png"
"87","설정관리","권한 설정","/settings/permissions","62","button#62","button","active","ok","클릭 가능","screenshots/screens/087-setting-settings-permissions.png"
"87","설정관리","권한 설정","/settings/permissions","63","button#63","button","active","ok","클릭 가능","screenshots/screens/087-setting-settings-permissions.png"
"87","설정관리","권한 설정","/settings/permissions","64","button#64","button","active","ok","클릭 가능","screenshots/screens/087-setting-settings-permissions.png"
"87","설정관리","권한 설정","/settings/permissions","65","button#65","button","active","ok","클릭 가능","screenshots/screens/087-setting-settings-permissions.png"
"87","설정관리","권한 설정","/settings/permissions","66","button#66","button","active","ok","클릭 가능","screenshots/screens/087-setting-settings-permissions.png"
"87","설정관리","권한 설정","/settings/permissions","67","button#67","button","active","ok","클릭 가능","screenshots/screens/087-setting-settings-permissions.png"
"87","설정관리","권한 설정","/settings/permissions","68","button#68","button","active","ok","클릭 가능","screenshots/screens/087-setting-settings-permissions.png"
"87","설정관리","권한 설정","/settings/permissions","69","button#69","button","active","ok","클릭 가능","screenshots/screens/087-setting-settings-permissions.png"
"87","설정관리","권한 설정","/settings/permissions","70","button#70","button","active","ok","클릭 가능","screenshots/screens/087-setting-settings-permissions.png"
"87","설정관리","권한 설정","/settings/permissions","71","button#71","button","active","ok","클릭 가능","screenshots/screens/087-setting-settings-permissions.png"
"87","설정관리","권한 설정","/settings/permissions","72","button#72","button","active","ok","클릭 가능","screenshots/screens/087-setting-settings-permissions.png"
"87","설정관리","권한 설정","/settings/permissions","73","button#73","button","active","ok","클릭 가능","screenshots/screens/087-setting-settings-permissions.png"
"87","설정관리","권한 설정","/settings/permissions","74","button#74","button","active","ok","클릭 가능","screenshots/screens/087-setting-settings-permissions.png"
"87","설정관리","권한 설정","/settings/permissions","75","button#75","button","active","ok","클릭 가능","screenshots/screens/087-setting-settings-permissions.png"
"87","설정관리","권한 설정","/settings/permissions","76","button#76","button","active","ok","클릭 가능","screenshots/screens/087-setting-settings-permissions.png"
"87","설정관리","권한 설정","/settings/permissions","77","button#77","button","active","ok","클릭 가능","screenshots/screens/087-setting-settings-permissions.png"
"87","설정관리","권한 설정","/settings/permissions","78","button#78","button","active","ok","클릭 가능","screenshots/screens/087-setting-settings-permissions.png"
"87","설정관리","권한 설정","/settings/permissions","79","button#79","button","active","ok","클릭 가능","screenshots/screens/087-setting-settings-permissions.png"
"87","설정관리","권한 설정","/settings/permissions","80","button#80","button","active","ok","클릭 가능","screenshots/screens/087-setting-settings-permissions.png"
"87","설정관리","권한 설정","/settings/permissions","81","button#81","button","active","ok","클릭 가능","screenshots/screens/087-setting-settings-permissions.png"
"87","설정관리","권한 설정","/settings/permissions","82","button#82","button","active","ok","클릭 가능","screenshots/screens/087-setting-settings-permissions.png"
"87","설정관리","권한 설정","/settings/permissions","83","button#83","button","active","ok","클릭 가능","screenshots/screens/087-setting-settings-permissions.png"
"87","설정관리","권한 설정","/settings/permissions","84","button#84","button","active","ok","클릭 가능","screenshots/screens/087-setting-settings-permissions.png"
"87","설정관리","권한 설정","/settings/permissions","85","button#85","button","active","ok","클릭 가능","screenshots/screens/087-setting-settings-permissions.png"
"87","설정관리","권한 설정","/settings/permissions","86","button#86","button","active","ok","클릭 가능","screenshots/screens/087-setting-settings-permissions.png"
"87","설정관리","권한 설정","/settings/permissions","87","button#87","button","active","ok","클릭 가능","screenshots/screens/087-setting-settings-permissions.png"
"87","설정관리","권한 설정","/settings/permissions","88","button#88","button","active","ok","클릭 가능","screenshots/screens/087-setting-settings-permissions.png"
"87","설정관리","권한 설정","/settings/permissions","89","button#89","button","active","ok","클릭 가능","screenshots/screens/087-setting-settings-permissions.png"
"87","설정관리","권한 설정","/settings/permissions","90","button#90","button","active","ok","클릭 가능","screenshots/screens/087-setting-settings-permissions.png"
"87","설정관리","권한 설정","/settings/permissions","91","button#91","button","active","ok","클릭 가능","screenshots/screens/087-setting-settings-permissions.png"
"87","설정관리","권한 설정","/settings/permissions","92","button#92","button","active","ok","클릭 가능","screenshots/screens/087-setting-settings-permissions.png"
"87","설정관리","권한 설정","/settings/permissions","93","button#93","button","active","ok","클릭 가능","screenshots/screens/087-setting-settings-permissions.png"
"87","설정관리","권한 설정","/settings/permissions","94","button#94","button","active","ok","클릭 가능","screenshots/screens/087-setting-settings-permissions.png"
"87","설정관리","권한 설정","/settings/permissions","95","button#95","button","active","ok","클릭 가능","screenshots/screens/087-setting-settings-permissions.png"
"87","설정관리","권한 설정","/settings/permissions","96","button#96","button","active","ok","클릭 가능","screenshots/screens/087-setting-settings-permissions.png"
"87","설정관리","권한 설정","/settings/permissions","97","button#97","button","active","ok","클릭 가능","screenshots/screens/087-setting-settings-permissions.png"
"87","설정관리","권한 설정","/settings/permissions","98","button#98","button","active","ok","클릭 가능","screenshots/screens/087-setting-settings-permissions.png"
"87","설정관리","권한 설정","/settings/permissions","99","button#99","button","active","ok","클릭 가능","screenshots/screens/087-setting-settings-permissions.png"
"87","설정관리","권한 설정","/settings/permissions","100","button#100","button","active","ok","클릭 가능","screenshots/screens/087-setting-settings-permissions.png"
"87","설정관리","권한 설정","/settings/permissions","101","button#101","button","active","ok","클릭 가능","screenshots/screens/087-setting-settings-permissions.png"
"87","설정관리","권한 설정","/settings/permissions","102","button#102","button","active","ok","클릭 가능","screenshots/screens/087-setting-settings-permissions.png"
"87","설정관리","권한 설정","/settings/permissions","103","button#103","button","active","ok","클릭 가능","screenshots/screens/087-setting-settings-permissions.png"
"87","설정관리","권한 설정","/settings/permissions","104","button#104","button","active","ok","클릭 가능","screenshots/screens/087-setting-settings-permissions.png"
"88","설정관리","다국어 설정","/settings/language","1","저장","button","active","ok","클릭 가능","screenshots/screens/088-setting-settings-language.png"
"88","설정관리","다국어 설정","/settings/language","2","🇰🇷 한국어 기본값","button","active","ok","클릭 가능","screenshots/screens/088-setting-settings-language.png"
"88","설정관리","다국어 설정","/settings/language","3","🇺🇸 English","button","active","ok","클릭 가능","screenshots/screens/088-setting-settings-language.png"
"88","설정관리","다국어 설정","/settings/language","4","🇨🇳 中文 (简体)","button","active","ok","클릭 가능","screenshots/screens/088-setting-settings-language.png"
"88","설정관리","다국어 설정","/settings/language","5","🇯🇵 日本語","button","active","ok","클릭 가능","screenshots/screens/088-setting-settings-language.png"
"88","설정관리","다국어 설정","/settings/language","6","🇻🇳 Tiếng Việt","button","active","ok","클릭 가능","screenshots/screens/088-setting-settings-language.png"
"88","설정관리","다국어 설정","/settings/language","7","YYYY-MM-DD","button","active","ok","클릭 가능","screenshots/screens/088-setting-settings-language.png"
"88","설정관리","다국어 설정","/settings/language","8","MM/DD/YYYY","button","active","ok","클릭 가능","screenshots/screens/088-setting-settings-language.png"
"88","설정관리","다국어 설정","/settings/language","9","DD/MM/YYYY","button","active","ok","클릭 가능","screenshots/screens/088-setting-settings-language.png"
"89","설정관리","센터 설정","/settings","1","설정 저장","button","disabled","disabled","비활성 상태","screenshots/screens/089-setting-settings.png"
"89","설정관리","센터 설정","/settings","2","기본정보","button","active","ok","클릭 가능","screenshots/screens/089-setting-settings.png"
"89","설정관리","센터 설정","/settings","3","알림설정","button","active","ok","클릭 가능","screenshots/screens/089-setting-settings.png"
"89","설정관리","센터 설정","/settings","4","테마설정","button","active","ok","클릭 가능","screenshots/screens/089-setting-settings.png"
"89","설정관리","센터 설정","/settings","5","물품 관리","button","active","ok","클릭 가능","screenshots/screens/089-setting-settings.png"
"89","설정관리","센터 설정","/settings","6","button#6","button","active","ok","클릭 가능","screenshots/screens/089-setting-settings.png"
"89","설정관리","센터 설정","/settings","7","주소검색","button","active","ok","클릭 가능","screenshots/screens/089-setting-settings.png"
"90","설정관리","출석 관리 설정","/settings/attendance","1","저장","button","active","ok","클릭 가능","screenshots/screens/090-setting-settings-attendance.png"
"90","설정관리","출석 관리 설정","/settings/attendance","2","button#2","button","active","ok","클릭 가능","screenshots/screens/090-setting-settings-attendance.png"
"90","설정관리","출석 관리 설정","/settings/attendance","3","button#3","button","active","ok","클릭 가능","screenshots/screens/090-setting-settings-attendance.png"
"90","설정관리","출석 관리 설정","/settings/attendance","4","button#4","button","active","ok","클릭 가능","screenshots/screens/090-setting-settings-attendance.png"
"90","설정관리","출석 관리 설정","/settings/attendance","5","button#5","button","active","ok","클릭 가능","screenshots/screens/090-setting-settings-attendance.png"
"90","설정관리","출석 관리 설정","/settings/attendance","6","button#6","button","active","ok","클릭 가능","screenshots/screens/090-setting-settings-attendance.png"
"90","설정관리","출석 관리 설정","/settings/attendance","7","button#7","button","active","ok","클릭 가능","screenshots/screens/090-setting-settings-attendance.png"
"91","설정관리","키오스크 설정","/settings/kiosk","1","설정 저장","button","active","ok","클릭 가능","screenshots/screens/091-setting-settings-kiosk.png"
"91","설정관리","키오스크 설정","/settings/kiosk","2","기본 설정","button","active","ok","클릭 가능","screenshots/screens/091-setting-settings-kiosk.png"
"91","설정관리","키오스크 설정","/settings/kiosk","3","화면 설정","button","active","ok","클릭 가능","screenshots/screens/091-setting-settings-kiosk.png"
"91","설정관리","키오스크 설정","/settings/kiosk","4","TTS 설정","button","active","ok","클릭 가능","screenshots/screens/091-setting-settings-kiosk.png"
"91","설정관리","키오스크 설정","/settings/kiosk","5","출입 규칙","button","active","ok","클릭 가능","screenshots/screens/091-setting-settings-kiosk.png"
"91","설정관리","키오스크 설정","/settings/kiosk","6","락커 후처리","button","active","ok","클릭 가능","screenshots/screens/091-setting-settings-kiosk.png"
"91","설정관리","키오스크 설정","/settings/kiosk","7","button#7","button","active","ok","클릭 가능","screenshots/screens/091-setting-settings-kiosk.png"
"91","설정관리","키오스크 설정","/settings/kiosk","8","타입 A 입퇴장 전용 키오스크","button","active","ok","클릭 가능","screenshots/screens/091-setting-settings-kiosk.png"
"91","설정관리","키오스크 설정","/settings/kiosk","9","타입 B 결제 포함 풀 기능 키오스크","button","active","ok","클릭 가능","screenshots/screens/091-setting-settings-kiosk.png"
"91","설정관리","키오스크 설정","/settings/kiosk","10","QR 코드","button","active","ok","클릭 가능","screenshots/screens/091-setting-settings-kiosk.png"
"91","설정관리","키오스크 설정","/settings/kiosk","11","button#11","button","active","ok","클릭 가능","screenshots/screens/091-setting-settings-kiosk.png"
"91","설정관리","키오스크 설정","/settings/kiosk","12","button#12","button","active","ok","클릭 가능","screenshots/screens/091-setting-settings-kiosk.png"
"91","설정관리","키오스크 설정","/settings/kiosk","13","단일 인식 (1명씩)","button","active","ok","클릭 가능","screenshots/screens/091-setting-settings-kiosk.png"
"91","설정관리","키오스크 설정","/settings/kiosk","14","높음 (정확도 우선)","button","active","ok","클릭 가능","screenshots/screens/091-setting-settings-kiosk.png"
"91","설정관리","키오스크 설정","/settings/kiosk","15","얼굴만","button","active","ok","클릭 가능","screenshots/screens/091-setting-settings-kiosk.png"
"91","설정관리","키오스크 설정","/settings/kiosk","16","수동 등록 (관리자 촬영)","button","active","ok","클릭 가능","screenshots/screens/091-setting-settings-kiosk.png"
"91","설정관리","키오스크 설정","/settings/kiosk","17","button#17","button","active","ok","클릭 가능","screenshots/screens/091-setting-settings-kiosk.png"
"91","설정관리","키오스크 설정","/settings/kiosk","18","button#18","button","active","ok","클릭 가능","screenshots/screens/091-setting-settings-kiosk.png"
"91","설정관리","키오스크 설정","/settings/kiosk","19","button#19","button","active","ok","클릭 가능","screenshots/screens/091-setting-settings-kiosk.png"
"91","설정관리","키오스크 설정","/settings/kiosk","20","button#20","button","active","ok","클릭 가능","screenshots/screens/091-setting-settings-kiosk.png"
"91","설정관리","키오스크 설정","/settings/kiosk","21","button#21","button","active","ok","클릭 가능","screenshots/screens/091-setting-settings-kiosk.png"
"92","설정관리","IoT 연동 관리","/settings/iot","1","키오스크 설정","button","active","ok","클릭 가능","screenshots/screens/092-setting-settings-iot.png"
"92","설정관리","IoT 연동 관리","/settings/iot","2","IoT 기기 추가","button","active","ok","클릭 가능","screenshots/screens/092-setting-settings-iot.png"
"92","설정관리","IoT 연동 관리","/settings/iot","3","게이트 관리","button","active","ok","클릭 가능","screenshots/screens/092-setting-settings-iot.png"
"92","설정관리","IoT 연동 관리","/settings/iot","4","IoT 기기","button","active","ok","클릭 가능","screenshots/screens/092-setting-settings-iot.png"
"92","설정관리","IoT 연동 관리","/settings/iot","5","출입 로그","button","active","ok","클릭 가능","screenshots/screens/092-setting-settings-iot.png"
"92","설정관리","IoT 연동 관리","/settings/iot","6","출입 규칙","button","active","ok","클릭 가능","screenshots/screens/092-setting-settings-iot.png"
"92","설정관리","IoT 연동 관리","/settings/iot","7","자동 전원","button","active","ok","클릭 가능","screenshots/screens/092-setting-settings-iot.png"
"92","설정관리","IoT 연동 관리","/settings/iot","8","기기 추가","button","active","ok","클릭 가능","screenshots/screens/092-setting-settings-iot.png"
"92","설정관리","IoT 연동 관리","/settings/iot","9","연결 테스트","button","active","ok","클릭 가능","screenshots/screens/092-setting-settings-iot.png"
"92","설정관리","IoT 연동 관리","/settings/iot","10","수정","button","active","ok","클릭 가능","screenshots/screens/092-setting-settings-iot.png"
"92","설정관리","IoT 연동 관리","/settings/iot","11","삭제","button","active","ok","클릭 가능","screenshots/screens/092-setting-settings-iot.png"
"92","설정관리","IoT 연동 관리","/settings/iot","12","연결 테스트","button","active","ok","클릭 가능","screenshots/screens/092-setting-settings-iot.png"
"92","설정관리","IoT 연동 관리","/settings/iot","13","수정","button","active","ok","클릭 가능","screenshots/screens/092-setting-settings-iot.png"
"92","설정관리","IoT 연동 관리","/settings/iot","14","삭제","button","active","ok","클릭 가능","screenshots/screens/092-setting-settings-iot.png"
"92","설정관리","IoT 연동 관리","/settings/iot","15","연결 테스트","button","active","ok","클릭 가능","screenshots/screens/092-setting-settings-iot.png"
"92","설정관리","IoT 연동 관리","/settings/iot","16","수정","button","active","ok","클릭 가능","screenshots/screens/092-setting-settings-iot.png"
"92","설정관리","IoT 연동 관리","/settings/iot","17","삭제","button","active","ok","클릭 가능","screenshots/screens/092-setting-settings-iot.png"
"92","설정관리","IoT 연동 관리","/settings/iot","18","연결 테스트","button","active","ok","클릭 가능","screenshots/screens/092-setting-settings-iot.png"
"92","설정관리","IoT 연동 관리","/settings/iot","19","수정","button","active","ok","클릭 가능","screenshots/screens/092-setting-settings-iot.png"
"92","설정관리","IoT 연동 관리","/settings/iot","20","삭제","button","active","ok","클릭 가능","screenshots/screens/092-setting-settings-iot.png"
"93","설정관리","공지사항","/notices","1","공지 작성","button","active","ok","클릭 가능","screenshots/screens/093-setting-notices.png"
"93","설정관리","공지사항","/notices","2","공지 5월 운영 안내","button","active","ok","클릭 가능","screenshots/screens/093-setting-notices.png"
"93","설정관리","공지사항","/notices","3","수정","button","active","ok","클릭 가능","screenshots/screens/093-setting-notices.png"
"93","설정관리","공지사항","/notices","4","삭제","button","active","ok","클릭 가능","screenshots/screens/093-setting-notices.png"
"93","설정관리","공지사항","/notices","5","공지 신규 GX 프로그램 개설","button","active","ok","클릭 가능","screenshots/screens/093-setting-notices.png"
"93","설정관리","공지사항","/notices","6","수정","button","active","ok","클릭 가능","screenshots/screens/093-setting-notices.png"
"93","설정관리","공지사항","/notices","7","삭제","button","active","ok","클릭 가능","screenshots/screens/093-setting-notices.png"
"93","설정관리","공지사항","/notices","8","공지 락커 재배정 안내","button","active","ok","클릭 가능","screenshots/screens/093-setting-notices.png"
"93","설정관리","공지사항","/notices","9","수정","button","active","ok","클릭 가능","screenshots/screens/093-setting-notices.png"
"93","설정관리","공지사항","/notices","10","삭제","button","active","ok","클릭 가능","screenshots/screens/093-setting-notices.png"
"93","설정관리","공지사항","/notices","11","시설 보수 공사 안내","button","active","ok","클릭 가능","screenshots/screens/093-setting-notices.png"
"93","설정관리","공지사항","/notices","12","수정","button","active","ok","클릭 가능","screenshots/screens/093-setting-notices.png"
"93","설정관리","공지사항","/notices","13","삭제","button","active","ok","클릭 가능","screenshots/screens/093-setting-notices.png"
"93","설정관리","공지사항","/notices","14","여름 특가 이벤트 예고","button","active","ok","클릭 가능","screenshots/screens/093-setting-notices.png"
"93","설정관리","공지사항","/notices","15","수정","button","active","ok","클릭 가능","screenshots/screens/093-setting-notices.png"
"93","설정관리","공지사항","/notices","16","삭제","button","active","ok","클릭 가능","screenshots/screens/093-setting-notices.png"
"93","설정관리","공지사항","/notices","17","회원증 재발급 안내","button","active","ok","클릭 가능","screenshots/screens/093-setting-notices.png"
"93","설정관리","공지사항","/notices","18","수정","button","active","ok","클릭 가능","screenshots/screens/093-setting-notices.png"
"93","설정관리","공지사항","/notices","19","삭제","button","active","ok","클릭 가능","screenshots/screens/093-setting-notices.png"
"93","설정관리","공지사항","/notices","20","button#20","button","disabled","disabled","비활성 상태","screenshots/screens/093-setting-notices.png"
"93","설정관리","공지사항","/notices","21","1","button","active","ok","클릭 가능","screenshots/screens/093-setting-notices.png"
"93","설정관리","공지사항","/notices","22","button#22","button","disabled","disabled","비활성 상태","screenshots/screens/093-setting-notices.png"
"94","설정관리","구독 관리","/subscription","1","플랜 업그레이드","button","active","ok","클릭 가능","screenshots/screens/094-setting-subscription.png"
"94","설정관리","구독 관리","/subscription","2","구독 현황","button","active","ok","클릭 가능","screenshots/screens/094-setting-subscription.png"
"94","설정관리","구독 관리","/subscription","3","요금제 비교","button","active","ok","클릭 가능","screenshots/screens/094-setting-subscription.png"
"94","설정관리","구독 관리","/subscription","4","결제 이력","button","active","ok","클릭 가능","screenshots/screens/094-setting-subscription.png"
"94","설정관리","구독 관리","/subscription","5","플랜 변경하기","button","active","ok","클릭 가능","screenshots/screens/094-setting-subscription.png"
"94","설정관리","구독 관리","/subscription","6","구독 취소 신청","button","active","ok","클릭 가능","screenshots/screens/094-setting-subscription.png"
"94","설정관리","구독 관리","/subscription","7","관리","button","active","ok","클릭 가능","screenshots/screens/094-setting-subscription.png"
"94","설정관리","구독 관리","/subscription","8","새 카드 추가","button","active","ok","클릭 가능","screenshots/screens/094-setting-subscription.png"
"95","설정관리","데이터 백업 / 복원","/settings/backup","1","지금 백업","button","active","ok","클릭 가능","screenshots/screens/095-setting-settings-backup.png"
"95","설정관리","데이터 백업 / 복원","/settings/backup","2","button#2","button","active","ok","클릭 가능","screenshots/screens/095-setting-settings-backup.png"
"95","설정관리","데이터 백업 / 복원","/settings/backup","3","설정 저장","button","active","ok","클릭 가능","screenshots/screens/095-setting-settings-backup.png"
"95","설정관리","데이터 백업 / 복원","/settings/backup","4","다운로드","button","active","ok","클릭 가능","screenshots/screens/095-setting-settings-backup.png"
"95","설정관리","데이터 백업 / 복원","/settings/backup","5","복원","button","active","ok","클릭 가능","screenshots/screens/095-setting-settings-backup.png"
"95","설정관리","데이터 백업 / 복원","/settings/backup","6","다운로드","button","active","ok","클릭 가능","screenshots/screens/095-setting-settings-backup.png"
"95","설정관리","데이터 백업 / 복원","/settings/backup","7","복원","button","active","ok","클릭 가능","screenshots/screens/095-setting-settings-backup.png"
"95","설정관리","데이터 백업 / 복원","/settings/backup","8","다운로드","button","active","ok","클릭 가능","screenshots/screens/095-setting-settings-backup.png"
"95","설정관리","데이터 백업 / 복원","/settings/backup","9","복원","button","active","ok","클릭 가능","screenshots/screens/095-setting-settings-backup.png"
"95","설정관리","데이터 백업 / 복원","/settings/backup","10","다운로드","button","active","ok","클릭 가능","screenshots/screens/095-setting-settings-backup.png"
"95","설정관리","데이터 백업 / 복원","/settings/backup","11","복원","button","active","ok","클릭 가능","screenshots/screens/095-setting-settings-backup.png"
"95","설정관리","데이터 백업 / 복원","/settings/backup","12","다운로드","button","active","ok","클릭 가능","screenshots/screens/095-setting-settings-backup.png"
"95","설정관리","데이터 백업 / 복원","/settings/backup","13","복원","button","active","ok","클릭 가능","screenshots/screens/095-setting-settings-backup.png"
"96","설정관리","지점 자동화 적용","/settings/automation","1","테스트 발송","button","active","ok","클릭 가능","screenshots/screens/096-setting-settings-automation.png"
"96","설정관리","지점 자동화 적용","/settings/automation","2","적용 저장","button","active","ok","클릭 가능","screenshots/screens/096-setting-settings-automation.png"
"96","설정관리","지점 자동화 적용","/settings/automation","3","회원권 만료","button","active","ok","클릭 가능","screenshots/screens/096-setting-settings-automation.png"
"96","설정관리","지점 자동화 적용","/settings/automation","4","락커 만료","button","active","ok","클릭 가능","screenshots/screens/096-setting-settings-automation.png"
"96","설정관리","지점 자동화 적용","/settings/automation","5","미수금 독촉","button","active","ok","클릭 가능","screenshots/screens/096-setting-settings-automation.png"
"96","설정관리","지점 자동화 적용","/settings/automation","6","휴면 회원","button","active","ok","클릭 가능","screenshots/screens/096-setting-settings-automation.png"
"96","설정관리","지점 자동화 적용","/settings/automation","7","본사 기본값 복원","button","active","ok","클릭 가능","screenshots/screens/096-setting-settings-automation.png"
"96","설정관리","지점 자동화 적용","/settings/automation","8","활성","button","disabled","disabled","비활성 상태","screenshots/screens/096-setting-settings-automation.png"
"96","설정관리","지점 자동화 적용","/settings/automation","9","활성","button","active","ok","클릭 가능","screenshots/screens/096-setting-settings-automation.png"
"96","설정관리","지점 자동화 적용","/settings/automation","10","활성","button","disabled","disabled","비활성 상태","screenshots/screens/096-setting-settings-automation.png"
"96","설정관리","지점 자동화 적용","/settings/automation","11","비활성","button","active","ok","클릭 가능","screenshots/screens/096-setting-settings-automation.png"
"97","설정관리","커스텀 역할 생성","/settings/custom-role","1","역할 생성","button","active","ok","클릭 가능","screenshots/screens/097-setting-settings-custom-role.png"
"97","설정관리","커스텀 역할 생성","/settings/custom-role","2","button#2","button","active","ok","클릭 가능","screenshots/screens/097-setting-settings-custom-role.png"
"97","설정관리","커스텀 역할 생성","/settings/custom-role","3","button#3","button","active","ok","클릭 가능","screenshots/screens/097-setting-settings-custom-role.png"
"97","설정관리","커스텀 역할 생성","/settings/custom-role","4","button#4","button","active","ok","클릭 가능","screenshots/screens/097-setting-settings-custom-role.png"
"97","설정관리","커스텀 역할 생성","/settings/custom-role","5","button#5","button","active","ok","클릭 가능","screenshots/screens/097-setting-settings-custom-role.png"
"97","설정관리","커스텀 역할 생성","/settings/custom-role","6","button#6","button","active","ok","클릭 가능","screenshots/screens/097-setting-settings-custom-role.png"
"97","설정관리","커스텀 역할 생성","/settings/custom-role","7","button#7","button","active","ok","클릭 가능","screenshots/screens/097-setting-settings-custom-role.png"
"97","설정관리","커스텀 역할 생성","/settings/custom-role","8","button#8","button","active","ok","클릭 가능","screenshots/screens/097-setting-settings-custom-role.png"
"97","설정관리","커스텀 역할 생성","/settings/custom-role","9","button#9","button","active","ok","클릭 가능","screenshots/screens/097-setting-settings-custom-role.png"
"97","설정관리","커스텀 역할 생성","/settings/custom-role","10","button#10","button","active","ok","클릭 가능","screenshots/screens/097-setting-settings-custom-role.png"
"98","마케팅","전자계약","/contracts/new","1","취소","button","active","ok","클릭 가능","screenshots/screens/098-marketing-contracts-new.png"
"98","마케팅","전자계약","/contracts/new","2","신규 회원 등록","button","active","ok","클릭 가능","screenshots/screens/098-marketing-contracts-new.png"
"98","마케팅","전자계약","/contracts/new","3","선택","button","active","ok","클릭 가능","screenshots/screens/098-marketing-contracts-new.png"
"98","마케팅","전자계약","/contracts/new","4","선택","button","active","ok","클릭 가능","screenshots/screens/098-marketing-contracts-new.png"
"98","마케팅","전자계약","/contracts/new","5","선택","button","active","ok","클릭 가능","screenshots/screens/098-marketing-contracts-new.png"
"98","마케팅","전자계약","/contracts/new","6","선택","button","active","ok","클릭 가능","screenshots/screens/098-marketing-contracts-new.png"
"98","마케팅","전자계약","/contracts/new","7","선택","button","active","ok","클릭 가능","screenshots/screens/098-marketing-contracts-new.png"
"98","마케팅","전자계약","/contracts/new","8","선택","button","active","ok","클릭 가능","screenshots/screens/098-marketing-contracts-new.png"
"98","마케팅","전자계약","/contracts/new","9","선택","button","active","ok","클릭 가능","screenshots/screens/098-marketing-contracts-new.png"
"98","마케팅","전자계약","/contracts/new","10","선택","button","active","ok","클릭 가능","screenshots/screens/098-marketing-contracts-new.png"
"98","마케팅","전자계약","/contracts/new","11","선택","button","active","ok","클릭 가능","screenshots/screens/098-marketing-contracts-new.png"
"98","마케팅","전자계약","/contracts/new","12","선택","button","active","ok","클릭 가능","screenshots/screens/098-marketing-contracts-new.png"
"98","마케팅","전자계약","/contracts/new","13","선택","button","active","ok","클릭 가능","screenshots/screens/098-marketing-contracts-new.png"
"98","마케팅","전자계약","/contracts/new","14","선택","button","active","ok","클릭 가능","screenshots/screens/098-marketing-contracts-new.png"
"98","마케팅","전자계약","/contracts/new","15","선택","button","active","ok","클릭 가능","screenshots/screens/098-marketing-contracts-new.png"
"98","마케팅","전자계약","/contracts/new","16","선택","button","active","ok","클릭 가능","screenshots/screens/098-marketing-contracts-new.png"
"98","마케팅","전자계약","/contracts/new","17","선택","button","active","ok","클릭 가능","screenshots/screens/098-marketing-contracts-new.png"
"98","마케팅","전자계약","/contracts/new","18","선택","button","active","ok","클릭 가능","screenshots/screens/098-marketing-contracts-new.png"
"98","마케팅","전자계약","/contracts/new","19","선택","button","active","ok","클릭 가능","screenshots/screens/098-marketing-contracts-new.png"
"98","마케팅","전자계약","/contracts/new","20","선택","button","active","ok","클릭 가능","screenshots/screens/098-marketing-contracts-new.png"
"98","마케팅","전자계약","/contracts/new","21","선택","button","active","ok","클릭 가능","screenshots/screens/098-marketing-contracts-new.png"
"98","마케팅","전자계약","/contracts/new","22","선택","button","active","ok","클릭 가능","screenshots/screens/098-marketing-contracts-new.png"
"98","마케팅","전자계약","/contracts/new","23","선택","button","active","ok","클릭 가능","screenshots/screens/098-marketing-contracts-new.png"
"98","마케팅","전자계약","/contracts/new","24","선택","button","active","ok","클릭 가능","screenshots/screens/098-marketing-contracts-new.png"
"98","마케팅","전자계약","/contracts/new","25","선택","button","active","ok","클릭 가능","screenshots/screens/098-marketing-contracts-new.png"
"98","마케팅","전자계약","/contracts/new","26","선택","button","active","ok","클릭 가능","screenshots/screens/098-marketing-contracts-new.png"
"98","마케팅","전자계약","/contracts/new","27","선택","button","active","ok","클릭 가능","screenshots/screens/098-marketing-contracts-new.png"
"98","마케팅","전자계약","/contracts/new","28","선택","button","active","ok","클릭 가능","screenshots/screens/098-marketing-contracts-new.png"
"98","마케팅","전자계약","/contracts/new","29","선택","button","active","ok","클릭 가능","screenshots/screens/098-marketing-contracts-new.png"
"98","마케팅","전자계약","/contracts/new","30","선택","button","active","ok","클릭 가능","screenshots/screens/098-marketing-contracts-new.png"
"98","마케팅","전자계약","/contracts/new","31","선택","button","active","ok","클릭 가능","screenshots/screens/098-marketing-contracts-new.png"
"98","마케팅","전자계약","/contracts/new","32","선택","button","active","ok","클릭 가능","screenshots/screens/098-marketing-contracts-new.png"
"98","마케팅","전자계약","/contracts/new","33","선택","button","active","ok","클릭 가능","screenshots/screens/098-marketing-contracts-new.png"
"98","마케팅","전자계약","/contracts/new","34","선택","button","active","ok","클릭 가능","screenshots/screens/098-marketing-contracts-new.png"
"98","마케팅","전자계약","/contracts/new","35","선택","button","active","ok","클릭 가능","screenshots/screens/098-marketing-contracts-new.png"
"98","마케팅","전자계약","/contracts/new","36","선택","button","active","ok","클릭 가능","screenshots/screens/098-marketing-contracts-new.png"
"98","마케팅","전자계약","/contracts/new","37","선택","button","active","ok","클릭 가능","screenshots/screens/098-marketing-contracts-new.png"
"98","마케팅","전자계약","/contracts/new","38","선택","button","active","ok","클릭 가능","screenshots/screens/098-marketing-contracts-new.png"
"98","마케팅","전자계약","/contracts/new","39","선택","button","active","ok","클릭 가능","screenshots/screens/098-marketing-contracts-new.png"
"98","마케팅","전자계약","/contracts/new","40","선택","button","active","ok","클릭 가능","screenshots/screens/098-marketing-contracts-new.png"
"98","마케팅","전자계약","/contracts/new","41","선택","button","active","ok","클릭 가능","screenshots/screens/098-marketing-contracts-new.png"
"98","마케팅","전자계약","/contracts/new","42","선택","button","active","ok","클릭 가능","screenshots/screens/098-marketing-contracts-new.png"
"98","마케팅","전자계약","/contracts/new","43","선택","button","active","ok","클릭 가능","screenshots/screens/098-marketing-contracts-new.png"
"98","마케팅","전자계약","/contracts/new","44","선택","button","active","ok","클릭 가능","screenshots/screens/098-marketing-contracts-new.png"
"98","마케팅","전자계약","/contracts/new","45","선택","button","active","ok","클릭 가능","screenshots/screens/098-marketing-contracts-new.png"
"98","마케팅","전자계약","/contracts/new","46","선택","button","active","ok","클릭 가능","screenshots/screens/098-marketing-contracts-new.png"
"98","마케팅","전자계약","/contracts/new","47","선택","button","active","ok","클릭 가능","screenshots/screens/098-marketing-contracts-new.png"
"98","마케팅","전자계약","/contracts/new","48","선택","button","active","ok","클릭 가능","screenshots/screens/098-marketing-contracts-new.png"
"98","마케팅","전자계약","/contracts/new","49","선택","button","active","ok","클릭 가능","screenshots/screens/098-marketing-contracts-new.png"
"98","마케팅","전자계약","/contracts/new","50","선택","button","active","ok","클릭 가능","screenshots/screens/098-marketing-contracts-new.png"
"98","마케팅","전자계약","/contracts/new","51","선택","button","active","ok","클릭 가능","screenshots/screens/098-marketing-contracts-new.png"
"98","마케팅","전자계약","/contracts/new","52","선택","button","active","ok","클릭 가능","screenshots/screens/098-marketing-contracts-new.png"
"98","마케팅","전자계약","/contracts/new","53","선택","button","active","ok","클릭 가능","screenshots/screens/098-marketing-contracts-new.png"
"98","마케팅","전자계약","/contracts/new","54","선택","button","active","ok","클릭 가능","screenshots/screens/098-marketing-contracts-new.png"
"98","마케팅","전자계약","/contracts/new","55","선택","button","active","ok","클릭 가능","screenshots/screens/098-marketing-contracts-new.png"
"98","마케팅","전자계약","/contracts/new","56","선택","button","active","ok","클릭 가능","screenshots/screens/098-marketing-contracts-new.png"
"98","마케팅","전자계약","/contracts/new","57","선택","button","active","ok","클릭 가능","screenshots/screens/098-marketing-contracts-new.png"
"98","마케팅","전자계약","/contracts/new","58","선택","button","active","ok","클릭 가능","screenshots/screens/098-marketing-contracts-new.png"
"98","마케팅","전자계약","/contracts/new","59","선택","button","active","ok","클릭 가능","screenshots/screens/098-marketing-contracts-new.png"
"98","마케팅","전자계약","/contracts/new","60","선택","button","active","ok","클릭 가능","screenshots/screens/098-marketing-contracts-new.png"
"98","마케팅","전자계약","/contracts/new","61","선택","button","active","ok","클릭 가능","screenshots/screens/098-marketing-contracts-new.png"
"98","마케팅","전자계약","/contracts/new","62","선택","button","active","ok","클릭 가능","screenshots/screens/098-marketing-contracts-new.png"
"98","마케팅","전자계약","/contracts/new","63","선택","button","active","ok","클릭 가능","screenshots/screens/098-marketing-contracts-new.png"
"98","마케팅","전자계약","/contracts/new","64","선택","button","active","ok","클릭 가능","screenshots/screens/098-marketing-contracts-new.png"
"98","마케팅","전자계약","/contracts/new","65","선택","button","active","ok","클릭 가능","screenshots/screens/098-marketing-contracts-new.png"
"98","마케팅","전자계약","/contracts/new","66","선택","button","active","ok","클릭 가능","screenshots/screens/098-marketing-contracts-new.png"
"98","마케팅","전자계약","/contracts/new","67","선택","button","active","ok","클릭 가능","screenshots/screens/098-marketing-contracts-new.png"
"98","마케팅","전자계약","/contracts/new","68","선택","button","active","ok","클릭 가능","screenshots/screens/098-marketing-contracts-new.png"
"98","마케팅","전자계약","/contracts/new","69","선택","button","active","ok","클릭 가능","screenshots/screens/098-marketing-contracts-new.png"
"98","마케팅","전자계약","/contracts/new","70","선택","button","active","ok","클릭 가능","screenshots/screens/098-marketing-contracts-new.png"
"98","마케팅","전자계약","/contracts/new","71","선택","button","active","ok","클릭 가능","screenshots/screens/098-marketing-contracts-new.png"
"98","마케팅","전자계약","/contracts/new","72","선택","button","active","ok","클릭 가능","screenshots/screens/098-marketing-contracts-new.png"
"98","마케팅","전자계약","/contracts/new","73","선택","button","active","ok","클릭 가능","screenshots/screens/098-marketing-contracts-new.png"
"98","마케팅","전자계약","/contracts/new","74","선택","button","active","ok","클릭 가능","screenshots/screens/098-marketing-contracts-new.png"
"98","마케팅","전자계약","/contracts/new","75","선택","button","active","ok","클릭 가능","screenshots/screens/098-marketing-contracts-new.png"
"98","마케팅","전자계약","/contracts/new","76","선택","button","active","ok","클릭 가능","screenshots/screens/098-marketing-contracts-new.png"
"98","마케팅","전자계약","/contracts/new","77","선택","button","active","ok","클릭 가능","screenshots/screens/098-marketing-contracts-new.png"
"98","마케팅","전자계약","/contracts/new","78","선택","button","active","ok","클릭 가능","screenshots/screens/098-marketing-contracts-new.png"
"98","마케팅","전자계약","/contracts/new","79","선택","button","active","ok","클릭 가능","screenshots/screens/098-marketing-contracts-new.png"
"98","마케팅","전자계약","/contracts/new","80","선택","button","active","ok","클릭 가능","screenshots/screens/098-marketing-contracts-new.png"
"98","마케팅","전자계약","/contracts/new","81","선택","button","active","ok","클릭 가능","screenshots/screens/098-marketing-contracts-new.png"
"98","마케팅","전자계약","/contracts/new","82","선택","button","active","ok","클릭 가능","screenshots/screens/098-marketing-contracts-new.png"
"98","마케팅","전자계약","/contracts/new","83","선택","button","active","ok","클릭 가능","screenshots/screens/098-marketing-contracts-new.png"
"98","마케팅","전자계약","/contracts/new","84","선택","button","active","ok","클릭 가능","screenshots/screens/098-marketing-contracts-new.png"
"98","마케팅","전자계약","/contracts/new","85","선택","button","active","ok","클릭 가능","screenshots/screens/098-marketing-contracts-new.png"
"98","마케팅","전자계약","/contracts/new","86","선택","button","active","ok","클릭 가능","screenshots/screens/098-marketing-contracts-new.png"
"98","마케팅","전자계약","/contracts/new","87","선택","button","active","ok","클릭 가능","screenshots/screens/098-marketing-contracts-new.png"
"98","마케팅","전자계약","/contracts/new","88","선택","button","active","ok","클릭 가능","screenshots/screens/098-marketing-contracts-new.png"
"98","마케팅","전자계약","/contracts/new","89","선택","button","active","ok","클릭 가능","screenshots/screens/098-marketing-contracts-new.png"
"98","마케팅","전자계약","/contracts/new","90","선택","button","active","ok","클릭 가능","screenshots/screens/098-marketing-contracts-new.png"
"98","마케팅","전자계약","/contracts/new","91","선택","button","active","ok","클릭 가능","screenshots/screens/098-marketing-contracts-new.png"
"98","마케팅","전자계약","/contracts/new","92","선택","button","active","ok","클릭 가능","screenshots/screens/098-marketing-contracts-new.png"
"98","마케팅","전자계약","/contracts/new","93","선택","button","active","ok","클릭 가능","screenshots/screens/098-marketing-contracts-new.png"
"98","마케팅","전자계약","/contracts/new","94","선택","button","active","ok","클릭 가능","screenshots/screens/098-marketing-contracts-new.png"
"98","마케팅","전자계약","/contracts/new","95","선택","button","active","ok","클릭 가능","screenshots/screens/098-marketing-contracts-new.png"
"98","마케팅","전자계약","/contracts/new","96","선택","button","active","ok","클릭 가능","screenshots/screens/098-marketing-contracts-new.png"
"98","마케팅","전자계약","/contracts/new","97","선택","button","active","ok","클릭 가능","screenshots/screens/098-marketing-contracts-new.png"
"98","마케팅","전자계약","/contracts/new","98","선택","button","active","ok","클릭 가능","screenshots/screens/098-marketing-contracts-new.png"
"98","마케팅","전자계약","/contracts/new","99","선택","button","active","ok","클릭 가능","screenshots/screens/098-marketing-contracts-new.png"
"98","마케팅","전자계약","/contracts/new","100","선택","button","active","ok","클릭 가능","screenshots/screens/098-marketing-contracts-new.png"
"98","마케팅","전자계약","/contracts/new","101","선택","button","active","ok","클릭 가능","screenshots/screens/098-marketing-contracts-new.png"
"98","마케팅","전자계약","/contracts/new","102","선택","button","active","ok","클릭 가능","screenshots/screens/098-marketing-contracts-new.png"
"98","마케팅","전자계약","/contracts/new","103","선택","button","active","ok","클릭 가능","screenshots/screens/098-marketing-contracts-new.png"
"98","마케팅","전자계약","/contracts/new","104","선택","button","active","ok","클릭 가능","screenshots/screens/098-marketing-contracts-new.png"
"98","마케팅","전자계약","/contracts/new","105","선택","button","active","ok","클릭 가능","screenshots/screens/098-marketing-contracts-new.png"
"98","마케팅","전자계약","/contracts/new","106","선택","button","active","ok","클릭 가능","screenshots/screens/098-marketing-contracts-new.png"
"98","마케팅","전자계약","/contracts/new","107","선택","button","active","ok","클릭 가능","screenshots/screens/098-marketing-contracts-new.png"
"98","마케팅","전자계약","/contracts/new","108","선택","button","active","ok","클릭 가능","screenshots/screens/098-marketing-contracts-new.png"
"98","마케팅","전자계약","/contracts/new","109","선택","button","active","ok","클릭 가능","screenshots/screens/098-marketing-contracts-new.png"
"98","마케팅","전자계약","/contracts/new","110","선택","button","active","ok","클릭 가능","screenshots/screens/098-marketing-contracts-new.png"
"98","마케팅","전자계약","/contracts/new","111","선택","button","active","ok","클릭 가능","screenshots/screens/098-marketing-contracts-new.png"
"98","마케팅","전자계약","/contracts/new","112","선택","button","active","ok","클릭 가능","screenshots/screens/098-marketing-contracts-new.png"
"98","마케팅","전자계약","/contracts/new","113","선택","button","active","ok","클릭 가능","screenshots/screens/098-marketing-contracts-new.png"
"98","마케팅","전자계약","/contracts/new","114","선택","button","active","ok","클릭 가능","screenshots/screens/098-marketing-contracts-new.png"
"98","마케팅","전자계약","/contracts/new","115","선택","button","active","ok","클릭 가능","screenshots/screens/098-marketing-contracts-new.png"
"98","마케팅","전자계약","/contracts/new","116","선택","button","active","ok","클릭 가능","screenshots/screens/098-marketing-contracts-new.png"
"98","마케팅","전자계약","/contracts/new","117","선택","button","active","ok","클릭 가능","screenshots/screens/098-marketing-contracts-new.png"
"98","마케팅","전자계약","/contracts/new","118","선택","button","active","ok","클릭 가능","screenshots/screens/098-marketing-contracts-new.png"
"98","마케팅","전자계약","/contracts/new","119","선택","button","active","ok","클릭 가능","screenshots/screens/098-marketing-contracts-new.png"
"98","마케팅","전자계약","/contracts/new","120","선택","button","active","ok","클릭 가능","screenshots/screens/098-marketing-contracts-new.png"
"98","마케팅","전자계약","/contracts/new","121","선택","button","active","ok","클릭 가능","screenshots/screens/098-marketing-contracts-new.png"
"98","마케팅","전자계약","/contracts/new","122","선택","button","active","ok","클릭 가능","screenshots/screens/098-marketing-contracts-new.png"
"98","마케팅","전자계약","/contracts/new","123","선택","button","active","ok","클릭 가능","screenshots/screens/098-marketing-contracts-new.png"
"98","마케팅","전자계약","/contracts/new","124","선택","button","active","ok","클릭 가능","screenshots/screens/098-marketing-contracts-new.png"
"98","마케팅","전자계약","/contracts/new","125","선택","button","active","ok","클릭 가능","screenshots/screens/098-marketing-contracts-new.png"
"98","마케팅","전자계약","/contracts/new","126","선택","button","active","ok","클릭 가능","screenshots/screens/098-marketing-contracts-new.png"
"98","마케팅","전자계약","/contracts/new","127","선택","button","active","ok","클릭 가능","screenshots/screens/098-marketing-contracts-new.png"
"98","마케팅","전자계약","/contracts/new","128","선택","button","active","ok","클릭 가능","screenshots/screens/098-marketing-contracts-new.png"
"98","마케팅","전자계약","/contracts/new","129","선택","button","active","ok","클릭 가능","screenshots/screens/098-marketing-contracts-new.png"
"98","마케팅","전자계약","/contracts/new","130","선택","button","active","ok","클릭 가능","screenshots/screens/098-marketing-contracts-new.png"
"98","마케팅","전자계약","/contracts/new","131","이전","button","disabled","disabled","비활성 상태","screenshots/screens/098-marketing-contracts-new.png"
"98","마케팅","전자계약","/contracts/new","132","다음 단계","button","active","ok","클릭 가능","screenshots/screens/098-marketing-contracts-new.png"
"99","마케팅","리드 관리","/leads","1","리드 등록","button","active","ok","클릭 가능","screenshots/screens/099-marketing-leads.png"
"99","마케팅","리드 관리","/leads","2","전체 상태","button","active","ok","클릭 가능","screenshots/screens/099-marketing-leads.png"
"99","마케팅","리드 관리","/leads","3","전체 유입경로","button","active","ok","클릭 가능","screenshots/screens/099-marketing-leads.png"
"99","마케팅","리드 관리","/leads","4","목록","button","active","ok","클릭 가능","screenshots/screens/099-marketing-leads.png"
"99","마케팅","리드 관리","/leads","5","칸반","button","active","ok","클릭 가능","screenshots/screens/099-marketing-leads.png"
"99","마케팅","리드 관리","/leads","6","수정","button","active","ok","클릭 가능","screenshots/screens/099-marketing-leads.png"
"99","마케팅","리드 관리","/leads","7","삭제","button","active","ok","클릭 가능","screenshots/screens/099-marketing-leads.png"
"99","마케팅","리드 관리","/leads","8","수정","button","active","ok","클릭 가능","screenshots/screens/099-marketing-leads.png"
"99","마케팅","리드 관리","/leads","9","삭제","button","active","ok","클릭 가능","screenshots/screens/099-marketing-leads.png"
"99","마케팅","리드 관리","/leads","10","수정","button","active","ok","클릭 가능","screenshots/screens/099-marketing-leads.png"
"99","마케팅","리드 관리","/leads","11","삭제","button","active","ok","클릭 가능","screenshots/screens/099-marketing-leads.png"
"99","마케팅","리드 관리","/leads","12","수정","button","active","ok","클릭 가능","screenshots/screens/099-marketing-leads.png"
"99","마케팅","리드 관리","/leads","13","삭제","button","active","ok","클릭 가능","screenshots/screens/099-marketing-leads.png"
"99","마케팅","리드 관리","/leads","14","수정","button","active","ok","클릭 가능","screenshots/screens/099-marketing-leads.png"
"99","마케팅","리드 관리","/leads","15","삭제","button","active","ok","클릭 가능","screenshots/screens/099-marketing-leads.png"
"99","마케팅","리드 관리","/leads","16","수정","button","active","ok","클릭 가능","screenshots/screens/099-marketing-leads.png"
"99","마케팅","리드 관리","/leads","17","삭제","button","active","ok","클릭 가능","screenshots/screens/099-marketing-leads.png"
"99","마케팅","리드 관리","/leads","18","수정","button","active","ok","클릭 가능","screenshots/screens/099-marketing-leads.png"
"99","마케팅","리드 관리","/leads","19","삭제","button","active","ok","클릭 가능","screenshots/screens/099-marketing-leads.png"
"99","마케팅","리드 관리","/leads","20","수정","button","active","ok","클릭 가능","screenshots/screens/099-marketing-leads.png"
"99","마케팅","리드 관리","/leads","21","삭제","button","active","ok","클릭 가능","screenshots/screens/099-marketing-leads.png"
"99","마케팅","리드 관리","/leads","22","수정","button","active","ok","클릭 가능","screenshots/screens/099-marketing-leads.png"
"99","마케팅","리드 관리","/leads","23","삭제","button","active","ok","클릭 가능","screenshots/screens/099-marketing-leads.png"
"99","마케팅","리드 관리","/leads","24","수정","button","active","ok","클릭 가능","screenshots/screens/099-marketing-leads.png"
"99","마케팅","리드 관리","/leads","25","삭제","button","active","ok","클릭 가능","screenshots/screens/099-marketing-leads.png"
"99","마케팅","리드 관리","/leads","26","수정","button","active","ok","클릭 가능","screenshots/screens/099-marketing-leads.png"
"99","마케팅","리드 관리","/leads","27","삭제","button","active","ok","클릭 가능","screenshots/screens/099-marketing-leads.png"
"99","마케팅","리드 관리","/leads","28","수정","button","active","ok","클릭 가능","screenshots/screens/099-marketing-leads.png"
"99","마케팅","리드 관리","/leads","29","삭제","button","active","ok","클릭 가능","screenshots/screens/099-marketing-leads.png"
"99","마케팅","리드 관리","/leads","30","수정","button","active","ok","클릭 가능","screenshots/screens/099-marketing-leads.png"
"99","마케팅","리드 관리","/leads","31","삭제","button","active","ok","클릭 가능","screenshots/screens/099-marketing-leads.png"
"99","마케팅","리드 관리","/leads","32","수정","button","active","ok","클릭 가능","screenshots/screens/099-marketing-leads.png"
"99","마케팅","리드 관리","/leads","33","삭제","button","active","ok","클릭 가능","screenshots/screens/099-marketing-leads.png"
"99","마케팅","리드 관리","/leads","34","수정","button","active","ok","클릭 가능","screenshots/screens/099-marketing-leads.png"
"99","마케팅","리드 관리","/leads","35","삭제","button","active","ok","클릭 가능","screenshots/screens/099-marketing-leads.png"
"99","마케팅","리드 관리","/leads","36","수정","button","active","ok","클릭 가능","screenshots/screens/099-marketing-leads.png"
"99","마케팅","리드 관리","/leads","37","삭제","button","active","ok","클릭 가능","screenshots/screens/099-marketing-leads.png"
"99","마케팅","리드 관리","/leads","38","수정","button","active","ok","클릭 가능","screenshots/screens/099-marketing-leads.png"
"99","마케팅","리드 관리","/leads","39","삭제","button","active","ok","클릭 가능","screenshots/screens/099-marketing-leads.png"
"99","마케팅","리드 관리","/leads","40","수정","button","active","ok","클릭 가능","screenshots/screens/099-marketing-leads.png"
"99","마케팅","리드 관리","/leads","41","삭제","button","active","ok","클릭 가능","screenshots/screens/099-marketing-leads.png"
"99","마케팅","리드 관리","/leads","42","수정","button","active","ok","클릭 가능","screenshots/screens/099-marketing-leads.png"
"99","마케팅","리드 관리","/leads","43","삭제","button","active","ok","클릭 가능","screenshots/screens/099-marketing-leads.png"
"99","마케팅","리드 관리","/leads","44","수정","button","active","ok","클릭 가능","screenshots/screens/099-marketing-leads.png"
"99","마케팅","리드 관리","/leads","45","삭제","button","active","ok","클릭 가능","screenshots/screens/099-marketing-leads.png"
"99","마케팅","리드 관리","/leads","46","수정","button","active","ok","클릭 가능","screenshots/screens/099-marketing-leads.png"
"99","마케팅","리드 관리","/leads","47","삭제","button","active","ok","클릭 가능","screenshots/screens/099-marketing-leads.png"
"99","마케팅","리드 관리","/leads","48","수정","button","active","ok","클릭 가능","screenshots/screens/099-marketing-leads.png"
"99","마케팅","리드 관리","/leads","49","삭제","button","active","ok","클릭 가능","screenshots/screens/099-marketing-leads.png"
"99","마케팅","리드 관리","/leads","50","수정","button","active","ok","클릭 가능","screenshots/screens/099-marketing-leads.png"
"99","마케팅","리드 관리","/leads","51","삭제","button","active","ok","클릭 가능","screenshots/screens/099-marketing-leads.png"
"99","마케팅","리드 관리","/leads","52","수정","button","active","ok","클릭 가능","screenshots/screens/099-marketing-leads.png"
"99","마케팅","리드 관리","/leads","53","삭제","button","active","ok","클릭 가능","screenshots/screens/099-marketing-leads.png"
"99","마케팅","리드 관리","/leads","54","수정","button","active","ok","클릭 가능","screenshots/screens/099-marketing-leads.png"
"99","마케팅","리드 관리","/leads","55","삭제","button","active","ok","클릭 가능","screenshots/screens/099-marketing-leads.png"
"99","마케팅","리드 관리","/leads","56","수정","button","active","ok","클릭 가능","screenshots/screens/099-marketing-leads.png"
"99","마케팅","리드 관리","/leads","57","삭제","button","active","ok","클릭 가능","screenshots/screens/099-marketing-leads.png"
"99","마케팅","리드 관리","/leads","58","수정","button","active","ok","클릭 가능","screenshots/screens/099-marketing-leads.png"
"99","마케팅","리드 관리","/leads","59","삭제","button","active","ok","클릭 가능","screenshots/screens/099-marketing-leads.png"
"99","마케팅","리드 관리","/leads","60","수정","button","active","ok","클릭 가능","screenshots/screens/099-marketing-leads.png"
"99","마케팅","리드 관리","/leads","61","삭제","button","active","ok","클릭 가능","screenshots/screens/099-marketing-leads.png"
"99","마케팅","리드 관리","/leads","62","수정","button","active","ok","클릭 가능","screenshots/screens/099-marketing-leads.png"
"99","마케팅","리드 관리","/leads","63","삭제","button","active","ok","클릭 가능","screenshots/screens/099-marketing-leads.png"
"99","마케팅","리드 관리","/leads","64","수정","button","active","ok","클릭 가능","screenshots/screens/099-marketing-leads.png"
"99","마케팅","리드 관리","/leads","65","삭제","button","active","ok","클릭 가능","screenshots/screens/099-marketing-leads.png"
"99","마케팅","리드 관리","/leads","66","수정","button","active","ok","클릭 가능","screenshots/screens/099-marketing-leads.png"
"99","마케팅","리드 관리","/leads","67","삭제","button","active","ok","클릭 가능","screenshots/screens/099-marketing-leads.png"
"99","마케팅","리드 관리","/leads","68","수정","button","active","ok","클릭 가능","screenshots/screens/099-marketing-leads.png"
"99","마케팅","리드 관리","/leads","69","삭제","button","active","ok","클릭 가능","screenshots/screens/099-marketing-leads.png"
"99","마케팅","리드 관리","/leads","70","수정","button","active","ok","클릭 가능","screenshots/screens/099-marketing-leads.png"
"99","마케팅","리드 관리","/leads","71","삭제","button","active","ok","클릭 가능","screenshots/screens/099-marketing-leads.png"
"100","마케팅","리퍼럴 프로그램","/marketing/referral","1","프로그램 추가","button","active","ok","클릭 가능","screenshots/screens/100-marketing-marketing-referral.png"
"100","마케팅","리퍼럴 프로그램","/marketing/referral","2","이력","button","active","ok","클릭 가능","screenshots/screens/100-marketing-marketing-referral.png"
"100","마케팅","리퍼럴 프로그램","/marketing/referral","3","프로그램","button","active","ok","클릭 가능","screenshots/screens/100-marketing-marketing-referral.png"
"101","마케팅","마일리지","/mileage","1","엑셀 다운로드","button","active","ok","클릭 가능","screenshots/screens/101-marketing-mileage.png"
"101","마케팅","마일리지","/mileage","2","마일리지 현황","button","active","ok","클릭 가능","screenshots/screens/101-marketing-mileage.png"
"101","마케팅","마일리지","/mileage","3","마일리지 이력","button","active","ok","클릭 가능","screenshots/screens/101-marketing-mileage.png"
"101","마케팅","마일리지","/mileage","4","마일리지 정책","button","active","ok","클릭 가능","screenshots/screens/101-marketing-mileage.png"
"101","마케팅","마일리지","/mileage","5","수동 처리","button","active","ok","클릭 가능","screenshots/screens/101-marketing-mileage.png"
"101","마케팅","마일리지","/mileage","6","button#6","button","active","ok","클릭 가능","screenshots/screens/101-marketing-mileage.png"
"101","마케팅","마일리지","/mileage","7","수동 처리","button","active","ok","클릭 가능","screenshots/screens/101-marketing-mileage.png"
"101","마케팅","마일리지","/mileage","8","button#8","button","active","ok","클릭 가능","screenshots/screens/101-marketing-mileage.png"
"101","마케팅","마일리지","/mileage","9","수동 처리","button","active","ok","클릭 가능","screenshots/screens/101-marketing-mileage.png"
"101","마케팅","마일리지","/mileage","10","button#10","button","active","ok","클릭 가능","screenshots/screens/101-marketing-mileage.png"
"101","마케팅","마일리지","/mileage","11","수동 처리","button","active","ok","클릭 가능","screenshots/screens/101-marketing-mileage.png"
"101","마케팅","마일리지","/mileage","12","button#12","button","active","ok","클릭 가능","screenshots/screens/101-marketing-mileage.png"
"101","마케팅","마일리지","/mileage","13","수동 처리","button","active","ok","클릭 가능","screenshots/screens/101-marketing-mileage.png"
"101","마케팅","마일리지","/mileage","14","button#14","button","active","ok","클릭 가능","screenshots/screens/101-marketing-mileage.png"
"101","마케팅","마일리지","/mileage","15","수동 처리","button","active","ok","클릭 가능","screenshots/screens/101-marketing-mileage.png"
"101","마케팅","마일리지","/mileage","16","button#16","button","active","ok","클릭 가능","screenshots/screens/101-marketing-mileage.png"
"101","마케팅","마일리지","/mileage","17","수동 처리","button","active","ok","클릭 가능","screenshots/screens/101-marketing-mileage.png"
"101","마케팅","마일리지","/mileage","18","button#18","button","active","ok","클릭 가능","screenshots/screens/101-marketing-mileage.png"
"101","마케팅","마일리지","/mileage","19","수동 처리","button","active","ok","클릭 가능","screenshots/screens/101-marketing-mileage.png"
"101","마케팅","마일리지","/mileage","20","button#20","button","active","ok","클릭 가능","screenshots/screens/101-marketing-mileage.png"
"101","마케팅","마일리지","/mileage","21","수동 처리","button","active","ok","클릭 가능","screenshots/screens/101-marketing-mileage.png"
"101","마케팅","마일리지","/mileage","22","button#22","button","active","ok","클릭 가능","screenshots/screens/101-marketing-mileage.png"
"101","마케팅","마일리지","/mileage","23","수동 처리","button","active","ok","클릭 가능","screenshots/screens/101-marketing-mileage.png"
"101","마케팅","마일리지","/mileage","24","button#24","button","active","ok","클릭 가능","screenshots/screens/101-marketing-mileage.png"
"101","마케팅","마일리지","/mileage","25","수동 처리","button","active","ok","클릭 가능","screenshots/screens/101-marketing-mileage.png"
"101","마케팅","마일리지","/mileage","26","button#26","button","active","ok","클릭 가능","screenshots/screens/101-marketing-mileage.png"
"101","마케팅","마일리지","/mileage","27","수동 처리","button","active","ok","클릭 가능","screenshots/screens/101-marketing-mileage.png"
"101","마케팅","마일리지","/mileage","28","button#28","button","active","ok","클릭 가능","screenshots/screens/101-marketing-mileage.png"
"101","마케팅","마일리지","/mileage","29","수동 처리","button","active","ok","클릭 가능","screenshots/screens/101-marketing-mileage.png"
"101","마케팅","마일리지","/mileage","30","button#30","button","active","ok","클릭 가능","screenshots/screens/101-marketing-mileage.png"
"101","마케팅","마일리지","/mileage","31","수동 처리","button","active","ok","클릭 가능","screenshots/screens/101-marketing-mileage.png"
"101","마케팅","마일리지","/mileage","32","button#32","button","active","ok","클릭 가능","screenshots/screens/101-marketing-mileage.png"
"101","마케팅","마일리지","/mileage","33","수동 처리","button","active","ok","클릭 가능","screenshots/screens/101-marketing-mileage.png"
"101","마케팅","마일리지","/mileage","34","button#34","button","active","ok","클릭 가능","screenshots/screens/101-marketing-mileage.png"
"101","마케팅","마일리지","/mileage","35","수동 처리","button","active","ok","클릭 가능","screenshots/screens/101-marketing-mileage.png"
"101","마케팅","마일리지","/mileage","36","button#36","button","active","ok","클릭 가능","screenshots/screens/101-marketing-mileage.png"
"101","마케팅","마일리지","/mileage","37","수동 처리","button","active","ok","클릭 가능","screenshots/screens/101-marketing-mileage.png"
"101","마케팅","마일리지","/mileage","38","button#38","button","active","ok","클릭 가능","screenshots/screens/101-marketing-mileage.png"
"101","마케팅","마일리지","/mileage","39","수동 처리","button","active","ok","클릭 가능","screenshots/screens/101-marketing-mileage.png"
"101","마케팅","마일리지","/mileage","40","button#40","button","active","ok","클릭 가능","screenshots/screens/101-marketing-mileage.png"
"101","마케팅","마일리지","/mileage","41","수동 처리","button","active","ok","클릭 가능","screenshots/screens/101-marketing-mileage.png"
"101","마케팅","마일리지","/mileage","42","button#42","button","active","ok","클릭 가능","screenshots/screens/101-marketing-mileage.png"
"101","마케팅","마일리지","/mileage","43","수동 처리","button","active","ok","클릭 가능","screenshots/screens/101-marketing-mileage.png"
"101","마케팅","마일리지","/mileage","44","button#44","button","active","ok","클릭 가능","screenshots/screens/101-marketing-mileage.png"
"101","마케팅","마일리지","/mileage","45","수동 처리","button","active","ok","클릭 가능","screenshots/screens/101-marketing-mileage.png"
"101","마케팅","마일리지","/mileage","46","button#46","button","active","ok","클릭 가능","screenshots/screens/101-marketing-mileage.png"
"101","마케팅","마일리지","/mileage","47","수동 처리","button","active","ok","클릭 가능","screenshots/screens/101-marketing-mileage.png"
"101","마케팅","마일리지","/mileage","48","button#48","button","active","ok","클릭 가능","screenshots/screens/101-marketing-mileage.png"
"101","마케팅","마일리지","/mileage","49","수동 처리","button","active","ok","클릭 가능","screenshots/screens/101-marketing-mileage.png"
"101","마케팅","마일리지","/mileage","50","button#50","button","active","ok","클릭 가능","screenshots/screens/101-marketing-mileage.png"
"101","마케팅","마일리지","/mileage","51","수동 처리","button","active","ok","클릭 가능","screenshots/screens/101-marketing-mileage.png"
"101","마케팅","마일리지","/mileage","52","button#52","button","active","ok","클릭 가능","screenshots/screens/101-marketing-mileage.png"
"101","마케팅","마일리지","/mileage","53","수동 처리","button","active","ok","클릭 가능","screenshots/screens/101-marketing-mileage.png"
"101","마케팅","마일리지","/mileage","54","button#54","button","active","ok","클릭 가능","screenshots/screens/101-marketing-mileage.png"
"101","마케팅","마일리지","/mileage","55","수동 처리","button","active","ok","클릭 가능","screenshots/screens/101-marketing-mileage.png"
"101","마케팅","마일리지","/mileage","56","button#56","button","active","ok","클릭 가능","screenshots/screens/101-marketing-mileage.png"
"101","마케팅","마일리지","/mileage","57","수동 처리","button","active","ok","클릭 가능","screenshots/screens/101-marketing-mileage.png"
"101","마케팅","마일리지","/mileage","58","button#58","button","active","ok","클릭 가능","screenshots/screens/101-marketing-mileage.png"
"101","마케팅","마일리지","/mileage","59","수동 처리","button","active","ok","클릭 가능","screenshots/screens/101-marketing-mileage.png"
"101","마케팅","마일리지","/mileage","60","button#60","button","active","ok","클릭 가능","screenshots/screens/101-marketing-mileage.png"
"101","마케팅","마일리지","/mileage","61","수동 처리","button","active","ok","클릭 가능","screenshots/screens/101-marketing-mileage.png"
"101","마케팅","마일리지","/mileage","62","button#62","button","active","ok","클릭 가능","screenshots/screens/101-marketing-mileage.png"
"101","마케팅","마일리지","/mileage","63","수동 처리","button","active","ok","클릭 가능","screenshots/screens/101-marketing-mileage.png"
"101","마케팅","마일리지","/mileage","64","button#64","button","active","ok","클릭 가능","screenshots/screens/101-marketing-mileage.png"
"101","마케팅","마일리지","/mileage","65","수동 처리","button","active","ok","클릭 가능","screenshots/screens/101-marketing-mileage.png"
"101","마케팅","마일리지","/mileage","66","button#66","button","active","ok","클릭 가능","screenshots/screens/101-marketing-mileage.png"
"101","마케팅","마일리지","/mileage","67","수동 처리","button","active","ok","클릭 가능","screenshots/screens/101-marketing-mileage.png"
"101","마케팅","마일리지","/mileage","68","button#68","button","active","ok","클릭 가능","screenshots/screens/101-marketing-mileage.png"
"101","마케팅","마일리지","/mileage","69","수동 처리","button","active","ok","클릭 가능","screenshots/screens/101-marketing-mileage.png"
"101","마케팅","마일리지","/mileage","70","button#70","button","active","ok","클릭 가능","screenshots/screens/101-marketing-mileage.png"
"101","마케팅","마일리지","/mileage","71","수동 처리","button","active","ok","클릭 가능","screenshots/screens/101-marketing-mileage.png"
"101","마케팅","마일리지","/mileage","72","button#72","button","active","ok","클릭 가능","screenshots/screens/101-marketing-mileage.png"
"101","마케팅","마일리지","/mileage","73","수동 처리","button","active","ok","클릭 가능","screenshots/screens/101-marketing-mileage.png"
"101","마케팅","마일리지","/mileage","74","button#74","button","active","ok","클릭 가능","screenshots/screens/101-marketing-mileage.png"
"101","마케팅","마일리지","/mileage","75","수동 처리","button","active","ok","클릭 가능","screenshots/screens/101-marketing-mileage.png"
"101","마케팅","마일리지","/mileage","76","button#76","button","active","ok","클릭 가능","screenshots/screens/101-marketing-mileage.png"
"101","마케팅","마일리지","/mileage","77","수동 처리","button","active","ok","클릭 가능","screenshots/screens/101-marketing-mileage.png"
"101","마케팅","마일리지","/mileage","78","button#78","button","active","ok","클릭 가능","screenshots/screens/101-marketing-mileage.png"
"101","마케팅","마일리지","/mileage","79","수동 처리","button","active","ok","클릭 가능","screenshots/screens/101-marketing-mileage.png"
"101","마케팅","마일리지","/mileage","80","button#80","button","active","ok","클릭 가능","screenshots/screens/101-marketing-mileage.png"
"101","마케팅","마일리지","/mileage","81","수동 처리","button","active","ok","클릭 가능","screenshots/screens/101-marketing-mileage.png"
"101","마케팅","마일리지","/mileage","82","button#82","button","active","ok","클릭 가능","screenshots/screens/101-marketing-mileage.png"
"101","마케팅","마일리지","/mileage","83","수동 처리","button","active","ok","클릭 가능","screenshots/screens/101-marketing-mileage.png"
"101","마케팅","마일리지","/mileage","84","button#84","button","active","ok","클릭 가능","screenshots/screens/101-marketing-mileage.png"
"101","마케팅","마일리지","/mileage","85","수동 처리","button","active","ok","클릭 가능","screenshots/screens/101-marketing-mileage.png"
"101","마케팅","마일리지","/mileage","86","button#86","button","active","ok","클릭 가능","screenshots/screens/101-marketing-mileage.png"
"101","마케팅","마일리지","/mileage","87","수동 처리","button","active","ok","클릭 가능","screenshots/screens/101-marketing-mileage.png"
"101","마케팅","마일리지","/mileage","88","button#88","button","active","ok","클릭 가능","screenshots/screens/101-marketing-mileage.png"
"101","마케팅","마일리지","/mileage","89","수동 처리","button","active","ok","클릭 가능","screenshots/screens/101-marketing-mileage.png"
"101","마케팅","마일리지","/mileage","90","button#90","button","active","ok","클릭 가능","screenshots/screens/101-marketing-mileage.png"
"101","마케팅","마일리지","/mileage","91","수동 처리","button","active","ok","클릭 가능","screenshots/screens/101-marketing-mileage.png"
"101","마케팅","마일리지","/mileage","92","button#92","button","active","ok","클릭 가능","screenshots/screens/101-marketing-mileage.png"
"101","마케팅","마일리지","/mileage","93","수동 처리","button","active","ok","클릭 가능","screenshots/screens/101-marketing-mileage.png"
"101","마케팅","마일리지","/mileage","94","button#94","button","active","ok","클릭 가능","screenshots/screens/101-marketing-mileage.png"
"101","마케팅","마일리지","/mileage","95","수동 처리","button","active","ok","클릭 가능","screenshots/screens/101-marketing-mileage.png"
"101","마케팅","마일리지","/mileage","96","button#96","button","active","ok","클릭 가능","screenshots/screens/101-marketing-mileage.png"
"101","마케팅","마일리지","/mileage","97","수동 처리","button","active","ok","클릭 가능","screenshots/screens/101-marketing-mileage.png"
"101","마케팅","마일리지","/mileage","98","button#98","button","active","ok","클릭 가능","screenshots/screens/101-marketing-mileage.png"
"101","마케팅","마일리지","/mileage","99","수동 처리","button","active","ok","클릭 가능","screenshots/screens/101-marketing-mileage.png"
"101","마케팅","마일리지","/mileage","100","button#100","button","active","ok","클릭 가능","screenshots/screens/101-marketing-mileage.png"
"101","마케팅","마일리지","/mileage","101","수동 처리","button","active","ok","클릭 가능","screenshots/screens/101-marketing-mileage.png"
"101","마케팅","마일리지","/mileage","102","button#102","button","active","ok","클릭 가능","screenshots/screens/101-marketing-mileage.png"
"101","마케팅","마일리지","/mileage","103","수동 처리","button","active","ok","클릭 가능","screenshots/screens/101-marketing-mileage.png"
"101","마케팅","마일리지","/mileage","104","button#104","button","active","ok","클릭 가능","screenshots/screens/101-marketing-mileage.png"
"101","마케팅","마일리지","/mileage","105","수동 처리","button","active","ok","클릭 가능","screenshots/screens/101-marketing-mileage.png"
"101","마케팅","마일리지","/mileage","106","button#106","button","active","ok","클릭 가능","screenshots/screens/101-marketing-mileage.png"
"101","마케팅","마일리지","/mileage","107","수동 처리","button","active","ok","클릭 가능","screenshots/screens/101-marketing-mileage.png"
"101","마케팅","마일리지","/mileage","108","button#108","button","active","ok","클릭 가능","screenshots/screens/101-marketing-mileage.png"
"101","마케팅","마일리지","/mileage","109","수동 처리","button","active","ok","클릭 가능","screenshots/screens/101-marketing-mileage.png"
"101","마케팅","마일리지","/mileage","110","button#110","button","active","ok","클릭 가능","screenshots/screens/101-marketing-mileage.png"
"101","마케팅","마일리지","/mileage","111","수동 처리","button","active","ok","클릭 가능","screenshots/screens/101-marketing-mileage.png"
"101","마케팅","마일리지","/mileage","112","button#112","button","active","ok","클릭 가능","screenshots/screens/101-marketing-mileage.png"
"101","마케팅","마일리지","/mileage","113","수동 처리","button","active","ok","클릭 가능","screenshots/screens/101-marketing-mileage.png"
"101","마케팅","마일리지","/mileage","114","button#114","button","active","ok","클릭 가능","screenshots/screens/101-marketing-mileage.png"
"101","마케팅","마일리지","/mileage","115","수동 처리","button","active","ok","클릭 가능","screenshots/screens/101-marketing-mileage.png"
"101","마케팅","마일리지","/mileage","116","button#116","button","active","ok","클릭 가능","screenshots/screens/101-marketing-mileage.png"
"101","마케팅","마일리지","/mileage","117","수동 처리","button","active","ok","클릭 가능","screenshots/screens/101-marketing-mileage.png"
"101","마케팅","마일리지","/mileage","118","button#118","button","active","ok","클릭 가능","screenshots/screens/101-marketing-mileage.png"
"101","마케팅","마일리지","/mileage","119","수동 처리","button","active","ok","클릭 가능","screenshots/screens/101-marketing-mileage.png"
"101","마케팅","마일리지","/mileage","120","button#120","button","active","ok","클릭 가능","screenshots/screens/101-marketing-mileage.png"
"101","마케팅","마일리지","/mileage","121","수동 처리","button","active","ok","클릭 가능","screenshots/screens/101-marketing-mileage.png"
"101","마케팅","마일리지","/mileage","122","button#122","button","active","ok","클릭 가능","screenshots/screens/101-marketing-mileage.png"
"101","마케팅","마일리지","/mileage","123","수동 처리","button","active","ok","클릭 가능","screenshots/screens/101-marketing-mileage.png"
"101","마케팅","마일리지","/mileage","124","button#124","button","active","ok","클릭 가능","screenshots/screens/101-marketing-mileage.png"
"101","마케팅","마일리지","/mileage","125","수동 처리","button","active","ok","클릭 가능","screenshots/screens/101-marketing-mileage.png"
"101","마케팅","마일리지","/mileage","126","button#126","button","active","ok","클릭 가능","screenshots/screens/101-marketing-mileage.png"
"101","마케팅","마일리지","/mileage","127","수동 처리","button","active","ok","클릭 가능","screenshots/screens/101-marketing-mileage.png"
"101","마케팅","마일리지","/mileage","128","button#128","button","active","ok","클릭 가능","screenshots/screens/101-marketing-mileage.png"
"101","마케팅","마일리지","/mileage","129","수동 처리","button","active","ok","클릭 가능","screenshots/screens/101-marketing-mileage.png"
"101","마케팅","마일리지","/mileage","130","button#130","button","active","ok","클릭 가능","screenshots/screens/101-marketing-mileage.png"
"101","마케팅","마일리지","/mileage","131","수동 처리","button","active","ok","클릭 가능","screenshots/screens/101-marketing-mileage.png"
"101","마케팅","마일리지","/mileage","132","button#132","button","active","ok","클릭 가능","screenshots/screens/101-marketing-mileage.png"
"101","마케팅","마일리지","/mileage","133","수동 처리","button","active","ok","클릭 가능","screenshots/screens/101-marketing-mileage.png"
"101","마케팅","마일리지","/mileage","134","button#134","button","active","ok","클릭 가능","screenshots/screens/101-marketing-mileage.png"
"101","마케팅","마일리지","/mileage","135","수동 처리","button","active","ok","클릭 가능","screenshots/screens/101-marketing-mileage.png"
"101","마케팅","마일리지","/mileage","136","button#136","button","active","ok","클릭 가능","screenshots/screens/101-marketing-mileage.png"
"101","마케팅","마일리지","/mileage","137","수동 처리","button","active","ok","클릭 가능","screenshots/screens/101-marketing-mileage.png"
"101","마케팅","마일리지","/mileage","138","button#138","button","active","ok","클릭 가능","screenshots/screens/101-marketing-mileage.png"
"101","마케팅","마일리지","/mileage","139","수동 처리","button","active","ok","클릭 가능","screenshots/screens/101-marketing-mileage.png"
"101","마케팅","마일리지","/mileage","140","button#140","button","active","ok","클릭 가능","screenshots/screens/101-marketing-mileage.png"
"101","마케팅","마일리지","/mileage","141","수동 처리","button","active","ok","클릭 가능","screenshots/screens/101-marketing-mileage.png"
"101","마케팅","마일리지","/mileage","142","button#142","button","active","ok","클릭 가능","screenshots/screens/101-marketing-mileage.png"
"101","마케팅","마일리지","/mileage","143","수동 처리","button","active","ok","클릭 가능","screenshots/screens/101-marketing-mileage.png"
"101","마케팅","마일리지","/mileage","144","button#144","button","active","ok","클릭 가능","screenshots/screens/101-marketing-mileage.png"
"101","마케팅","마일리지","/mileage","145","수동 처리","button","active","ok","클릭 가능","screenshots/screens/101-marketing-mileage.png"
"101","마케팅","마일리지","/mileage","146","button#146","button","active","ok","클릭 가능","screenshots/screens/101-marketing-mileage.png"
"101","마케팅","마일리지","/mileage","147","수동 처리","button","active","ok","클릭 가능","screenshots/screens/101-marketing-mileage.png"
"101","마케팅","마일리지","/mileage","148","button#148","button","active","ok","클릭 가능","screenshots/screens/101-marketing-mileage.png"
"101","마케팅","마일리지","/mileage","149","수동 처리","button","active","ok","클릭 가능","screenshots/screens/101-marketing-mileage.png"
"101","마케팅","마일리지","/mileage","150","button#150","button","active","ok","클릭 가능","screenshots/screens/101-marketing-mileage.png"
"101","마케팅","마일리지","/mileage","151","수동 처리","button","active","ok","클릭 가능","screenshots/screens/101-marketing-mileage.png"
"101","마케팅","마일리지","/mileage","152","button#152","button","active","ok","클릭 가능","screenshots/screens/101-marketing-mileage.png"
"101","마케팅","마일리지","/mileage","153","수동 처리","button","active","ok","클릭 가능","screenshots/screens/101-marketing-mileage.png"
"101","마케팅","마일리지","/mileage","154","button#154","button","active","ok","클릭 가능","screenshots/screens/101-marketing-mileage.png"
"101","마케팅","마일리지","/mileage","155","수동 처리","button","active","ok","클릭 가능","screenshots/screens/101-marketing-mileage.png"
"101","마케팅","마일리지","/mileage","156","button#156","button","active","ok","클릭 가능","screenshots/screens/101-marketing-mileage.png"
"101","마케팅","마일리지","/mileage","157","수동 처리","button","active","ok","클릭 가능","screenshots/screens/101-marketing-mileage.png"
"101","마케팅","마일리지","/mileage","158","button#158","button","active","ok","클릭 가능","screenshots/screens/101-marketing-mileage.png"
"101","마케팅","마일리지","/mileage","159","수동 처리","button","active","ok","클릭 가능","screenshots/screens/101-marketing-mileage.png"
"101","마케팅","마일리지","/mileage","160","button#160","button","active","ok","클릭 가능","screenshots/screens/101-marketing-mileage.png"
"101","마케팅","마일리지","/mileage","161","수동 처리","button","active","ok","클릭 가능","screenshots/screens/101-marketing-mileage.png"
"101","마케팅","마일리지","/mileage","162","button#162","button","active","ok","클릭 가능","screenshots/screens/101-marketing-mileage.png"
"101","마케팅","마일리지","/mileage","163","수동 처리","button","active","ok","클릭 가능","screenshots/screens/101-marketing-mileage.png"
"101","마케팅","마일리지","/mileage","164","button#164","button","active","ok","클릭 가능","screenshots/screens/101-marketing-mileage.png"
"101","마케팅","마일리지","/mileage","165","수동 처리","button","active","ok","클릭 가능","screenshots/screens/101-marketing-mileage.png"
"101","마케팅","마일리지","/mileage","166","button#166","button","active","ok","클릭 가능","screenshots/screens/101-marketing-mileage.png"
"101","마케팅","마일리지","/mileage","167","수동 처리","button","active","ok","클릭 가능","screenshots/screens/101-marketing-mileage.png"
"101","마케팅","마일리지","/mileage","168","button#168","button","active","ok","클릭 가능","screenshots/screens/101-marketing-mileage.png"
"101","마케팅","마일리지","/mileage","169","수동 처리","button","active","ok","클릭 가능","screenshots/screens/101-marketing-mileage.png"
"101","마케팅","마일리지","/mileage","170","button#170","button","active","ok","클릭 가능","screenshots/screens/101-marketing-mileage.png"
"101","마케팅","마일리지","/mileage","171","수동 처리","button","active","ok","클릭 가능","screenshots/screens/101-marketing-mileage.png"
"101","마케팅","마일리지","/mileage","172","button#172","button","active","ok","클릭 가능","screenshots/screens/101-marketing-mileage.png"
"101","마케팅","마일리지","/mileage","173","수동 처리","button","active","ok","클릭 가능","screenshots/screens/101-marketing-mileage.png"
"101","마케팅","마일리지","/mileage","174","button#174","button","active","ok","클릭 가능","screenshots/screens/101-marketing-mileage.png"
"101","마케팅","마일리지","/mileage","175","수동 처리","button","active","ok","클릭 가능","screenshots/screens/101-marketing-mileage.png"
"101","마케팅","마일리지","/mileage","176","button#176","button","active","ok","클릭 가능","screenshots/screens/101-marketing-mileage.png"
"101","마케팅","마일리지","/mileage","177","수동 처리","button","active","ok","클릭 가능","screenshots/screens/101-marketing-mileage.png"
"101","마케팅","마일리지","/mileage","178","button#178","button","active","ok","클릭 가능","screenshots/screens/101-marketing-mileage.png"
"101","마케팅","마일리지","/mileage","179","수동 처리","button","active","ok","클릭 가능","screenshots/screens/101-marketing-mileage.png"
"101","마케팅","마일리지","/mileage","180","button#180","button","active","ok","클릭 가능","screenshots/screens/101-marketing-mileage.png"
"101","마케팅","마일리지","/mileage","181","수동 처리","button","active","ok","클릭 가능","screenshots/screens/101-marketing-mileage.png"
"101","마케팅","마일리지","/mileage","182","button#182","button","active","ok","클릭 가능","screenshots/screens/101-marketing-mileage.png"
"101","마케팅","마일리지","/mileage","183","수동 처리","button","active","ok","클릭 가능","screenshots/screens/101-marketing-mileage.png"
"101","마케팅","마일리지","/mileage","184","button#184","button","active","ok","클릭 가능","screenshots/screens/101-marketing-mileage.png"
"101","마케팅","마일리지","/mileage","185","수동 처리","button","active","ok","클릭 가능","screenshots/screens/101-marketing-mileage.png"
"101","마케팅","마일리지","/mileage","186","button#186","button","active","ok","클릭 가능","screenshots/screens/101-marketing-mileage.png"
"101","마케팅","마일리지","/mileage","187","수동 처리","button","active","ok","클릭 가능","screenshots/screens/101-marketing-mileage.png"
"101","마케팅","마일리지","/mileage","188","button#188","button","active","ok","클릭 가능","screenshots/screens/101-marketing-mileage.png"
"101","마케팅","마일리지","/mileage","189","수동 처리","button","active","ok","클릭 가능","screenshots/screens/101-marketing-mileage.png"
"101","마케팅","마일리지","/mileage","190","button#190","button","active","ok","클릭 가능","screenshots/screens/101-marketing-mileage.png"
"101","마케팅","마일리지","/mileage","191","수동 처리","button","active","ok","클릭 가능","screenshots/screens/101-marketing-mileage.png"
"101","마케팅","마일리지","/mileage","192","button#192","button","active","ok","클릭 가능","screenshots/screens/101-marketing-mileage.png"
"101","마케팅","마일리지","/mileage","193","수동 처리","button","active","ok","클릭 가능","screenshots/screens/101-marketing-mileage.png"
"101","마케팅","마일리지","/mileage","194","button#194","button","active","ok","클릭 가능","screenshots/screens/101-marketing-mileage.png"
"101","마케팅","마일리지","/mileage","195","수동 처리","button","active","ok","클릭 가능","screenshots/screens/101-marketing-mileage.png"
"101","마케팅","마일리지","/mileage","196","button#196","button","active","ok","클릭 가능","screenshots/screens/101-marketing-mileage.png"
"101","마케팅","마일리지","/mileage","197","수동 처리","button","active","ok","클릭 가능","screenshots/screens/101-marketing-mileage.png"
"101","마케팅","마일리지","/mileage","198","button#198","button","active","ok","클릭 가능","screenshots/screens/101-marketing-mileage.png"
"101","마케팅","마일리지","/mileage","199","수동 처리","button","active","ok","클릭 가능","screenshots/screens/101-marketing-mileage.png"
"101","마케팅","마일리지","/mileage","200","button#200","button","active","ok","클릭 가능","screenshots/screens/101-marketing-mileage.png"
"101","마케팅","마일리지","/mileage","201","수동 처리","button","active","ok","클릭 가능","screenshots/screens/101-marketing-mileage.png"
"101","마케팅","마일리지","/mileage","202","button#202","button","active","ok","클릭 가능","screenshots/screens/101-marketing-mileage.png"
"101","마케팅","마일리지","/mileage","203","수동 처리","button","active","ok","클릭 가능","screenshots/screens/101-marketing-mileage.png"
"101","마케팅","마일리지","/mileage","204","button#204","button","active","ok","클릭 가능","screenshots/screens/101-marketing-mileage.png"
"101","마케팅","마일리지","/mileage","205","수동 처리","button","active","ok","클릭 가능","screenshots/screens/101-marketing-mileage.png"
"101","마케팅","마일리지","/mileage","206","button#206","button","active","ok","클릭 가능","screenshots/screens/101-marketing-mileage.png"
"101","마케팅","마일리지","/mileage","207","수동 처리","button","active","ok","클릭 가능","screenshots/screens/101-marketing-mileage.png"
"101","마케팅","마일리지","/mileage","208","button#208","button","active","ok","클릭 가능","screenshots/screens/101-marketing-mileage.png"
"101","마케팅","마일리지","/mileage","209","수동 처리","button","active","ok","클릭 가능","screenshots/screens/101-marketing-mileage.png"
"101","마케팅","마일리지","/mileage","210","button#210","button","active","ok","클릭 가능","screenshots/screens/101-marketing-mileage.png"
"101","마케팅","마일리지","/mileage","211","수동 처리","button","active","ok","클릭 가능","screenshots/screens/101-marketing-mileage.png"
"101","마케팅","마일리지","/mileage","212","button#212","button","active","ok","클릭 가능","screenshots/screens/101-marketing-mileage.png"
"101","마케팅","마일리지","/mileage","213","수동 처리","button","active","ok","클릭 가능","screenshots/screens/101-marketing-mileage.png"
"101","마케팅","마일리지","/mileage","214","button#214","button","active","ok","클릭 가능","screenshots/screens/101-marketing-mileage.png"
"101","마케팅","마일리지","/mileage","215","수동 처리","button","active","ok","클릭 가능","screenshots/screens/101-marketing-mileage.png"
"101","마케팅","마일리지","/mileage","216","button#216","button","active","ok","클릭 가능","screenshots/screens/101-marketing-mileage.png"
"101","마케팅","마일리지","/mileage","217","수동 처리","button","active","ok","클릭 가능","screenshots/screens/101-marketing-mileage.png"
"101","마케팅","마일리지","/mileage","218","button#218","button","active","ok","클릭 가능","screenshots/screens/101-marketing-mileage.png"
"101","마케팅","마일리지","/mileage","219","수동 처리","button","active","ok","클릭 가능","screenshots/screens/101-marketing-mileage.png"
"101","마케팅","마일리지","/mileage","220","button#220","button","active","ok","클릭 가능","screenshots/screens/101-marketing-mileage.png"
"101","마케팅","마일리지","/mileage","221","수동 처리","button","active","ok","클릭 가능","screenshots/screens/101-marketing-mileage.png"
"101","마케팅","마일리지","/mileage","222","button#222","button","active","ok","클릭 가능","screenshots/screens/101-marketing-mileage.png"
"101","마케팅","마일리지","/mileage","223","수동 처리","button","active","ok","클릭 가능","screenshots/screens/101-marketing-mileage.png"
"101","마케팅","마일리지","/mileage","224","button#224","button","active","ok","클릭 가능","screenshots/screens/101-marketing-mileage.png"
"101","마케팅","마일리지","/mileage","225","수동 처리","button","active","ok","클릭 가능","screenshots/screens/101-marketing-mileage.png"
"101","마케팅","마일리지","/mileage","226","button#226","button","active","ok","클릭 가능","screenshots/screens/101-marketing-mileage.png"
"101","마케팅","마일리지","/mileage","227","수동 처리","button","active","ok","클릭 가능","screenshots/screens/101-marketing-mileage.png"
"101","마케팅","마일리지","/mileage","228","button#228","button","active","ok","클릭 가능","screenshots/screens/101-marketing-mileage.png"
"101","마케팅","마일리지","/mileage","229","수동 처리","button","active","ok","클릭 가능","screenshots/screens/101-marketing-mileage.png"
"101","마케팅","마일리지","/mileage","230","button#230","button","active","ok","클릭 가능","screenshots/screens/101-marketing-mileage.png"
"101","마케팅","마일리지","/mileage","231","수동 처리","button","active","ok","클릭 가능","screenshots/screens/101-marketing-mileage.png"
"101","마케팅","마일리지","/mileage","232","button#232","button","active","ok","클릭 가능","screenshots/screens/101-marketing-mileage.png"
"101","마케팅","마일리지","/mileage","233","수동 처리","button","active","ok","클릭 가능","screenshots/screens/101-marketing-mileage.png"
"101","마케팅","마일리지","/mileage","234","button#234","button","active","ok","클릭 가능","screenshots/screens/101-marketing-mileage.png"
"101","마케팅","마일리지","/mileage","235","수동 처리","button","active","ok","클릭 가능","screenshots/screens/101-marketing-mileage.png"
"101","마케팅","마일리지","/mileage","236","button#236","button","active","ok","클릭 가능","screenshots/screens/101-marketing-mileage.png"
"101","마케팅","마일리지","/mileage","237","수동 처리","button","active","ok","클릭 가능","screenshots/screens/101-marketing-mileage.png"
"101","마케팅","마일리지","/mileage","238","button#238","button","active","ok","클릭 가능","screenshots/screens/101-marketing-mileage.png"
"101","마케팅","마일리지","/mileage","239","수동 처리","button","active","ok","클릭 가능","screenshots/screens/101-marketing-mileage.png"
"101","마케팅","마일리지","/mileage","240","button#240","button","active","ok","클릭 가능","screenshots/screens/101-marketing-mileage.png"
"101","마케팅","마일리지","/mileage","241","수동 처리","button","active","ok","클릭 가능","screenshots/screens/101-marketing-mileage.png"
"101","마케팅","마일리지","/mileage","242","button#242","button","active","ok","클릭 가능","screenshots/screens/101-marketing-mileage.png"
"101","마케팅","마일리지","/mileage","243","수동 처리","button","active","ok","클릭 가능","screenshots/screens/101-marketing-mileage.png"
"101","마케팅","마일리지","/mileage","244","button#244","button","active","ok","클릭 가능","screenshots/screens/101-marketing-mileage.png"
"101","마케팅","마일리지","/mileage","245","수동 처리","button","active","ok","클릭 가능","screenshots/screens/101-marketing-mileage.png"
"101","마케팅","마일리지","/mileage","246","button#246","button","active","ok","클릭 가능","screenshots/screens/101-marketing-mileage.png"
"101","마케팅","마일리지","/mileage","247","수동 처리","button","active","ok","클릭 가능","screenshots/screens/101-marketing-mileage.png"
"101","마케팅","마일리지","/mileage","248","button#248","button","active","ok","클릭 가능","screenshots/screens/101-marketing-mileage.png"
"101","마케팅","마일리지","/mileage","249","수동 처리","button","active","ok","클릭 가능","screenshots/screens/101-marketing-mileage.png"
"101","마케팅","마일리지","/mileage","250","button#250","button","active","ok","클릭 가능","screenshots/screens/101-marketing-mileage.png"
"101","마케팅","마일리지","/mileage","251","수동 처리","button","active","ok","클릭 가능","screenshots/screens/101-marketing-mileage.png"
"101","마케팅","마일리지","/mileage","252","button#252","button","active","ok","클릭 가능","screenshots/screens/101-marketing-mileage.png"
"101","마케팅","마일리지","/mileage","253","수동 처리","button","active","ok","클릭 가능","screenshots/screens/101-marketing-mileage.png"
"101","마케팅","마일리지","/mileage","254","button#254","button","active","ok","클릭 가능","screenshots/screens/101-marketing-mileage.png"
"101","마케팅","마일리지","/mileage","255","수동 처리","button","active","ok","클릭 가능","screenshots/screens/101-marketing-mileage.png"
"101","마케팅","마일리지","/mileage","256","button#256","button","active","ok","클릭 가능","screenshots/screens/101-marketing-mileage.png"
"101","마케팅","마일리지","/mileage","257","수동 처리","button","active","ok","클릭 가능","screenshots/screens/101-marketing-mileage.png"
"101","마케팅","마일리지","/mileage","258","button#258","button","active","ok","클릭 가능","screenshots/screens/101-marketing-mileage.png"
"101","마케팅","마일리지","/mileage","259","수동 처리","button","active","ok","클릭 가능","screenshots/screens/101-marketing-mileage.png"
"101","마케팅","마일리지","/mileage","260","button#260","button","active","ok","클릭 가능","screenshots/screens/101-marketing-mileage.png"
"101","마케팅","마일리지","/mileage","261","button#261","button","disabled","disabled","비활성 상태","screenshots/screens/101-marketing-mileage.png"
"101","마케팅","마일리지","/mileage","262","1","button","active","ok","클릭 가능","screenshots/screens/101-marketing-mileage.png"
"101","마케팅","마일리지","/mileage","263","2","button","active","ok","클릭 가능","screenshots/screens/101-marketing-mileage.png"
"101","마케팅","마일리지","/mileage","264","3","button","active","ok","클릭 가능","screenshots/screens/101-marketing-mileage.png"
"101","마케팅","마일리지","/mileage","265","4","button","active","ok","클릭 가능","screenshots/screens/101-marketing-mileage.png"
"101","마케팅","마일리지","/mileage","266","5","button","active","ok","클릭 가능","screenshots/screens/101-marketing-mileage.png"
"101","마케팅","마일리지","/mileage","267","button#267","button","active","ok","클릭 가능","screenshots/screens/101-marketing-mileage.png"
"102","마케팅","메시지 발송","/message","1","메시지 전송","button","active","ok","클릭 가능","screenshots/screens/102-marketing-message.png"
"102","마케팅","메시지 발송","/message","2","발송 이력","button","active","ok","클릭 가능","screenshots/screens/102-marketing-message.png"
"102","마케팅","메시지 발송","/message","3","02-1234-5678 (대표번호)","button","active","ok","클릭 가능","screenshots/screens/102-marketing-message.png"
"102","마케팅","메시지 발송","/message","4","전체","button","active","ok","클릭 가능","screenshots/screens/102-marketing-message.png"
"102","마케팅","메시지 발송","/message","5","활성 회원","button","active","ok","클릭 가능","screenshots/screens/102-marketing-message.png"
"102","마케팅","메시지 발송","/message","6","만료임박 (7일)","button","active","ok","클릭 가능","screenshots/screens/102-marketing-message.png"
"102","마케팅","메시지 발송","/message","7","PT 회원","button","active","ok","클릭 가능","screenshots/screens/102-marketing-message.png"
"102","마케팅","메시지 발송","/message","8","장기 미출석","button","active","ok","클릭 가능","screenshots/screens/102-marketing-message.png"
"102","마케팅","메시지 발송","/message","9","대상 검색","button","active","ok","클릭 가능","screenshots/screens/102-marketing-message.png"
"102","마케팅","메시지 발송","/message","10","#{이름}","button","active","ok","클릭 가능","screenshots/screens/102-marketing-message.png"
"102","마케팅","메시지 발송","/message","11","#{만료일}","button","active","ok","클릭 가능","screenshots/screens/102-marketing-message.png"
"102","마케팅","메시지 발송","/message","12","#{상품명}","button","active","ok","클릭 가능","screenshots/screens/102-marketing-message.png"
"102","마케팅","메시지 발송","/message","13","#{잔여횟수}","button","active","ok","클릭 가능","screenshots/screens/102-marketing-message.png"
"102","마케팅","메시지 발송","/message","14","#{센터명}","button","active","ok","클릭 가능","screenshots/screens/102-marketing-message.png"
"102","마케팅","메시지 발송","/message","15","메시지 발송","button","disabled","disabled","비활성 상태","screenshots/screens/102-marketing-message.png"
"102","마케팅","메시지 발송","/message","16","상세 설정","button","active","ok","클릭 가능","screenshots/screens/102-marketing-message.png"
"102","마케팅","메시지 발송","/message","17","button#17","button","disabled","disabled","비활성 상태","screenshots/screens/102-marketing-message.png"
"102","마케팅","메시지 발송","/message","18","1","button","active","ok","클릭 가능","screenshots/screens/102-marketing-message.png"
"102","마케팅","메시지 발송","/message","19","2","button","active","ok","클릭 가능","screenshots/screens/102-marketing-message.png"
"102","마케팅","메시지 발송","/message","20","button#20","button","active","ok","클릭 가능","screenshots/screens/102-marketing-message.png"
"103","마케팅","자동 알림","/message/auto-alarm","1","메시지 발송","button","active","ok","클릭 가능","screenshots/screens/103-marketing-message-auto-alarm.png"
"103","마케팅","자동 알림","/message/auto-alarm","2","모두 사용","button","active","ok","클릭 가능","screenshots/screens/103-marketing-message-auto-alarm.png"
"103","마케팅","자동 알림","/message/auto-alarm","3","설정 추가","button","active","ok","클릭 가능","screenshots/screens/103-marketing-message-auto-alarm.png"
"103","마케팅","자동 알림","/message/auto-alarm","4","02-1234-5678 (대표번호)","button","active","ok","클릭 가능","screenshots/screens/103-marketing-message-auto-alarm.png"
"103","마케팅","자동 알림","/message/auto-alarm","6","button#6","button","active","ok","클릭 가능","screenshots/screens/103-marketing-message-auto-alarm.png"
"103","마케팅","자동 알림","/message/auto-alarm","8","button#8","button","active","ok","클릭 가능","screenshots/screens/103-marketing-message-auto-alarm.png"
"103","마케팅","자동 알림","/message/auto-alarm","10","button#10","button","active","ok","클릭 가능","screenshots/screens/103-marketing-message-auto-alarm.png"
"103","마케팅","자동 알림","/message/auto-alarm","12","button#12","button","active","ok","클릭 가능","screenshots/screens/103-marketing-message-auto-alarm.png"
"103","마케팅","자동 알림","/message/auto-alarm","14","button#14","button","active","ok","클릭 가능","screenshots/screens/103-marketing-message-auto-alarm.png"
"103","마케팅","자동 알림","/message/auto-alarm","15","편집","button","active","ok","클릭 가능","screenshots/screens/103-marketing-message-auto-alarm.png"
"103","마케팅","자동 알림","/message/auto-alarm","16","button#16","button","active","ok","클릭 가능","screenshots/screens/103-marketing-message-auto-alarm.png"
"103","마케팅","자동 알림","/message/auto-alarm","18","button#18","button","active","ok","클릭 가능","screenshots/screens/103-marketing-message-auto-alarm.png"
"103","마케팅","자동 알림","/message/auto-alarm","20","button#20","button","active","ok","클릭 가능","screenshots/screens/103-marketing-message-auto-alarm.png"
"103","마케팅","자동 알림","/message/auto-alarm","22","button#22","button","active","ok","클릭 가능","screenshots/screens/103-marketing-message-auto-alarm.png"
"103","마케팅","자동 알림","/message/auto-alarm","24","button#24","button","active","ok","클릭 가능","screenshots/screens/103-marketing-message-auto-alarm.png"
"103","마케팅","자동 알림","/message/auto-alarm","26","button#26","button","active","ok","클릭 가능","screenshots/screens/103-marketing-message-auto-alarm.png"
"103","마케팅","자동 알림","/message/auto-alarm","28","button#28","button","active","ok","클릭 가능","screenshots/screens/103-marketing-message-auto-alarm.png"
"103","마케팅","자동 알림","/message/auto-alarm","30","button#30","button","active","ok","클릭 가능","screenshots/screens/103-marketing-message-auto-alarm.png"
"104","마케팅","캠페인 관리","/marketing/campaign","1","캠페인 생성","button","active","ok","클릭 가능","screenshots/screens/104-marketing-marketing-campaign.png"
"105","마케팅","쿠폰 관리","/message/coupon","1","신규 쿠폰 생성","button","active","ok","클릭 가능","screenshots/screens/105-marketing-message-coupon.png"
"105","마케팅","쿠폰 관리","/message/coupon","2","쿠폰 목록","button","active","ok","클릭 가능","screenshots/screens/105-marketing-message-coupon.png"
"105","마케팅","쿠폰 관리","/message/coupon","3","발급 이력","button","active","ok","클릭 가능","screenshots/screens/105-marketing-message-coupon.png"
"105","마케팅","쿠폰 관리","/message/coupon","4","초기화","button","active","ok","클릭 가능","screenshots/screens/105-marketing-message-coupon.png"
"105","마케팅","쿠폰 관리","/message/coupon","5","Excel","button","active","ok","클릭 가능","screenshots/screens/105-marketing-message-coupon.png"
"105","마케팅","쿠폰 관리","/message/coupon","6","코드 복사","button","active","ok","클릭 가능","screenshots/screens/105-marketing-message-coupon.png"
"105","마케팅","쿠폰 관리","/message/coupon","7","쿠폰 발급","button","active","ok","클릭 가능","screenshots/screens/105-marketing-message-coupon.png"
"105","마케팅","쿠폰 관리","/message/coupon","8","수정","button","active","ok","클릭 가능","screenshots/screens/105-marketing-message-coupon.png"
"105","마케팅","쿠폰 관리","/message/coupon","9","삭제","button","disabled","disabled","비활성 상태","screenshots/screens/105-marketing-message-coupon.png"
"105","마케팅","쿠폰 관리","/message/coupon","10","코드 복사","button","active","ok","클릭 가능","screenshots/screens/105-marketing-message-coupon.png"
"105","마케팅","쿠폰 관리","/message/coupon","11","쿠폰 발급","button","active","ok","클릭 가능","screenshots/screens/105-marketing-message-coupon.png"
"105","마케팅","쿠폰 관리","/message/coupon","12","수정","button","active","ok","클릭 가능","screenshots/screens/105-marketing-message-coupon.png"
"105","마케팅","쿠폰 관리","/message/coupon","13","삭제","button","disabled","disabled","비활성 상태","screenshots/screens/105-marketing-message-coupon.png"
"105","마케팅","쿠폰 관리","/message/coupon","14","코드 복사","button","active","ok","클릭 가능","screenshots/screens/105-marketing-message-coupon.png"
"105","마케팅","쿠폰 관리","/message/coupon","15","쿠폰 발급","button","active","ok","클릭 가능","screenshots/screens/105-marketing-message-coupon.png"
"105","마케팅","쿠폰 관리","/message/coupon","16","수정","button","active","ok","클릭 가능","screenshots/screens/105-marketing-message-coupon.png"
"105","마케팅","쿠폰 관리","/message/coupon","17","삭제","button","disabled","disabled","비활성 상태","screenshots/screens/105-marketing-message-coupon.png"
"105","마케팅","쿠폰 관리","/message/coupon","18","button#18","button","disabled","disabled","비활성 상태","screenshots/screens/105-marketing-message-coupon.png"
"105","마케팅","쿠폰 관리","/message/coupon","19","1","button","active","ok","클릭 가능","screenshots/screens/105-marketing-message-coupon.png"
"105","마케팅","쿠폰 관리","/message/coupon","20","button#20","button","disabled","disabled","비활성 상태","screenshots/screens/105-marketing-message-coupon.png"
"106","마케팅","A/B 테스트","/marketing/ab-test","1","테스트 생성","button","active","ok","클릭 가능","screenshots/screens/106-marketing-marketing-ab-test.png"
"107","마케팅","SMS / 카카오 발송","/marketing/sms","1","새 발송","button","active","ok","클릭 가능","screenshots/screens/107-marketing-marketing-sms.png"
"107","마케팅","SMS / 카카오 발송","/marketing/sms","2","발송이력","button","active","ok","클릭 가능","screenshots/screens/107-marketing-marketing-sms.png"
"107","마케팅","SMS / 카카오 발송","/marketing/sms","3","템플릿","button","active","ok","클릭 가능","screenshots/screens/107-marketing-marketing-sms.png"
"107","마케팅","SMS / 카카오 발송","/marketing/sms","4","새 발송","button","active","ok","클릭 가능","screenshots/screens/107-marketing-marketing-sms.png"
"108","직원관리","급여 명세서","/payroll/statements","1","일괄 인쇄","button","active","ok","클릭 가능","screenshots/screens/108-staff-payroll-statements.png"
"108","직원관리","급여 명세서","/payroll/statements","2","test","button","active","ok","클릭 가능","screenshots/screens/108-staff-payroll-statements.png"
"108","직원관리","급여 명세서","/payroll/statements","3","2026년 5월","button","active","ok","클릭 가능","screenshots/screens/108-staff-payroll-statements.png"
"108","직원관리","급여 명세서","/payroll/statements","4","Excel","button","active","ok","클릭 가능","screenshots/screens/108-staff-payroll-statements.png"
"108","직원관리","급여 명세서","/payroll/statements","5","상세보기","button","active","ok","클릭 가능","screenshots/screens/108-staff-payroll-statements.png"
"108","직원관리","급여 명세서","/payroll/statements","6","상세보기","button","active","ok","클릭 가능","screenshots/screens/108-staff-payroll-statements.png"
"108","직원관리","급여 명세서","/payroll/statements","7","상세보기","button","active","ok","클릭 가능","screenshots/screens/108-staff-payroll-statements.png"
"108","직원관리","급여 명세서","/payroll/statements","8","상세보기","button","active","ok","클릭 가능","screenshots/screens/108-staff-payroll-statements.png"
"108","직원관리","급여 명세서","/payroll/statements","9","상세보기","button","active","ok","클릭 가능","screenshots/screens/108-staff-payroll-statements.png"
"108","직원관리","급여 명세서","/payroll/statements","10","상세보기","button","active","ok","클릭 가능","screenshots/screens/108-staff-payroll-statements.png"
"108","직원관리","급여 명세서","/payroll/statements","11","상세보기","button","active","ok","클릭 가능","screenshots/screens/108-staff-payroll-statements.png"
"108","직원관리","급여 명세서","/payroll/statements","12","button#12","button","disabled","disabled","비활성 상태","screenshots/screens/108-staff-payroll-statements.png"
"108","직원관리","급여 명세서","/payroll/statements","13","1","button","active","ok","클릭 가능","screenshots/screens/108-staff-payroll-statements.png"
"108","직원관리","급여 명세서","/payroll/statements","14","button#14","button","disabled","disabled","비활성 상태","screenshots/screens/108-staff-payroll-statements.png"
"109","직원관리","직원 등록","/staff/new","1","취소","button","active","ok","클릭 가능","screenshots/screens/109-staff-staff-new.png"
"109","직원관리","직원 등록","/staff/new","2","직원 등록","button","active","ok","클릭 가능","screenshots/screens/109-staff-staff-new.png"
"109","직원관리","직원 등록","/staff/new","3","새 비밀번호 생성","button","active","ok","클릭 가능","screenshots/screens/109-staff-staff-new.png"
"110","직원관리","직원 수정","/staff/edit","1","취소","button","active","ok","클릭 가능","screenshots/screens/110-staff-staff-edit.png"
"110","직원관리","직원 수정","/staff/edit","2","직원 등록","button","active","ok","클릭 가능","screenshots/screens/110-staff-staff-edit.png"
"110","직원관리","직원 수정","/staff/edit","3","새 비밀번호 생성","button","active","ok","클릭 가능","screenshots/screens/110-staff-staff-edit.png"
"111","직원관리","퇴사 처리","/staff/resignation","1","직원을 선택하세요","button","active","ok","클릭 가능","screenshots/screens/111-staff-staff-resignation.png"
"111","직원관리","퇴사 처리","/staff/resignation","2","다음","button","active","ok","클릭 가능","screenshots/screens/111-staff-staff-resignation.png"
"112","직원관리","급여 관리","/payroll","1","2026년 5월","button","active","ok","클릭 가능","screenshots/screens/112-staff-payroll.png"
"112","직원관리","급여 관리","/payroll","2","급여 확정","button","active","ok","클릭 가능","screenshots/screens/112-staff-payroll.png"
"112","직원관리","급여 관리","/payroll","3","내보내기","button","active","ok","클릭 가능","screenshots/screens/112-staff-payroll.png"
"112","직원관리","급여 관리","/payroll","4","초기화","button","active","ok","클릭 가능","screenshots/screens/112-staff-payroll.png"
"112","직원관리","급여 관리","/payroll","5","Excel","button","active","ok","클릭 가능","screenshots/screens/112-staff-payroll.png"
"112","직원관리","급여 관리","/payroll","6","직원명","button","active","ok","클릭 가능","screenshots/screens/112-staff-payroll.png"
"112","직원관리","급여 관리","/payroll","7","기본급","button","active","ok","클릭 가능","screenshots/screens/112-staff-payroll.png"
"112","직원관리","급여 관리","/payroll","8","인센티브","button","active","ok","클릭 가능","screenshots/screens/112-staff-payroll.png"
"112","직원관리","급여 관리","/payroll","9","공제","button","active","ok","클릭 가능","screenshots/screens/112-staff-payroll.png"
"112","직원관리","급여 관리","/payroll","10","실지급액","button","active","ok","클릭 가능","screenshots/screens/112-staff-payroll.png"
"112","직원관리","급여 관리","/payroll","11","button#11","button","disabled","disabled","비활성 상태","screenshots/screens/112-staff-payroll.png"
"112","직원관리","급여 관리","/payroll","12","button#12","button","active","ok","클릭 가능","screenshots/screens/112-staff-payroll.png"
"112","직원관리","급여 관리","/payroll","13","명세서 바로가기","button","active","ok","클릭 가능","screenshots/screens/112-staff-payroll.png"
"113","직원관리","직원 근태","/staff/attendance","1","일별 뷰","button","active","ok","클릭 가능","screenshots/screens/113-staff-staff-attendance.png"
"113","직원관리","직원 근태","/staff/attendance","2","월별 요약","button","active","ok","클릭 가능","screenshots/screens/113-staff-staff-attendance.png"
"113","직원관리","직원 근태","/staff/attendance","3","출근","button","active","ok","클릭 가능","screenshots/screens/113-staff-staff-attendance.png"
"113","직원관리","직원 근태","/staff/attendance","4","출근","button","active","ok","클릭 가능","screenshots/screens/113-staff-staff-attendance.png"
"113","직원관리","직원 근태","/staff/attendance","5","출근","button","active","ok","클릭 가능","screenshots/screens/113-staff-staff-attendance.png"
"113","직원관리","직원 근태","/staff/attendance","6","출근","button","active","ok","클릭 가능","screenshots/screens/113-staff-staff-attendance.png"
"113","직원관리","직원 근태","/staff/attendance","7","출근","button","active","ok","클릭 가능","screenshots/screens/113-staff-staff-attendance.png"
"113","직원관리","직원 근태","/staff/attendance","8","출근","button","active","ok","클릭 가능","screenshots/screens/113-staff-staff-attendance.png"
"113","직원관리","직원 근태","/staff/attendance","9","출근","button","active","ok","클릭 가능","screenshots/screens/113-staff-staff-attendance.png"
"113","직원관리","직원 근태","/staff/attendance","10","button#10","button","disabled","disabled","비활성 상태","screenshots/screens/113-staff-staff-attendance.png"
"113","직원관리","직원 근태","/staff/attendance","11","1","button","active","ok","클릭 가능","screenshots/screens/113-staff-staff-attendance.png"
"113","직원관리","직원 근태","/staff/attendance","12","button#12","button","disabled","disabled","비활성 상태","screenshots/screens/113-staff-staff-attendance.png"
"114","직원관리","직원 목록","/staff","1","직원 등록","button","active","ok","클릭 가능","screenshots/screens/114-staff-staff.png"
"114","직원관리","직원 목록","/staff","2","초기화","button","active","ok","클릭 가능","screenshots/screens/114-staff-staff.png"
"114","직원관리","직원 목록","/staff","3","메시지 전송","button","disabled","disabled","비활성 상태","screenshots/screens/114-staff-staff.png"
"114","직원관리","직원 목록","/staff","4","상태 변경","button","disabled","disabled","비활성 상태","screenshots/screens/114-staff-staff.png"
"114","직원관리","직원 목록","/staff","5","퇴사 처리","button","disabled","disabled","비활성 상태","screenshots/screens/114-staff-staff.png"
"114","직원관리","직원 목록","/staff","6","명단 다운로드","button","active","ok","클릭 가능","screenshots/screens/114-staff-staff.png"
"114","직원관리","직원 목록","/staff","7","Excel","button","active","ok","클릭 가능","screenshots/screens/114-staff-staff.png"
"114","직원관리","직원 목록","/staff","8","직원명","button","active","ok","클릭 가능","screenshots/screens/114-staff-staff.png"
"114","직원관리","직원 목록","/staff","9","소속 지점","button","active","ok","클릭 가능","screenshots/screens/114-staff-staff.png"
"114","직원관리","직원 목록","/staff","10","역할","button","active","ok","클릭 가능","screenshots/screens/114-staff-staff.png"
"114","직원관리","직원 목록","/staff","11","입사일","button","active","ok","클릭 가능","screenshots/screens/114-staff-staff.png"
"114","직원관리","직원 목록","/staff","12","상태","button","active","ok","클릭 가능","screenshots/screens/114-staff-staff.png"
"114","직원관리","직원 목록","/staff","13","test","button","active","ok","클릭 가능","screenshots/screens/114-staff-staff.png"
"114","직원관리","직원 목록","/staff","14","button#14","button","active","ok","클릭 가능","screenshots/screens/114-staff-staff.png"
"114","직원관리","직원 목록","/staff","15","김태희","button","active","ok","클릭 가능","screenshots/screens/114-staff-staff.png"
"114","직원관리","직원 목록","/staff","16","button#16","button","active","ok","클릭 가능","screenshots/screens/114-staff-staff.png"
"114","직원관리","직원 목록","/staff","17","박성훈","button","active","ok","클릭 가능","screenshots/screens/114-staff-staff.png"
"114","직원관리","직원 목록","/staff","18","button#18","button","active","ok","클릭 가능","screenshots/screens/114-staff-staff.png"
"114","직원관리","직원 목록","/staff","19","이수진","button","active","ok","클릭 가능","screenshots/screens/114-staff-staff.png"
"114","직원관리","직원 목록","/staff","20","button#20","button","active","ok","클릭 가능","screenshots/screens/114-staff-staff.png"
"114","직원관리","직원 목록","/staff","21","조성민","button","active","ok","클릭 가능","screenshots/screens/114-staff-staff.png"
"114","직원관리","직원 목록","/staff","22","button#22","button","active","ok","클릭 가능","screenshots/screens/114-staff-staff.png"
"114","직원관리","직원 목록","/staff","23","최준혁","button","active","ok","클릭 가능","screenshots/screens/114-staff-staff.png"
"114","직원관리","직원 목록","/staff","24","button#24","button","active","ok","클릭 가능","screenshots/screens/114-staff-staff.png"
"114","직원관리","직원 목록","/staff","25","한지혜","button","active","ok","클릭 가능","screenshots/screens/114-staff-staff.png"
"114","직원관리","직원 목록","/staff","26","button#26","button","active","ok","클릭 가능","screenshots/screens/114-staff-staff.png"
"114","직원관리","직원 목록","/staff","27","이효리","button","active","ok","클릭 가능","screenshots/screens/114-staff-staff.png"
"114","직원관리","직원 목록","/staff","28","button#28","button","active","ok","클릭 가능","screenshots/screens/114-staff-staff.png"
"114","직원관리","직원 목록","/staff","29","정지훈","button","active","ok","클릭 가능","screenshots/screens/114-staff-staff.png"
"114","직원관리","직원 목록","/staff","30","button#30","button","active","ok","클릭 가능","screenshots/screens/114-staff-staff.png"
"114","직원관리","직원 목록","/staff","31","박재범","button","active","ok","클릭 가능","screenshots/screens/114-staff-staff.png"
"114","직원관리","직원 목록","/staff","32","button#32","button","active","ok","클릭 가능","screenshots/screens/114-staff-staff.png"
"114","직원관리","직원 목록","/staff","33","button#33","button","disabled","disabled","비활성 상태","screenshots/screens/114-staff-staff.png"
"114","직원관리","직원 목록","/staff","34","1","button","active","ok","클릭 가능","screenshots/screens/114-staff-staff.png"
"114","직원관리","직원 목록","/staff","35","2","button","active","ok","클릭 가능","screenshots/screens/114-staff-staff.png"
"114","직원관리","직원 목록","/staff","36","3","button","active","ok","클릭 가능","screenshots/screens/114-staff-staff.png"
"114","직원관리","직원 목록","/staff","37","button#37","button","active","ok","클릭 가능","screenshots/screens/114-staff-staff.png"
"115","상품관리","상품 상세 패널","/products/detail","1","수정","button","active","ok","클릭 가능","screenshots/screens/115-product-products-detail.png"
"116","상품관리","상품 등록","/products/new","1","닫기","button","active","ok","클릭 가능","screenshots/screens/116-product-products-new.png"
"116","상품관리","상품 등록","/products/new","2","상품정보가져오기","button","active","ok","클릭 가능","screenshots/screens/116-product-products-new.png"
"116","상품관리","상품 등록","/products/new","3","신규","button","active","ok","클릭 가능","screenshots/screens/116-product-products-new.png"
"116","상품관리","상품 등록","/products/new","4","등록","button","active","ok","클릭 가능","screenshots/screens/116-product-products-new.png"
"116","상품관리","상품 등록","/products/new","5","종료","button","active","ok","클릭 가능","screenshots/screens/116-product-products-new.png"
"117","상품관리","상품 수정","/products/edit","1","닫기","button","active","ok","클릭 가능","screenshots/screens/117-product-products-edit.png"
"117","상품관리","상품 수정","/products/edit","2","상품정보가져오기","button","active","ok","클릭 가능","screenshots/screens/117-product-products-edit.png"
"117","상품관리","상품 수정","/products/edit","3","신규","button","active","ok","클릭 가능","screenshots/screens/117-product-products-edit.png"
"117","상품관리","상품 수정","/products/edit","4","등록","button","active","ok","클릭 가능","screenshots/screens/117-product-products-edit.png"
"117","상품관리","상품 수정","/products/edit","5","종료","button","active","ok","클릭 가능","screenshots/screens/117-product-products-edit.png"
"118","상품관리","할인 설정","/discount-settings","1","할인 추가","button","active","ok","클릭 가능","screenshots/screens/118-product-discount-settings.png"
"118","상품관리","할인 설정","/discount-settings","2","수정","button","active","ok","클릭 가능","screenshots/screens/118-product-discount-settings.png"
"118","상품관리","할인 설정","/discount-settings","3","삭제","button","active","ok","클릭 가능","screenshots/screens/118-product-discount-settings.png"
"118","상품관리","할인 설정","/discount-settings","4","수정","button","active","ok","클릭 가능","screenshots/screens/118-product-discount-settings.png"
"118","상품관리","할인 설정","/discount-settings","5","삭제","button","active","ok","클릭 가능","screenshots/screens/118-product-discount-settings.png"
"118","상품관리","할인 설정","/discount-settings","6","수정","button","active","ok","클릭 가능","screenshots/screens/118-product-discount-settings.png"
"118","상품관리","할인 설정","/discount-settings","7","삭제","button","active","ok","클릭 가능","screenshots/screens/118-product-discount-settings.png"
"118","상품관리","할인 설정","/discount-settings","8","수정","button","active","ok","클릭 가능","screenshots/screens/118-product-discount-settings.png"
"118","상품관리","할인 설정","/discount-settings","9","삭제","button","active","ok","클릭 가능","screenshots/screens/118-product-discount-settings.png"
"118","상품관리","할인 설정","/discount-settings","10","수정","button","active","ok","클릭 가능","screenshots/screens/118-product-discount-settings.png"
"118","상품관리","할인 설정","/discount-settings","11","삭제","button","active","ok","클릭 가능","screenshots/screens/118-product-discount-settings.png"
"118","상품관리","할인 설정","/discount-settings","12","button#12","button","disabled","disabled","비활성 상태","screenshots/screens/118-product-discount-settings.png"
"118","상품관리","할인 설정","/discount-settings","13","1","button","active","ok","클릭 가능","screenshots/screens/118-product-discount-settings.png"
"118","상품관리","할인 설정","/discount-settings","14","button#14","button","disabled","disabled","비활성 상태","screenshots/screens/118-product-discount-settings.png"
"119","상품관리","상품 목록","/products","1","상품 목록","button","active","ok","클릭 가능","screenshots/screens/119-product-products.png"
"119","상품관리","상품 목록","/products","2","분류 관리","button","active","ok","클릭 가능","screenshots/screens/119-product-products.png"
"119","상품관리","상품 목록","/products","3","전 지점 배포","button","active","ok","클릭 가능","screenshots/screens/119-product-products.png"
"119","상품관리","상품 목록","/products","4","상품 등록","button","active","ok","클릭 가능","screenshots/screens/119-product-products.png"
"119","상품관리","상품 목록","/products","5","Excel","button","active","ok","클릭 가능","screenshots/screens/119-product-products.png"
"119","상품관리","상품 목록","/products","6","전체 31","button","active","ok","클릭 가능","screenshots/screens/119-product-products.png"
"119","상품관리","상품 목록","/products","7","회원권 4","button","active","ok","클릭 가능","screenshots/screens/119-product-products.png"
"119","상품관리","상품 목록","/products","8","수강권 9","button","active","ok","클릭 가능","screenshots/screens/119-product-products.png"
"119","상품관리","상품 목록","/products","9","대여권 2","button","active","ok","클릭 가능","screenshots/screens/119-product-products.png"
"119","상품관리","상품 목록","/products","10","일반 16","button","active","ok","클릭 가능","screenshots/screens/119-product-products.png"
"119","상품관리","상품 목록","/products","11","전체","button","active","ok","클릭 가능","screenshots/screens/119-product-products.png"
"119","상품관리","상품 목록","/products","12","골프 상품1","button","active","ok","클릭 가능","screenshots/screens/119-product-products.png"
"119","상품관리","상품 목록","/products","13","PT 패키지5","button","active","ok","클릭 가능","screenshots/screens/119-product-products.png"
"119","상품관리","상품 목록","/products","14","이용권 패키지8","button","active","ok","클릭 가능","screenshots/screens/119-product-products.png"
"119","상품관리","상품 목록","/products","15","GX 패키지8","button","active","ok","클릭 가능","screenshots/screens/119-product-products.png"
"119","상품관리","상품 목록","/products","16","바디프로필 패키지1","button","active","ok","클릭 가능","screenshots/screens/119-product-products.png"
"119","상품관리","상품 목록","/products","17","기타8","button","active","ok","클릭 가능","screenshots/screens/119-product-products.png"
"119","상품관리","상품 목록","/products","18","전체","button","active","ok","클릭 가능","screenshots/screens/119-product-products.png"
"119","상품관리","상품 목록","/products","19","헬스","button","active","ok","클릭 가능","screenshots/screens/119-product-products.png"
"119","상품관리","상품 목록","/products","20","필라테스","button","active","ok","클릭 가능","screenshots/screens/119-product-products.png"
"119","상품관리","상품 목록","/products","21","요가","button","active","ok","클릭 가능","screenshots/screens/119-product-products.png"
"119","상품관리","상품 목록","/products","22","수영","button","active","ok","클릭 가능","screenshots/screens/119-product-products.png"
"119","상품관리","상품 목록","/products","23","복싱","button","active","ok","클릭 가능","screenshots/screens/119-product-products.png"
"119","상품관리","상품 목록","/products","24","크로스핏","button","active","ok","클릭 가능","screenshots/screens/119-product-products.png"
"119","상품관리","상품 목록","/products","25","기타","button","active","ok","클릭 가능","screenshots/screens/119-product-products.png"
"120","상품관리","상품 비교","/products/compare","1","seed 갱신","button","active","ok","클릭 가능","screenshots/screens/120-product-products-compare.png"
"121","상품관리","상품 카탈로그","/products/catalog","1","seed 갱신","button","active","ok","클릭 가능","screenshots/screens/121-product-products-catalog.png"
"121","상품관리","상품 카탈로그","/products/catalog","2","PDF 내보내기","button","active","ok","클릭 가능","screenshots/screens/121-product-products-catalog.png"
"121","상품관리","상품 카탈로그","/products/catalog","3","전체","button","active","ok","클릭 가능","screenshots/screens/121-product-products-catalog.png"
"121","상품관리","상품 카탈로그","/products/catalog","4","PT","button","active","ok","클릭 가능","screenshots/screens/121-product-products-catalog.png"
"121","상품관리","상품 카탈로그","/products/catalog","5","이용권","button","active","ok","클릭 가능","screenshots/screens/121-product-products-catalog.png"
"121","상품관리","상품 카탈로그","/products/catalog","6","GX","button","active","ok","클릭 가능","screenshots/screens/121-product-products-catalog.png"
"121","상품관리","상품 카탈로그","/products/catalog","7","button#7","button","active","ok","클릭 가능","screenshots/screens/121-product-products-catalog.png"
"121","상품관리","상품 카탈로그","/products/catalog","8","button#8","button","active","ok","클릭 가능","screenshots/screens/121-product-products-catalog.png"
"122","상품관리","시즌 가격 관리","/products/seasonal-price","1","seed 갱신","button","active","ok","클릭 가능","screenshots/screens/122-product-products-seasonal-price.png"
"122","상품관리","시즌 가격 관리","/products/seasonal-price","2","시즌 가격 추가","button","active","ok","클릭 가능","screenshots/screens/122-product-products-seasonal-price.png"
"122","상품관리","시즌 가격 관리","/products/seasonal-price","3","button#3","button","active","ok","클릭 가능","screenshots/screens/122-product-products-seasonal-price.png"
"122","상품관리","시즌 가격 관리","/products/seasonal-price","4","button#4","button","active","ok","클릭 가능","screenshots/screens/122-product-products-seasonal-price.png"
"122","상품관리","시즌 가격 관리","/products/seasonal-price","5","button#5","button","active","ok","클릭 가능","screenshots/screens/122-product-products-seasonal-price.png"
"122","상품관리","시즌 가격 관리","/products/seasonal-price","6","button#6","button","active","ok","클릭 가능","screenshots/screens/122-product-products-seasonal-price.png"
"122","상품관리","시즌 가격 관리","/products/seasonal-price","7","button#7","button","active","ok","클릭 가능","screenshots/screens/122-product-products-seasonal-price.png"
"122","상품관리","시즌 가격 관리","/products/seasonal-price","8","button#8","button","active","ok","클릭 가능","screenshots/screens/122-product-products-seasonal-price.png"
"122","상품관리","시즌 가격 관리","/products/seasonal-price","9","button#9","button","active","ok","클릭 가능","screenshots/screens/122-product-products-seasonal-price.png"
"122","상품관리","시즌 가격 관리","/products/seasonal-price","10","button#10","button","active","ok","클릭 가능","screenshots/screens/122-product-products-seasonal-price.png"
"123","상품관리","재고 관리","/products/inventory","1","seed 갱신","button","active","ok","클릭 가능","screenshots/screens/123-product-products-inventory.png"
"123","상품관리","재고 관리","/products/inventory","2","입고 등록","button","active","ok","클릭 가능","screenshots/screens/123-product-products-inventory.png"
"123","상품관리","재고 관리","/products/inventory","3","재고현황","button","active","ok","클릭 가능","screenshots/screens/123-product-products-inventory.png"
"123","상품관리","재고 관리","/products/inventory","4","입출고이력","button","active","ok","클릭 가능","screenshots/screens/123-product-products-inventory.png"